Kategori_Pencarian,Posisi,Perusahaan,Lokasi,Link
data-scientist,CRM and Supply Chain Data Scientist,PT Balarama Prajakarsaka Indonesia,Indragiri Hilir,https://id.jobstreet.com/id/job/92216448?type=standard&ref=search-standalone&origin=cardTitle#sol=fcfbcfc5d0bb420164069447a26253f55e9407e5
data-scientist,Data Analyst,Brilliant Think Center,Ciputat Timur,https://id.jobstreet.com/id/job/92203280?type=standard&ref=search-standalone&origin=cardTitle#sol=45389093f6078bd02b1421ed9f20d09aa67f7628
data-scientist,Data Scientist,PT Sharing Vision Indonesia,Jakarta Pusat,https://id.jobstreet.com/id/job/92033644?type=standard&ref=search-standalone&origin=cardTitle#sol=40f0900eee3eb556f1979d148657e51c1e48d74d
data-scientist,DATA ANALYST,PT Mitra Saruta Indonesia,Surabaya,https://id.jobstreet.com/id/job/91735710?type=standard&ref=search-standalone&origin=cardTitle#sol=5d6a2f1c4b05aa4941047fadb2751d9e7635bdae
data-scientist,Staff Data Analyst,PT Mensana Aneka Satwa,Bekasi,https://id.jobstreet.com/id/job/92027787?type=standard&ref=search-standalone&origin=cardTitle#sol=6d76f116e4b30ac4d2c3c3fa43162a0b97fd7f1f
data-scientist,Data Engineer,TUNTUN SEKURITAS INDONESIA,Jakarta Utara,https://id.jobstreet.com/id/job/92218017?type=standard&ref=search-standalone&origin=cardTitle#sol=14cde2b58e523c352d9dcfb7409defdf4fa19e97
data-scientist,Data Scientist Intern,PT GOTO GOJEK TOKOPEDIA TBK,Jakarta Raya,https://id.jobstreet.com/id/job/91924068?type=standard&ref=search-standalone&origin=cardTitle#sol=369e27e55d3102048fd3d7093264326ea814d822
data-scientist,IT Quality & Data Integrity Officer,PT. Kalbio Global Medika,Cikarang Pusat,https://id.jobstreet.com/id/job/92221748?type=standard&ref=search-standalone&origin=cardTitle#sol=8135a8236220cfef4b052c4b4e8e64d2d17b5577
data-scientist,Supervisor Data Analyst,PT Indako Trading Coy,Sumatera Utara,https://id.jobstreet.com/id/job/92061067?type=standard&ref=search-standalone&origin=cardTitle#sol=d9c8e50c78c599935ea406bab0f2ff00420e50ec
data-scientist,Data Analyst Revenue Staff,Taman Safari Indonesia,Bogor,https://id.jobstreet.com/id/job/92152253?type=standard&ref=search-standalone&origin=cardTitle#sol=b01f77a59235a7e685796ea899702d61779c45fa
data-scientist,Data Scientist,PT. Berca Hardayaperkasa,Jakarta Pusat,https://id.jobstreet.com/id/job/91585412?type=standard&ref=search-standalone&origin=cardTitle#sol=7b21e804aa2c317d642e8f55bd935b7f046bd5a3
data-scientist,Analyst Laboratorium (operator),Pengiklan Anonim,Purwakarta,https://id.jobstreet.com/id/job/91692400?type=standard&ref=search-standalone&origin=cardTitle#sol=dd5cf208978ece02b5d33ae874c400a043f75996
data-scientist,Unit Head – Batch Data Engineering,"PT Bank Permata, Tbk",Tangerang Selatan,https://id.jobstreet.com/id/job/92203151?type=standard&ref=search-standalone&origin=cardTitle#sol=3d170501f42f651d5694f58ec47732a7787f0f04
data-scientist,Junior Data Scientist,PT Akulaku Silvrr Indonesia,Jakarta Pusat,https://id.jobstreet.com/id/job/92064964?type=standard&ref=search-standalone&origin=cardTitle#sol=45ff26ba7558ffb7ec282817920e269a3fa1440c
data-scientist,Data Science & Portfolio Manager,PT Sejahtera Sama Kita,Jakarta Raya,https://id.jobstreet.com/id/job/92175888?type=standard&ref=search-standalone&origin=cardTitle#sol=269ef2c1f7bc7d2f27e142e9e5160a86d566885a
data-scientist,Data Scientist,PT Eka Jaya Internasional,Tangerang Selatan,https://id.jobstreet.com/id/job/91695817?type=standard&ref=search-standalone&origin=cardTitle#sol=9754abb328e5373669d9f3920e8f4c8fdf18dcd9
data-scientist,Data Analyst,PT Bersaudara Inti Corpora,Jakarta Barat,https://id.jobstreet.com/id/job/92028378?type=standard&ref=search-standalone&origin=cardTitle#sol=2f893ee2505198a3ddec5d4d92f0f7cab38ec6ad
data-scientist,Data Engineer,Pengiklan Anonim,Jakarta Raya,https://id.jobstreet.com/id/job/92193038?type=standard&ref=search-standalone&origin=cardTitle#sol=5b5f6ea3bf2d9e90a642d4ed1af1e3d491d713c7
data-scientist,Data Analyst,Pengiklan Anonim,Jakarta Selatan,https://id.jobstreet.com/id/job/92210221?type=standard&ref=search-standalone&origin=cardTitle#sol=29bd3517d73910c31ce61a8ac5b82da68a23c0f5
data-scientist,Product Analyst,PT Tjitra Selaras Sampoerno,Jakarta Barat,https://id.jobstreet.com/id/job/92067699?type=standard&ref=search-standalone&origin=cardTitle#sol=7b398196915fc69c891d1f21d93a607341910ff9
data-scientist,Growth Analyst,Jago Coffee,Jakarta Pusat,https://id.jobstreet.com/id/job/92176703?type=standard&ref=search-standalone&origin=cardTitle#sol=4602b758a40952bf5cdabfedcd445fb12bacd9e7
data-scientist,Data & Project Support Section Head,PT Depoguna Bangunan Online,Jakarta Pusat,https://id.jobstreet.com/id/job/92193136?type=standard&ref=search-standalone&origin=cardTitle#sol=ed012ed525ab87f26296ff0da7b8bb1c2169a739
data-scientist,Data Analyst,Jago Coffee,Jakarta Pusat,https://id.jobstreet.com/id/job/92092798?type=standard&ref=search-standalone&origin=cardTitle#sol=73ec1fbd2df69d8b4083b30568b3b62cc0ccd515
data-scientist,Specialist AI Data Governance,"PT Bank Permata, Tbk",Tangerang Selatan,https://id.jobstreet.com/id/job/92202969?type=standard&ref=search-standalone&origin=cardTitle#sol=985af00f48b4d178c23b574106ed812f9e60d786
data-scientist,Data Analyst - Cost Management Logistik,PT JET TRANSPORT SERVICES,Jakarta Raya,https://id.jobstreet.com/id/job/91693037?type=standard&ref=search-standalone&origin=cardTitle#sol=4d4445b22e4b803416008946eb820663c2b2712e
data-scientist,AI Engineer,TUNTUN SEKURITAS INDONESIA,Jakarta Utara,https://id.jobstreet.com/id/job/92217979?type=standard&ref=search-standalone&origin=cardTitle#sol=56be267d46dc2c2c4f8068462852f1d136160ab4
data-scientist,Senior Data Scientist (Analytics) - Grab Financial Services,PT Solusi Transportasi Indonesia,Kebayoran Lama,https://id.jobstreet.com/id/job/91402368?type=standard&ref=search-standalone&origin=cardTitle#sol=f85a72cd0025e2b31c7ab168e1b0bba365d5b775
data-scientist,Data Scientist,MEDITAP,Tangerang,https://id.jobstreet.com/id/job/91765554?type=standard&ref=search-standalone&origin=cardTitle#sol=f2a7ecf1d934eb792eeef587c275ddc8f93302b9
data-scientist,Document Controller,Datalec Precision Installations Pte Ltd,Batam,https://id.jobstreet.com/id/job/91862819?type=standard&ref=search-standalone&origin=cardTitle#sol=8ebab751ee39f0b06af4825383168b34db130dfc
data-scientist,Data Engineer,PT Data Labs Analytics,Jakarta Pusat,https://id.jobstreet.com/id/job/92223379?type=standard&ref=search-standalone&origin=cardTitle#sol=dbc54b8ce58044d88d1beb176529f890ebd29f46
data-scientist,Data Warehouse and Reporting Specialist,PT Bina Karya Prima,Jakarta Utara,https://id.jobstreet.com/id/job/91991590?type=standard&ref=search-standalone&origin=cardTitle#sol=0c83ac866731dd5018a508c36b7f8faea048d864
data-scientist,Senior Data Scientist (Analytics) - GFin,PT Solusi Transportasi Indonesia,Kebayoran Lama,https://id.jobstreet.com/id/job/91595491?type=standard&ref=search-standalone&origin=cardTitle#sol=e36b9f8dee6dc4d8e79aa5809694e7823b01e4d6
data-scientist,Business Analyst,PT Provalindo Nusa,Jakarta Selatan,https://id.jobstreet.com/id/job/92004117?type=standard&ref=search-standalone&origin=cardTitle#sol=50a80524882a81645744c401d8877d0f5e2a09b0
data-scientist,Data Engineer,PT Sigmantara Alfindo,Tangerang,https://id.jobstreet.com/id/job/92200793?type=standard&ref=search-standalone&origin=cardTitle#sol=b57df01c39f2122014116c2cb0802351266923bc
data-scientist,Data Process Lead,Cargill Tropical Palm,Jakarta Pusat,https://id.jobstreet.com/id/job/92090078?type=standard&ref=search-standalone&origin=cardTitle#sol=d48ca0669efa968e050ffb4dfd12e236f0c732a6
data-scientist,Junior Analyst (Project),sns.ac,Tangerang Selatan,https://id.jobstreet.com/id/job/91682050?type=standard&ref=search-standalone&origin=cardTitle#sol=efa5b27015886be6491c0e247cc021b7aab35dcd
data-scientist,Sistem Analis,PT BANGUNPERKASA  ADHITAMASENTRA,Jakarta Barat,https://id.jobstreet.com/id/job/92218218?type=standard&ref=search-standalone&origin=cardTitle#sol=31fe470b28472b7e8698b3172c8c4101f734854f
data-scientist,Data Protection Officer,PT PERMODALAN NASIONAL MADANI,Jakarta Selatan,https://id.jobstreet.com/id/job/91780910?type=standard&ref=search-standalone&origin=cardTitle#sol=4ae90548ccd2f2c915e234e316daa6d735202a9d
data-scientist,Staff AI Operation Engineer,PT Industrial Multi Fan,Jakarta Utara,https://id.jobstreet.com/id/job/92206377?type=standard&ref=search-standalone&origin=cardTitle#sol=6eae00a07cee7c3ecfd814a319a26d0b417b68e2
data-scientist,DATA CENTER ENGINEER,PT Advanced Power Tech,Jakarta Utara,https://id.jobstreet.com/id/job/91700965?type=standard&ref=search-standalone&origin=cardTitle#sol=0f412f1f082373c8ffe612fa1041ec2d5e92dc9f
data-scientist,Associate Data Planning Analyst,PT Indocater,Jakarta Raya,https://id.jobstreet.com/id/job/92079700?type=standard&ref=search-standalone&origin=cardTitle#sol=ad2f76d7aa302a00e57e5b130c2b4cbe1d0e9b2f
data-scientist,Marketing Intelligence Staff,Yayasan Bina Nusantara,Jakarta Barat,https://id.jobstreet.com/id/job/92231065?type=standard&ref=search-standalone&origin=cardTitle#sol=9bb1615aad1c8691ba1147a624f032c4c8f7ba9f
data-scientist,Business Analyst,PT Mitra Andal Sejati,Jakarta Raya,https://id.jobstreet.com/id/job/92087049?type=standard&ref=search-standalone&origin=cardTitle#sol=db7ec6b1a018b2bddc8bc5b596d401dad732fdba
data-scientist,Data Engineer,Beyondtech,Jakarta Barat,https://id.jobstreet.com/id/job/92206456?type=standard&ref=search-standalone&origin=cardTitle#sol=01428756d5579b9092ed0c302138b6f31b50cea1
data-scientist,Senior Data Engineer,PT Sentra Vidya Utama,Surabaya,https://id.jobstreet.com/id/job/92199079?type=standard&ref=search-standalone&origin=cardTitle#sol=f1aa41ee58b541ff3b83148b9d8f26bb75940af5
data-scientist,PMO Administrator,Datalec Precision Installations Pte Ltd,Batam,https://id.jobstreet.com/id/job/92094511?type=standard&ref=search-standalone&origin=cardTitle#sol=994e74018bf43c5486d79d9374354601385eedfd
data-scientist,Master Data Engineer (Analyst),Abrihet Teknobalhar Informa,Surabaya,https://id.jobstreet.com/id/job/92028957?type=standard&ref=search-standalone&origin=cardTitle#sol=e91c0fa37f658213c7fa9336f00701328b3bb254
data-scientist,"Interns (Data Analyst Intern, Digital Media Intern, IT Intern)",PT Himalaya Wellness Indonesia,Kelapa Gading,https://id.jobstreet.com/id/job/92103621?type=standard&ref=search-standalone&origin=cardTitle#sol=8ff415f72ca51b44da02f872c82cef375acf956f
data-scientist,DATA ANALYST OFFICER,PT Indocipta Wisesa,Semarang,https://id.jobstreet.com/id/job/91920034?type=standard&ref=search-standalone&origin=cardTitle#sol=2551860ad925ef50a8ab99a9b18e0937c54eee83
data-scientist,Data Analyst Staff (Bali Jakarta Surabaya),PT Pantja Artha Niaga,Bali,https://id.jobstreet.com/id/job/92203412?type=standard&ref=search-standalone&origin=cardTitle#sol=36798f5466d0799c2ac3aff27b5f542113b284dc
data-scientist,Data Analyst (Retail Groceries),PT. LIPPO KARAWACI TBK,Tangerang,https://id.jobstreet.com/id/job/92181007?type=standard&ref=search-standalone&origin=cardTitle#sol=2f3f7af6535568492121d71cc786c940fc1afdff
data-scientist,Data Analyst,PT LANGGENG SUKSES ABADI TEKHNOLOGI,Jakarta Utara,https://id.jobstreet.com/id/job/92192535?type=standard&ref=search-standalone&origin=cardTitle#sol=2aac08f36836c9c0f4ef1aa8827fc9f7646fe0f6
data-scientist,DATA ANALYST,PT Karya Anugerah Jaya,Sidoarjo,https://id.jobstreet.com/id/job/91910613?type=standard&ref=search-standalone&origin=cardTitle#sol=3e280a27aae02715f546a5d52399f37bfba0b31c
data-scientist,Data Engineer (Contract 12 Months),"PT ZURICH ASURANSI INDONESIA, Tbk",Jakarta Selatan,https://id.jobstreet.com/id/job/91791657?type=standard&ref=search-standalone&origin=cardTitle#sol=b2ae5aa61c63b86170ee224c709e8fecfbf07460
data-scientist,Data Entry,PT Daya Karsa Abadi,Jakarta Raya,https://id.jobstreet.com/id/job/91992489?type=standard&ref=search-standalone&origin=cardTitle#sol=2019541be5288b8682f73e6401433a0f0d6a894e
data-scientist,AI Engineer,PT Digdaya Duta Digital,Setiabudi,https://id.jobstreet.com/id/job/91610319?type=standard&ref=search-standalone&origin=cardTitle#sol=6fc67b821374b018b6dd71e52e1a12f467aa17a3
data-scientist,SEO Analyst,OLX Indonesia,Jakarta Selatan,https://id.jobstreet.com/id/job/91648938?type=standard&ref=search-standalone&origin=cardTitle#sol=f2a5bfef9132ebd71b893b65b42c0d52d2c6a3c0
data-scientist,Data Analyst,PT Nusantara Sakti Group (JAKARTA),Jakarta Barat,https://id.jobstreet.com/id/job/91783675?type=standard&ref=search-standalone&origin=cardTitle#sol=b82d6a1dc57372fb31a731f2c4128a53a82dc402
data-scientist,Presales - IT Server and Cloud,PT Network Data Sistem,Jakarta Selatan,https://id.jobstreet.com/id/job/91647812?type=standard&ref=search-standalone&origin=cardTitle#sol=9235ee26dc807053cf5fb9e35a1827e014e8bb22
data-scientist,Finance Data Analyst,PT Propan Raya Industrial Coating Chemicals,Tangerang,https://id.jobstreet.com/id/job/92165466?type=standard&ref=search-standalone&origin=cardTitle#sol=f6ba1355060a2d1eb12f1d6bc0a47d554ba0168b
data-scientist,Data Analyst Staff,PT Asuransi Umum Bumiputera Muda 1967,Jakarta Raya,https://id.jobstreet.com/id/job/91806673?type=standard&ref=search-standalone&origin=cardTitle#sol=954515de0b68fce972ca21dcfeec2c71ddbe7ef3
data-scientist,Data Implementor,PT Pratesis,Jakarta Selatan,https://id.jobstreet.com/id/job/91766204?type=standard&ref=search-standalone&origin=cardTitle#sol=f48c2c16cf09744324a8f150d0d3439f6c91149d
data-scientist,Full Stack Developer (Python),Engine Room Global Pte Ltd.,Jakarta Selatan,https://id.jobstreet.com/id/job/91842732?type=standard&ref=search-standalone&origin=cardTitle#sol=914601fc39b9779ddc3b121661cc4233d2295200
data-scientist,Business Analyst Intern,PT Upartners Sukses Bersama,Jakarta Barat,https://id.jobstreet.com/id/job/92166197?type=standard&ref=search-standalone&origin=cardTitle#sol=20a0f16d829c038ab3b979a077ad37f505848075
data-scientist,Admin Distribusi (Data Analis),PT Sentralsari Primasentosa,Gedangan,https://id.jobstreet.com/id/job/91937056?type=standard&ref=search-standalone&origin=cardTitle#sol=4220b7f3986abc9e96244ef160d0cc82a42b3c79
data-scientist,Asst Marketing Data & Insight Manager,Kawan Lama Group,Jakarta Raya,https://id.jobstreet.com/id/job/92211957?type=standard&ref=search-standalone&origin=cardTitle#sol=7a03d018d142a4600012d30ad3b3501157058153
data-scientist,Product Manager – Consumer Tech & E-Commerce Monetization,PT S D Indonesia (Streetdirectory),Jakarta Pusat,https://id.jobstreet.com/id/job/92217239?type=standard&ref=search-standalone&origin=cardTitle#sol=28477426ff4f1b835c204d3e3575fbe2c974a92f
data-scientist,Data Lead,PT Haju Medical Indonesia,Jakarta Selatan,https://id.jobstreet.com/id/job/92164597?type=standard&ref=search-standalone&origin=cardTitle#sol=b6fd0b63849b0587a0768b6802dd8267678becb0
data-scientist,Data Analyst,Pengiklan Anonim,Bandung,https://id.jobstreet.com/id/job/91924415?type=standard&ref=search-standalone&origin=cardTitle#sol=c475a75cfa6fb937f907a6118a51f4bd8986f5d5
data-scientist,Full-Stack Data Engineer (Fleet),PRIMA GROUP,Tangerang,https://id.jobstreet.com/id/job/91624812?type=standard&ref=search-standalone&origin=cardTitle#sol=8d4e7d9dee5feaa09a99f63b13ebc75ad5628e60
data-scientist,Mine Analyst,PT. Berkat Maritim Abadi,Barito Utara,https://id.jobstreet.com/id/job/91812397?type=standard&ref=search-standalone&origin=cardTitle#sol=4f36b659478ed74e0878e7af700e55f1e2dc4b59
data-scientist,Data Analyst,PT Rsystems Ibizcs International,Jakarta Utara,https://id.jobstreet.com/id/job/91725598?type=standard&ref=search-standalone&origin=cardTitle#sol=fb05177eb0d40d3995b4191a2f8bfeb38a412824
data-scientist,Database Administrator,PT Karisma Zona Kreatifku,Jakarta Raya,https://id.jobstreet.com/id/job/92092921?type=standard&ref=search-standalone&origin=cardTitle#sol=9371025e4973513e2c4ba2e4be3e4c4bfa9515a1
data-scientist,IT Manager (Enterprise Systems & Data),CV Unitech Indonesia,Jawa Timur,https://id.jobstreet.com/id/job/92052220?type=standard&ref=search-standalone&origin=cardTitle#sol=8d9b46f35fcfb113573499aac8c9002756afe8f2
data-scientist,Database Engineer,PT. Circleka Indonesia Utama,Jakarta Timur,https://id.jobstreet.com/id/job/92163059?type=standard&ref=search-standalone&origin=cardTitle#sol=536aa736b29c5888731ac2609c9e133a1b90bd09
data-scientist,Data Analyst Staff,Orang Tua Group,Jakarta Raya,https://id.jobstreet.com/id/job/92094201?type=standard&ref=search-standalone&origin=cardTitle#sol=49bc0d249e2744cc4be4f9bcf08233208722e19b
data-scientist,AI Engineer,AME Mineral Economics Pty Ltd,Jakarta Selatan,https://id.jobstreet.com/id/job/91724919?type=standard&ref=search-standalone&origin=cardTitle#sol=a657f0466b3ede245396107f504f4c3f5094aae0
data-scientist,Program Analyst – SQL & Reporting,PT AMC Bintan,Bintan,https://id.jobstreet.com/id/job/92203739?type=standard&ref=search-standalone&origin=cardTitle#sol=1550061fd0981ba3545c7a5ac3742fcb0aa4bbe5
data-scientist,Admin Operasional & Sistem,PT. Sinergi Innovate Pratama,Jakarta Selatan,https://id.jobstreet.com/id/job/91671820?type=standard&ref=search-standalone&origin=cardTitle#sol=2df8c67c436b2a96fcc9060829b0f9bd226a1405
data-scientist,Data Engineer (ETL),PT Lawencon Internasional,Jakarta Selatan,https://id.jobstreet.com/id/job/92180945?type=standard&ref=search-standalone&origin=cardTitle#sol=0d67047c41e8c94bf0b6db20275fd117395a77c8
data-scientist,Agronomy Data Analyst,PT. TIGADAUN KAPUAS,Jakarta Raya,https://id.jobstreet.com/id/job/91411303?type=standard&ref=search-standalone&origin=cardTitle#sol=917046f4c3060ca9a3d54cf3883d2a58ccd019bd
data-scientist,Data Engineer,PT Digdaya Duta Digital,Setiabudi,https://id.jobstreet.com/id/job/91610707?type=standard&ref=search-standalone&origin=cardTitle#sol=29542b3089f572174998042d5a668825f6fa5a7c
data-scientist,Sr. Resource Geologist GC,PT Masmindo Dwi Area,Luwu,https://id.jobstreet.com/id/job/92057504?type=standard&ref=search-standalone&origin=cardTitle#sol=46e74a01e36405963a85b55840b8179280cdbd00
data-scientist,"MYP AI, Coding & Digital Curriculum Specialist (ICT) - BINUS SCHOOL Simprug",Yayasan Bina Nusantara,Jakarta Selatan,https://id.jobstreet.com/id/job/92220581?type=standard&ref=search-standalone&origin=cardTitle#sol=a9bc392cf160e94fd821e0e8b461736e8491493c
data-scientist,Data Analyst Intern,PT Sejahtera Sama Kita,Jakarta Raya,https://id.jobstreet.com/id/job/92155588?type=standard&ref=search-standalone&origin=cardTitle#sol=1d84510dfe941f93c55f731eb1b4c56c63badee6
data-scientist,Digital Business Data Analyst,"PT. BFI FINANCE INDONESIA, Tbk",Kecamatan Tangerang,https://id.jobstreet.com/id/job/92178469?type=standard&ref=search-standalone&origin=cardTitle#sol=85a8a624d97ab4f76f0f729eabe45f8f6a36a0c5
data-scientist,Data Analytic (Tableau),PT Lawencon Internasional,Jakarta Selatan,https://id.jobstreet.com/id/job/91627018?type=standard&ref=search-standalone&origin=cardTitle#sol=7cc57bfe18f0a5b81cd1f6d8849a401a324d1d47
data-scientist,DATA ANALYST,PT Bringin Jati Indah,Semarang,https://id.jobstreet.com/id/job/91988557?type=standard&ref=search-standalone&origin=cardTitle#sol=fed5d5e8fbbbdadb7d92cff43b58e80917422f74
data-scientist,Lead Engineer,PT Digdaya Duta Digital,Setiabudi,https://id.jobstreet.com/id/job/91609710?type=standard&ref=search-standalone&origin=cardTitle#sol=3691ed632e7a423d1cb4eefab1a3ff6de236178e
data-scientist,Market Analyst Staff,PT Aion Indomobil Distribution Indonesia,Jakarta Raya,https://id.jobstreet.com/id/job/92054876?type=standard&ref=search-standalone&origin=cardTitle#sol=55ce108bd6a7c4a879679512830f3f2a17d6625e
data-scientist,INTELLIGENCE AND INVESTIGATION,PT Trans Dana Profitri,Jakarta Selatan,https://id.jobstreet.com/id/job/91923480?type=standard&ref=search-standalone&origin=cardTitle#sol=feb8c3239e505f1c2c2f472fe6bf22509569d00e
data-scientist,AI & Automation Specialist - Corporate Pollux Group,PT Mega Kuningan Pinnacle,Jakarta Selatan,https://id.jobstreet.com/id/job/92164733?type=standard&ref=search-standalone&origin=cardTitle#sol=5d5bf8ede5adc043a434b2f451c50812dca07097
data-scientist,GM of Sales - Diagnostic & Measurement,PT Trust Recruit Indonesia,Tangerang Selatan,https://id.jobstreet.com/id/job/92177636?type=standard&ref=search-standalone&origin=cardTitle#sol=0e7ed217ca99c5d061b60a6b7dc5933ec6caaf57
data-scientist,Integrated Pest Management Associate Scientist,PT Mars Symbioscience Indonesia,Pangkajene Kepulauan,https://id.jobstreet.com/id/job/91698554?type=standard&ref=search-standalone&origin=cardTitle#sol=2d9200263163dccadc379b9b37818983afabd6c2
data-scientist,Data Analyst Supervisor,Thamrin Group,Palembang,https://id.jobstreet.com/id/job/91934650?type=standard&ref=search-standalone&origin=cardTitle#sol=045f13ce71de0d98cf087c3e4be24a674d942c4f
data-scientist,Database Administrator,PT Data Integrasi Inovasi,Tangerang,https://id.jobstreet.com/id/job/91818996?type=standard&ref=search-standalone&origin=cardTitle#sol=ddb7fcac7068dbf26611a5ba60c1d944ecc234b7
data-scientist,Data Engineer,PT Anggana Catur Prima,Jakarta Raya,https://id.jobstreet.com/id/job/91714826?type=standard&ref=search-standalone&origin=cardTitle#sol=1edf2645ed0df382fe5007679ef5f9e5006d986b
data-scientist,Data Engineer,PT Mitra Informatika,Surabaya,https://id.jobstreet.com/id/job/91907033?type=standard&ref=search-standalone&origin=cardTitle#sol=191087cabd1ef3d59ae5f6151ae54a529731fdb7
data-scientist,IT Data Internship,PT. Kalbe Farma Tbk. (International Division),Jakarta Timur,https://id.jobstreet.com/id/job/92010482?type=standard&ref=search-standalone&origin=cardTitle#sol=e3b0f5de8cd4eeeb05f56bc4a79d00ce07c7e8f0
data-scientist,Machine Learning Engineering Section Head,OLX Indonesia,Jakarta Selatan,https://id.jobstreet.com/id/job/91673562?type=standard&ref=search-standalone&origin=cardTitle#sol=00b93a8a1c42319037c5befccafeb18ff11994a5
data-scientist,Senior Machine Learning Engineer,Tetra Data Teknologi,Jakarta Pusat,https://id.jobstreet.com/id/job/91701420?type=standard&ref=search-standalone&origin=cardTitle#sol=cde6eb2901b38eb5e218e22c5668242ded97b69a
data-scientist,Senior Data Engineer,PT DAPUR SEHAT INDONESIA,Tangerang,https://id.jobstreet.com/id/job/91767618?type=standard&ref=search-standalone&origin=cardTitle#sol=51076c0ca677484213efa578bf0e4e7a01783e2d
data-scientist,Data Engineer Lead,Kawan Lama Group,Jakarta Raya,https://id.jobstreet.com/id/job/91795475?type=standard&ref=search-standalone&origin=cardTitle#sol=ad0563e57bd77d92fb97814e645da8210ec939eb
data-scientist,Senior Data Architect,Yayasan Bina Nusantara,Jakarta Raya,https://id.jobstreet.com/id/job/91846335?type=standard&ref=search-standalone&origin=cardTitle#sol=e3c40fc1f0d74f4720c497a634f2de6c3f1c4118
data-scientist,IT Finance Data & Analytics Partner,PT Bahari Eka Nusantara (Ben Line Agencies),Jakarta Raya,https://id.jobstreet.com/id/job/91705050?type=standard&ref=search-standalone&origin=cardTitle#sol=a7b01897f6cf4d5e0cf5ca6a9b2ccb51176d190c
data-scientist,ETL Pentaho Developer,PT. BUSINESS ECLOUD INDONESIA INFORMATION TECHNOLOGY,Jakarta Pusat,https://id.jobstreet.com/id/job/91662770?type=standard&ref=search-standalone&origin=cardTitle#sol=e9cdad4aea08a8e1c0be824eac2553ece8769783
data-scientist,Data Manager,PT Trinusa Travelindo,Kecamatan Tangerang,https://id.jobstreet.com/id/job/91236141?type=standard&ref=search-standalone&origin=cardTitle#sol=c00d2a04fc87c5889aa4f7f63d5010e4ecf5d2c2
data-scientist,Junior Project Manager – AI & Computer Vision,Pengiklan Anonim,Berau,https://id.jobstreet.com/id/job/92192571?type=standard&ref=search-standalone&origin=cardTitle#sol=f100be576bc9f994622f5a517a5fb058616243a0
data-scientist,Tencent Cloud- Big Data Migration Architect (Indonesia),PT Tencent Technology Indonesia,Jakarta Raya,https://id.jobstreet.com/id/job/91224313?type=standard&ref=search-standalone&origin=cardTitle#sol=97bb83a2950259cf38fc31ffc53b19ded6c22c4c
data-scientist,Deployment Strategist - Global AI Start Up,PT Michael Page Internasional Indonesia,Jakarta Raya,https://id.jobstreet.com/id/job/92041562?type=standard&ref=search-standalone&origin=cardTitle#sol=32b70c7a47007e37f48ec326eeaf115fddcd718a
data-scientist,Product Owner,PT Digdaya Duta Digital,Setiabudi,https://id.jobstreet.com/id/job/91687684?type=standard&ref=search-standalone&origin=cardTitle#sol=64c4dc60e0691c926b6d701a1af43a14042e087f
data-scientist,Mathematics,Prime One School,Medan,https://id.jobstreet.com/id/job/92023774?type=standard&ref=search-standalone&origin=cardTitle#sol=b530cfc2ede8f17049422982ad37bbfde7860a1a
data-scientist,Data Centre Solutions – Sales Manager,PT Advancednet Indonesia,Tangerang,https://id.jobstreet.com/id/job/92002920?type=standard&ref=search-standalone&origin=cardTitle#sol=a93e4af39a4d5d2cbd69eb44d2b1e57897b05c73
data-scientist,Timeliness Analyst (Mandarin Speaker),PT Global Yimi Cargo (J&T Cargo),Jakarta Utara,https://id.jobstreet.com/id/job/92166467?type=standard&ref=search-standalone&origin=cardTitle#sol=a7902b14c7a898143d1e0dbfaa21f007e04bf88f
data-scientist,Scrum Master,Steradian Data Optima,Jakarta Selatan,https://id.jobstreet.com/id/job/91624900?type=standard&ref=search-standalone&origin=cardTitle#sol=0647ca40ce6c3eed45d9e4d7e49ddcc561c63415
data-scientist,Data Engineer,PT Indocyber Global Teknologi,Jakarta Raya,https://id.jobstreet.com/id/job/91844498?type=standard&ref=search-standalone&origin=cardTitle#sol=eadf25884b62d276ad317b336934dae9714b606b
data-scientist,Data Engineer,PT Graha Karya Informasi,Jakarta Raya,https://id.jobstreet.com/id/job/92092041?type=standard&ref=search-standalone&origin=cardTitle#sol=85bae66ffb094f0b92b2cc09727c43debf1bb533
data-scientist,Data Analyst ( Mandarin Speaker),"PT Kirana Megatara, Tbk (Triputra Group)",Jakarta Selatan,https://id.jobstreet.com/id/job/91731281?type=standard&ref=search-standalone&origin=cardTitle#sol=347f6c1ca2b2860adccf83a39447e2187f5347f5
data-scientist,Data Engineer,PT Kencana Taraswin Indonesia,Jakarta Selatan,https://id.jobstreet.com/id/job/91945196?type=standard&ref=search-standalone&origin=cardTitle#sol=88c26908ae3963a79a001a70fed19a695dc80b65
data-scientist,"Cloud Consultant, Data Analytics, Google Cloud (Bahasa)",Google,Jakarta Raya,https://id.jobstreet.com/id/job/91947715?type=standard&ref=search-standalone&origin=cardTitle#sol=3e9ffcf0ea00cc60327b0589b55d5474d8c87a78
data-scientist,DATA ENGINEER STAFF,PT Sarwa Manggalla Raya,Jakarta Utara,https://id.jobstreet.com/id/job/92028809?type=standard&ref=search-standalone&origin=cardTitle#sol=f7a4e865d4adba0b2378c77d6e278fbfe2792e42
data-scientist,Data Engineer,PT IDStar Cipta Teknologi,Jakarta Raya,https://id.jobstreet.com/id/job/91788461?type=standard&ref=search-standalone&origin=cardTitle#sol=16f7bc670128cbb83db962de23f4e28756ea97ce
data-scientist,AI Engineer,Pengiklan Anonim,Jakarta Timur,https://id.jobstreet.com/id/job/91714406?type=standard&ref=search-standalone&origin=cardTitle#sol=723c13dbeb7273fa1ec1d12c8316e44240bfa022
data-scientist,AI Engineer,PT Graha Karya Informasi,Jakarta Pusat,https://id.jobstreet.com/id/job/91484065?type=standard&ref=search-standalone&origin=cardTitle#sol=c76f0b8b747e0e50962edcefb8bac16c3ab12c6c
data-scientist,Artificial Intelligence Engineer,PT Mitra Solusi Telematika,Cilandak,https://id.jobstreet.com/id/job/91350847?type=standard&ref=search-standalone&origin=cardTitle#sol=f35f91607fae04dd9cf4424b3042ee30038df34a
data-scientist,Data Analyst ( Head Level),Pengiklan Anonim,Denpasar Utara,https://id.jobstreet.com/id/job/91949840?type=standard&ref=search-standalone&origin=cardTitle#sol=71dc71c1fd16ec543f6f9d3414669ee6d28531e6
data-scientist,AI Engineer,ADR Group Of Companies (PT Selamat Sempurna Tbk.),Tangerang,https://id.jobstreet.com/id/job/91971264?type=standard&ref=search-standalone&origin=cardTitle#sol=e34c73cdfb392203ebe00a5ac9a243984309c428
data-scientist,Artificial Intellegence (AI) Specialist,PT Allure Alluminio,Kelapa Gading,https://id.jobstreet.com/id/job/91907888?type=standard&ref=search-standalone&origin=cardTitle#sol=bfef93b2fe7cdc547349f7e67e052acc93505c10
data-scientist,Data Engineer,Collaborative Excellence Indonesia,Surabaya,https://id.jobstreet.com/id/job/91628529?type=standard&ref=search-standalone&origin=cardTitle#sol=4385f6c875c816b54516279d3bfdb51d4a60f84f
data-scientist,AI Engineer,PT JELAJAH DATA SEMESTA,Jakarta Pusat,https://id.jobstreet.com/id/job/91766185?type=standard&ref=search-standalone&origin=cardTitle#sol=b325c99346e959baf30984876b074531d0f41ad9
data-scientist,Product Specialist,PT. Berca Hardayaperkasa,Jakarta Pusat,https://id.jobstreet.com/id/job/91373430?type=standard&ref=search-standalone&origin=cardTitle#sol=a98451ae2f874adba8c06c2847e5b67a12cbaab6
data-scientist,IT AI engineer - Medical Equipment - Jakarta (B-130289),RGF HR Agent Indonesia,Jakarta Utara,https://id.jobstreet.com/id/job/91944686?type=standard&ref=search-standalone&origin=cardTitle#sol=b9772804858fa2f6cc29b5603fddc56b879543bc
data-scientist,Python Developer - Django (Experienced),PT Hashmicro Solusi Indonesia,Jakarta Raya,https://id.jobstreet.com/id/job/91815155?type=standard&ref=search-standalone&origin=cardTitle#sol=5969b60f84ef6ac95b94871a32e4983a77aaa767
data-scientist,AI Engineer,PT ILOGO INFRALOGY,Kebon Jeruk,https://id.jobstreet.com/id/job/92062006?type=standard&ref=search-standalone&origin=cardTitle#sol=b0778829d59d7cab01882b34b484dc4983337876
data-scientist,AI Expert,PT Eka Jaya Internasional,Tangerang Selatan,https://id.jobstreet.com/id/job/91938649?type=standard&ref=search-standalone&origin=cardTitle#sol=14bbbbb1f06eebd5bf245eddd26467fcf15de5be
data-scientist,Data Engineer,Dorskin_id,Tangerang,https://id.jobstreet.com/id/job/91830715?type=standard&ref=search-standalone&origin=cardTitle#sol=ad9c54beffc75c7eeb9c288c478265903189693d
data-scientist,Brand Marketing Analyst,PT. Karya Nuansa Bahagia,Surabaya,https://id.jobstreet.com/id/job/91813475?type=standard&ref=search-standalone&origin=cardTitle#sol=c17b7f1e22828ab0343811dcfc9b98748a2dd0f7
data-scientist,AI Workflow Engineer (Developer),PT Sinar Jernih Suksesindo,Jakarta Raya,https://id.jobstreet.com/id/job/91680025?type=standard&ref=search-standalone&origin=cardTitle#sol=80805bb3596118447c195ebd3faad4747b039f98
data-scientist,Applied AI,COMBIPHAR Group,Jakarta Selatan,https://id.jobstreet.com/id/job/91666318?type=standard&ref=search-standalone&origin=cardTitle#sol=2a415b1f817c600920f1f0fa1d6de64b369f09df
data-scientist,Business Intelligence Engineer,PT Kencana Taraswin Indonesia,Jakarta Selatan,https://id.jobstreet.com/id/job/91946489?type=standard&ref=search-standalone&origin=cardTitle#sol=f3259070a5d69cd7caf0ad72ee78b2367ffa4d29
data-scientist,Market research & Analysis,PT. Dwidaya World Wide,Jakarta Raya,https://id.jobstreet.com/id/job/92144292?type=standard&ref=search-standalone&origin=cardTitle#sol=1f4557d6879779a3054c1f8ac4bc993d8a88f3d0
data-scientist,"Salesforce Data Analysis Manager, APAC",LIXIL INTERNATIONAL (Korn Ferry),Jakarta Raya,https://id.jobstreet.com/id/job/91780869?type=standard&ref=search-standalone&origin=cardTitle#sol=621e12491e44822f10d2b0361b99d67b25a3bc6b
data-scientist,Credit Scoring Officer,PT KB Finansia Multi Finance,Jakarta Selatan,https://id.jobstreet.com/id/job/91762486?type=standard&ref=search-standalone&origin=cardTitle#sol=3e8ca340b77db2e176e800da8adba485682581f4
data-scientist,IT Security Engineer,Deep Symbolics Indonesia,Jakarta Raya,https://id.jobstreet.com/id/job/91964701?type=standard&ref=search-standalone&origin=cardTitle#sol=5958f2c14c890b0a5ba797a4478b1200c7cd7ab2
data-scientist,ASISTEN MANAGER DATA & STATISTIK,Citra Borneo Indah,Kalimantan Tengah,https://id.jobstreet.com/id/job/91729521?type=standard&ref=search-standalone&origin=cardTitle#sol=5eacb5fa33a47dab196a012ddc64fecf64029570
data-scientist,DATABASE ENGINEER,PT Gamma Persada Sinergi,Jakarta Selatan,https://id.jobstreet.com/id/job/91788790?type=standard&ref=search-standalone&origin=cardTitle#sol=a0619cf99353ee3ca9af3e88463627d3245251fc
data-scientist,AI Engineer,PT CARSURIN Tbk,Jakarta Raya,https://id.jobstreet.com/id/job/91703072?type=standard&ref=search-standalone&origin=cardTitle#sol=a90467d9062c6f0e2cc3ad88435957aa9e7ad221
data-scientist,Project Manager,PT Neural Technologies Integrated Solutions,Jakarta Raya,https://id.jobstreet.com/id/job/92146607?type=standard&ref=search-standalone&origin=cardTitle#sol=7d4fad0653ee100f8f7a8ad33ea8aff559d0d4a1
data-scientist,FINANCE PROJECT DATA ANALYST,PT RAPIK KARYA MANDIRI,Depok,https://id.jobstreet.com/id/job/92064106?type=standard&ref=search-standalone&origin=cardTitle#sol=ea8ad284ebfac0dca6ba36887c9820e5e4ddadef
data-scientist,Metrodata Data Camp,"PT. Metrodata Electronics, Tbk",Jakarta Barat,https://id.jobstreet.com/id/job/91694285?type=standard&ref=search-standalone&origin=cardTitle#sol=b947c4a98f9ba5a2add7bd9f53a961e6f01e5421
data-scientist,Product Owner,Stanford Teknologi Indonesia,Jakarta Pusat,https://id.jobstreet.com/id/job/91438553?type=standard&ref=search-standalone&origin=cardTitle#sol=1ecbe970318a022aa5d85fb72567e9bc8a2ebce3
data-scientist,Associate Data Quality Officer,PT CRIF Lembaga Informasi Keuangan,Setiabudi,https://id.jobstreet.com/id/job/91642641?type=standard&ref=search-standalone&origin=cardTitle#sol=d46ae9f29603829d126b66dc2da20ac1173dfa42
data-scientist,Pharmacy Activation Data Intern,Danone Indonesia,Jakarta Raya,https://id.jobstreet.com/id/job/92088714?type=standard&ref=search-standalone&origin=cardTitle#sol=9d16417dbb9a12545e5bc76438ae2f67887522ed
data-scientist,Data Engineering,PT Bina Artha Ventura,Jakarta Pusat,https://id.jobstreet.com/id/job/91834813?type=standard&ref=search-standalone&origin=cardTitle#sol=90ecd09b48709744a60619e0534599e27f8c2734
data-scientist,Middle AI Engineer,PT Fata Organa Solusi,Banten,https://id.jobstreet.com/id/job/91915991?type=standard&ref=search-standalone&origin=cardTitle#sol=71097986efb7753c315e659337936f1582e40c73
data-scientist,AI/ML Engineer - Jakarta - WFO,PT PERSOL RECRUITMENT INDONESIA,Jakarta Barat,https://id.jobstreet.com/id/job/91701722?type=standard&ref=search-standalone&origin=cardTitle#sol=e2c483c22be28e2c2d9d0d304b6c6929ea0da52c
data-scientist,Software Integration Analyst,B2BE GSS Sdn Bhd,Surabaya,https://id.jobstreet.com/id/job/91902642?type=standard&ref=search-standalone&origin=cardTitle#sol=9960028862a83a55569c036ef00a603e583a0d73
data-scientist,Business Intelligence & Data Engineer Staff,COMBIPHAR Group,Jakarta Selatan,https://id.jobstreet.com/id/job/91616801?type=standard&ref=search-standalone&origin=cardTitle#sol=876cab8ac0b82be9902b0e0f824ec141b6954292
data-scientist,REPORTING AND DATA ANALYST,Kanmo Group,Jakarta Raya,https://id.jobstreet.com/id/job/91377384?type=standard&ref=search-standalone&origin=cardTitle#sol=808ba4859df34b9486ac5af515cdba09d466d0df
data-scientist,Product Owner,Stanford Teknologi Indonesia,Jakarta Pusat,https://id.jobstreet.com/id/job/91539420?type=standard&ref=search-standalone&origin=cardTitle#sol=ef25b35adb9e258748cfd54e486c27d30d9caf5a
data-analyst,Data Analyst,Brilliant Think Center,Ciputat Timur,https://id.jobstreet.com/id/job/92203280?type=standard&ref=search-standalone&origin=cardTitle#sol=209f2198b528bc2a6dfd4e23dae45cdc31e68dd8
data-analyst,Staff Data Analyst,PT Mensana Aneka Satwa,Bekasi,https://id.jobstreet.com/id/job/92027787?type=standard&ref=search-standalone&origin=cardTitle#sol=f4096938037d6029235995188d42f98ceabffd5c
data-analyst,QUALITY DATA ANALYST,PT Pesta Pora Abadi,Malang,https://id.jobstreet.com/id/job/92190040?type=standard&ref=search-standalone&origin=cardTitle#sol=47286f0d79f1ee166f7ee234ecd92653d71e7344
data-analyst,Data Analyst,Jago Coffee,Jakarta Pusat,https://id.jobstreet.com/id/job/92092798?type=standard&ref=search-standalone&origin=cardTitle#sol=1b1a3fbd47aa7b9b7fa82223eee6ac7193c07f0c
data-analyst,Supervisor Data Analyst,PT Indako Trading Coy,Sumatera Utara,https://id.jobstreet.com/id/job/92061067?type=standard&ref=search-standalone&origin=cardTitle#sol=eab42819b7e30839b414deb648a93c38ed244baa
data-analyst,DATA ANALYST,PT Mitra Saruta Indonesia,Surabaya,https://id.jobstreet.com/id/job/91735710?type=standard&ref=search-standalone&origin=cardTitle#sol=899ad76f2889be35e5dbd0d6505ca9cdd6f3e121
data-analyst,Data Analyst,PT Bersaudara Inti Corpora,Jakarta Barat,https://id.jobstreet.com/id/job/92028378?type=standard&ref=search-standalone&origin=cardTitle#sol=db2485ee4f01757cd4b476cd730bbd035eb220a7
data-analyst,Data Analyst,PT LANGGENG SUKSES ABADI TEKHNOLOGI,Jakarta Utara,https://id.jobstreet.com/id/job/92192535?type=standard&ref=search-standalone&origin=cardTitle#sol=fcc5a0533389acabed4a1a5d70122a697d766f32
data-analyst,Data Analyst Revenue Staff,Taman Safari Indonesia,Bogor,https://id.jobstreet.com/id/job/92152253?type=standard&ref=search-standalone&origin=cardTitle#sol=83cd4b77ecaa00463f288e58d6912bc4eeb59726
data-analyst,Data Analyst,Pengiklan Anonim,Jakarta Selatan,https://id.jobstreet.com/id/job/92210221?type=standard&ref=search-standalone&origin=cardTitle#sol=44d7fc9fa0844f9655472fec37b5d0bd08e54c32
data-analyst,Data Analyst,PT Nusantara Sakti Group (JAKARTA),Jakarta Barat,https://id.jobstreet.com/id/job/91783675?type=standard&ref=search-standalone&origin=cardTitle#sol=59091ee2a85e6bd5838a864be72719391c21662c
data-analyst,Data Analyst Staff,Orang Tua Group,Jakarta Raya,https://id.jobstreet.com/id/job/92094201?type=standard&ref=search-standalone&origin=cardTitle#sol=2871a48431073cc1aa4056ef1b3cc3ed7aa66d6d
data-analyst,Data Analyst (Retail Groceries),PT. LIPPO KARAWACI TBK,Tangerang,https://id.jobstreet.com/id/job/92181007?type=standard&ref=search-standalone&origin=cardTitle#sol=e352ed75bcfe7b20b3495d79725a4f320a665e5a
data-analyst,Growth Analyst,Jago Coffee,Jakarta Pusat,https://id.jobstreet.com/id/job/92176703?type=standard&ref=search-standalone&origin=cardTitle#sol=4dd58c54c14bec4e89ce5b5117f6af3fe8ad35b0
data-analyst,Data Analyst Staff (Bali Jakarta Surabaya),PT Pantja Artha Niaga,Bali,https://id.jobstreet.com/id/job/92203412?type=standard&ref=search-standalone&origin=cardTitle#sol=348ae28d359046732181f3252505930ec8c4ad28
data-analyst,Data Analyst - Cost Management Logistik,PT JET TRANSPORT SERVICES,Jakarta Raya,https://id.jobstreet.com/id/job/91693037?type=standard&ref=search-standalone&origin=cardTitle#sol=38378eae2992e1b06e2fc8044dd8f1844b4684e4
data-analyst,Junior Analyst (Project),sns.ac,Tangerang Selatan,https://id.jobstreet.com/id/job/91682050?type=standard&ref=search-standalone&origin=cardTitle#sol=682ca483c89b1019a014ba27ea26c9a583348f6c
data-analyst,"Interns (Data Analyst Intern, Digital Media Intern, IT Intern)",PT Himalaya Wellness Indonesia,Kelapa Gading,https://id.jobstreet.com/id/job/92103621?type=standard&ref=search-standalone&origin=cardTitle#sol=7252b41ca892a26a7567dce291e2eb191bbacc8a
data-analyst,Junior Analyst,PT ACE INDEX IDN,Jakarta Selatan,https://id.jobstreet.com/id/job/92009646?type=standard&ref=search-standalone&origin=cardTitle#sol=57290fcccfce744a147cf85b094edf6786a951f5
data-analyst,Data Analyst,PT Gudang Kripto Indonesia,Curug,https://id.jobstreet.com/id/job/91971434?type=standard&ref=search-standalone&origin=cardTitle#sol=3fe442aa82fc001f8d18363bd5a007428151f030
data-analyst,Associate Data Planning Analyst,PT Indocater,Jakarta Raya,https://id.jobstreet.com/id/job/92079700?type=standard&ref=search-standalone&origin=cardTitle#sol=db9a3cac88a661a7b8ee1b8f9a5cc1deac34a497
data-analyst,Product Analyst,PT Tjitra Selaras Sampoerno,Jakarta Barat,https://id.jobstreet.com/id/job/92067699?type=standard&ref=search-standalone&origin=cardTitle#sol=7f0d697af0660d0e605b262373e823d039dc086d
data-analyst,Corporate Planning Staff,PT Masmindo Dwi Area,Jakarta Raya,https://id.jobstreet.com/id/job/92229982?type=standard&ref=search-standalone&origin=cardTitle#sol=85a52da4672e18af68256077dfe1661719bfdf75
data-analyst,Finance Data Analyst,PT Propan Raya Industrial Coating Chemicals,Tangerang,https://id.jobstreet.com/id/job/92165466?type=standard&ref=search-standalone&origin=cardTitle#sol=141ffe07760d427309d22218e61c0c94f8d9b83f
data-analyst,Jr. Specialist Data Stewards,"PT Bank Permata, Tbk",Tangerang Selatan,https://id.jobstreet.com/id/job/92203178?type=standard&ref=search-standalone&origin=cardTitle#sol=9fd0b541871edb4cdc790aa918d91289b695c7a0
data-analyst,Master Data Engineer (Analyst),Abrihet Teknobalhar Informa,Surabaya,https://id.jobstreet.com/id/job/92028957?type=standard&ref=search-standalone&origin=cardTitle#sol=4411417dccf4acbac087c21f2e1aea813744245a
data-analyst,Data Engineer,TUNTUN SEKURITAS INDONESIA,Jakarta Utara,https://id.jobstreet.com/id/job/92218017?type=standard&ref=search-standalone&origin=cardTitle#sol=eefede4772318794ed76dd4b4c6767658ac080d9
data-analyst,Digital Business Data Analyst,"PT. BFI FINANCE INDONESIA, Tbk",Kecamatan Tangerang,https://id.jobstreet.com/id/job/92178469?type=standard&ref=search-standalone&origin=cardTitle#sol=e2bb4e54fadc3bd1dd071f13bd327d68045ce21c
data-analyst,DATA ANALYST,PT Karya Anugerah Jaya,Sidoarjo,https://id.jobstreet.com/id/job/91910613?type=standard&ref=search-standalone&origin=cardTitle#sol=2d777891b5f7b5adfc00b59aca7a11c02f74fd2e
data-analyst,Data Warehouse and Reporting Specialist,PT Bina Karya Prima,Jakarta Utara,https://id.jobstreet.com/id/job/91991590?type=standard&ref=search-standalone&origin=cardTitle#sol=9d4fc2f9ba620c949cd3a323c36ffa76004e5109
data-analyst,IT Quality & Data Integrity Officer,PT. Kalbio Global Medika,Cikarang Pusat,https://id.jobstreet.com/id/job/92221748?type=standard&ref=search-standalone&origin=cardTitle#sol=90e5419afb38a1945f83b38f74df677fe82798a1
data-analyst,IT Functional,PT. INTISUMBER BAJASAKTI,Jakarta Utara,https://id.jobstreet.com/id/job/92220525?type=standard&ref=search-standalone&origin=cardTitle#sol=0975387104adbc55829b58acf0c7cfbe1f484420
data-analyst,Data Analyst Intern,PT Sejahtera Sama Kita,Jakarta Raya,https://id.jobstreet.com/id/job/92155588?type=standard&ref=search-standalone&origin=cardTitle#sol=c61d6cdb5bfd0c8f574d1deb5a1ad59b91f26dda
data-analyst,System Development & Data Analyst Staff,PT Mandom Indonesia Tbk,Cibitung,https://id.jobstreet.com/id/job/92033968?type=standard&ref=search-standalone&origin=cardTitle#sol=42e309d12d99b578caf5c7812ee5e7dbb87075eb
data-analyst,Junior Valuation Analyst,KJPP Ruky Safrudin & Rekan,Jakarta Raya,https://id.jobstreet.com/id/job/91968968?type=standard&ref=search-standalone&origin=cardTitle#sol=8a213ae5ca54b1a50584a052151c960d09eede2f
data-analyst,Business Analyst Intern,PT Upartners Sukses Bersama,Jakarta Barat,https://id.jobstreet.com/id/job/92166197?type=standard&ref=search-standalone&origin=cardTitle#sol=81944b9f57de69a688e96f3f74e0e3e02a7a6067
data-analyst,Unit Head – Batch Data Engineering,"PT Bank Permata, Tbk",Tangerang Selatan,https://id.jobstreet.com/id/job/92203151?type=standard&ref=search-standalone&origin=cardTitle#sol=d328f8d16fd56c0e8b3fd8f9cd753cc1e0689d22
data-analyst,Trading Analyst Spesialist,PT Sumber Jaya Industri Oleo,Pademangan,https://id.jobstreet.com/id/job/92204585?type=standard&ref=search-standalone&origin=cardTitle#sol=fc3ce036379026fd85039d024f9eb0a5b3f1d077
data-analyst,Data Analyst,Pennyu Group,Semarang,https://id.jobstreet.com/id/job/92089967?type=standard&ref=search-standalone&origin=cardTitle#sol=24e501f6d1e5c6ad850bca49e4ee023bcb3d9225
data-analyst,Business Analyst,PT Mitra Andal Sejati,Jakarta Raya,https://id.jobstreet.com/id/job/92087049?type=standard&ref=search-standalone&origin=cardTitle#sol=ddf1ba55daed14a402089b844d44ebe4d585ee4f
data-analyst,Strategic Planning & Management System,PT. KALVENTIS SINERGI FARMA (A Kalbe Company),Jakarta Raya,https://id.jobstreet.com/id/job/91890075?type=standard&ref=search-standalone&origin=cardTitle#sol=66676419c7fb3a4a69bc240d5d0ac997896e7704
data-analyst,Business Analyst,Pengiklan Anonim,Jakarta Barat,https://id.jobstreet.com/id/job/92147606?type=standard&ref=search-standalone&origin=cardTitle#sol=c5cf2d6cc70222aaa6c98eed66205e7e6602b8cb
data-analyst,Specialist AI Data Governance,"PT Bank Permata, Tbk",Tangerang Selatan,https://id.jobstreet.com/id/job/92202969?type=standard&ref=search-standalone&origin=cardTitle#sol=c7de441367474fa0eda8e87ece1140f4b1eab1c6
data-analyst,Sales Performance and Strategy Analyst Staff,PT Praja Sakti Propertindo,Jakarta Selatan,https://id.jobstreet.com/id/job/91717963?type=standard&ref=search-standalone&origin=cardTitle#sol=097e7e640082ac7b337a5c72a68d9d2db515fa79
data-analyst,Data Protection Officer,PT PERMODALAN NASIONAL MADANI,Jakarta Selatan,https://id.jobstreet.com/id/job/91780910?type=standard&ref=search-standalone&origin=cardTitle#sol=fbfb25abe0127dead29e6488bc9e9b92aedb4105
data-analyst,Business Finance Analyst,PT. DFI RETAIL NUSANTARA TBK,Tangerang Selatan,https://id.jobstreet.com/id/job/91642469?type=standard&ref=search-standalone&origin=cardTitle#sol=c98fd87ff4d35062f3348e5aea289c3079cfa19b
data-analyst,Business Analyst (6 Months Contract),"PT Japfa Comfeed Indonesia, Tbk",Jakarta Selatan,https://id.jobstreet.com/id/job/91763108?type=standard&ref=search-standalone&origin=cardTitle#sol=34e9b34bcec32445c1b6e60b2da26be46ee5dce9
data-analyst,Data Analyst Staff,PT Asuransi Umum Bumiputera Muda 1967,Jakarta Raya,https://id.jobstreet.com/id/job/91806673?type=standard&ref=search-standalone&origin=cardTitle#sol=d00fbf5afbe9573b7aeffc84eea1d2f828c74d16
data-analyst,Data Analyst Specialist (Marketing),PT RANS Kosmetika Indonesia,Jakarta Utara,https://id.jobstreet.com/id/job/91946035?type=standard&ref=search-standalone&origin=cardTitle#sol=0ae25719a8415fb99f4f4d058b7508ce518e5b90
data-analyst,IT System Analyst,Moya Holdings Asia Limited,Jakarta Raya,https://id.jobstreet.com/id/job/92143715?type=standard&ref=search-standalone&origin=cardTitle#sol=04bc9a707e14e4c2ae3284b547c016c4477408e3
data-analyst,Data Analyst Supervisor,Thamrin Group,Palembang,https://id.jobstreet.com/id/job/91934650?type=standard&ref=search-standalone&origin=cardTitle#sol=3649eebd35168fa1efdfb34a4b3f45a369abacfa
data-analyst,Digital Transformation & System Solution Head,PT Propan Raya Industrial Coating Chemicals,Tangerang,https://id.jobstreet.com/id/job/92159726?type=standard&ref=search-standalone&origin=cardTitle#sol=bad512dae6f8c4f1d139ef08b30eb08f9a0e4ca4
data-analyst,Reward Analyst,OLX Indonesia,Jakarta Selatan,https://id.jobstreet.com/id/job/92064404?type=standard&ref=search-standalone&origin=cardTitle#sol=559f7ebc6e27a8d22fbb3593efb4910cb1ee5dac
data-analyst,Product Development & Individual Pricing L&H Staff (Actuary),PT Reasuransi Indonesia Utama (Persero),Jakarta Pusat,https://id.jobstreet.com/id/job/92081970?type=standard&ref=search-standalone&origin=cardTitle#sol=5b03fbf03bf523d7491a675d97155044ba9215f5
data-analyst,Data Implementor,PT Pratesis,Jakarta Selatan,https://id.jobstreet.com/id/job/91766204?type=standard&ref=search-standalone&origin=cardTitle#sol=8fcd22ccd6bf88b1e248c1b15b830a401cb3224d
data-analyst,Staff AI Operation Engineer,PT Industrial Multi Fan,Jakarta Utara,https://id.jobstreet.com/id/job/92206377?type=standard&ref=search-standalone&origin=cardTitle#sol=fa9d8f76e423e5d722162d567f04fe4451f55cb4
data-analyst,Business Analyst Staff,PT Triputra Agro Persada,Jakarta Selatan,https://id.jobstreet.com/id/job/92130419?type=standard&ref=search-standalone&origin=cardTitle#sol=dcd5419b006d9bd45f2c801af17b2810aaad7ce7
data-analyst,Business Analyst,PT Provalindo Nusa,Jakarta Selatan,https://id.jobstreet.com/id/job/92004117?type=standard&ref=search-standalone&origin=cardTitle#sol=13a0375fc4ef75309a20351cb4ef9646c6b0d361
data-analyst,LSCM Excellence Analyst,PT Bridgestone Tire Indonesia,Karawang,https://id.jobstreet.com/id/job/91997015?type=standard&ref=search-standalone&origin=cardTitle#sol=dfa6cef321df0b1700240ef197a26ee8147755e0
data-analyst,Data Engineer,Pengiklan Anonim,Jakarta Raya,https://id.jobstreet.com/id/job/92193038?type=standard&ref=search-standalone&origin=cardTitle#sol=d9d4bacf9e377c45aa77826618a104aca9ba016c
data-analyst,Data Process Lead,Cargill Tropical Palm,Jakarta Pusat,https://id.jobstreet.com/id/job/92090078?type=standard&ref=search-standalone&origin=cardTitle#sol=da9f7655526984eb74c0a248dcc96f5094a2e520
data-analyst,Data Science & Portfolio Manager,PT Sejahtera Sama Kita,Jakarta Raya,https://id.jobstreet.com/id/job/92175888?type=standard&ref=search-standalone&origin=cardTitle#sol=d4401beba273df4ef0d5e9bb259ab6211eb8a9c6
data-analyst,Data Analyst,PT Rsystems Ibizcs International,Jakarta Utara,https://id.jobstreet.com/id/job/91725598?type=standard&ref=search-standalone&origin=cardTitle#sol=6d45e24a5e3c8433a42950972391c9c7edcd7e50
data-analyst,Business Development & Acquisition Analyst,Pengiklan Anonim,Jakarta Selatan,https://id.jobstreet.com/id/job/92049812?type=standard&ref=search-standalone&origin=cardTitle#sol=b64d7fa47c00a571307fcfce074742c2e2c8ff6a
data-analyst,DATA ANALYST OFFICER,PT Indocipta Wisesa,Semarang,https://id.jobstreet.com/id/job/91920034?type=standard&ref=search-standalone&origin=cardTitle#sol=c56ee2fee490c9a79afed96fbe46bc6ec66182df
data-analyst,Equity Research Analyst,TUNTUN SEKURITAS INDONESIA,Jakarta Utara,https://id.jobstreet.com/id/job/92165600?type=standard&ref=search-standalone&origin=cardTitle#sol=2c1a670dc9db83a321ed6eb5d9d7a232ff86398f
data-analyst,Business Analyst Staff,PT Sukanda Djaya,Cibitung,https://id.jobstreet.com/id/job/92169178?type=standard&ref=search-standalone&origin=cardTitle#sol=29964888ffd4dd41a6fa23c6ec2c88b288193ac2
data-analyst,Sr Business Process Management Analyst,Kawan Lama Group,Jakarta Raya,https://id.jobstreet.com/id/job/92211958?type=standard&ref=search-standalone&origin=cardTitle#sol=64f361f307035c6b3fd41d9eb0ff359855ab6c34
data-analyst,Data Analyst - Medical Equipment - Jakarta (B-129750),RGF HR Agent Indonesia,Jakarta Utara,https://id.jobstreet.com/id/job/92038122?type=standard&ref=search-standalone&origin=cardTitle#sol=b32c4a999b3259e24484376a46738f0466879345
data-analyst,Pricing Actuarial,PT Asuransi Allianz Life Indonesia,Jakarta Raya,https://id.jobstreet.com/id/job/91948752?type=standard&ref=search-standalone&origin=cardTitle#sol=f6307b35d887b31f9db1f6a888e3d464204c0dbc
data-analyst,Techical Business Analyst,Agile Technica,Tangerang,https://id.jobstreet.com/id/job/92040192?type=standard&ref=search-standalone&origin=cardTitle#sol=17c51b6e05eece15eb0f630cc3d7c4c6addd09ed
data-analyst,IT Database Administrator,PT Amber Solusi Internasional,Kelapa Gading,https://id.jobstreet.com/id/job/91755459?type=standard&ref=search-standalone&origin=cardTitle#sol=d06ab39070b259e69ac2a297e9163b684d9bb943
data-analyst,Business Improvement Officer,PT Masmindo Dwi Area,Jakarta Raya,https://id.jobstreet.com/id/job/92201901?type=standard&ref=search-standalone&origin=cardTitle#sol=9740daadeca27e6ab27c52bf9abe79bdb7b273f0
data-analyst,ERP FUNGSIONAL ANALYST,Tropika Permata Indah,Sukoharjo,https://id.jobstreet.com/id/job/92231424?type=standard&ref=search-standalone&origin=cardTitle#sol=9d6707c6d824cda19474d651c4c8ee84fb52615d
data-analyst,Unit Head – Regulatory System Engineering,"PT Bank Permata, Tbk",Tangerang Selatan,https://id.jobstreet.com/id/job/92203115?type=standard&ref=search-standalone&origin=cardTitle#sol=322803d6279ee42399b39bd0529671f6327498a3
data-analyst,Database Administrator,PT Data Integrasi Inovasi,Tangerang,https://id.jobstreet.com/id/job/91818996?type=standard&ref=search-standalone&origin=cardTitle#sol=5bad5da4fba10b41187bb4e68e065233a26903aa
data-analyst,Finance Analyst,Cargill Tropical Palm,Sumatera Selatan,https://id.jobstreet.com/id/job/91885426?type=standard&ref=search-standalone&origin=cardTitle#sol=9bbaaf47ad5974ab791c869f160669787174ad8d
data-analyst,Sales Data Analyst & Admin Support,PT Higienis Indonesia,Jakarta Pusat,https://id.jobstreet.com/id/job/91756962?type=standard&ref=search-standalone&origin=cardTitle#sol=4f687a27396b5b481fc93aed2be7466332b9e873
data-analyst,Sales Data Analyst (English Speaker),Sumber Berkat Group,Jakarta Pusat,https://id.jobstreet.com/id/job/91948714?type=standard&ref=search-standalone&origin=cardTitle#sol=92edba12a867503574096ca95f0f2577801affd3
data-analyst,CRM and Supply Chain Data Scientist,PT Balarama Prajakarsaka Indonesia,Indragiri Hilir,https://id.jobstreet.com/id/job/92216448?type=standard&ref=search-standalone&origin=cardTitle#sol=8a8ac50752f206433397eaf5141e132e0d1f3dee
data-analyst,Program Analyst – SQL & Reporting,PT AMC Bintan,Bintan,https://id.jobstreet.com/id/job/92203739?type=standard&ref=search-standalone&origin=cardTitle#sol=29fb52c13a587c3e04bbafaeed453736512a434a
data-analyst,Risk Management Analyst,OLX Indonesia,Jakarta Selatan,https://id.jobstreet.com/id/job/92093375?type=standard&ref=search-standalone&origin=cardTitle#sol=b20cb00f6166b9b9a90cbd2f4e6e330ca5b92c67
data-analyst,Credit Analyst,easyrentsolutionsindonesia,Jakarta Utara,https://id.jobstreet.com/id/job/92088477?type=standard&ref=search-standalone&origin=cardTitle#sol=9e54f33dd7e26e04a6edfcf06fcfb436529acc6e
data-analyst,Data Lead,PT Haju Medical Indonesia,Jakarta Selatan,https://id.jobstreet.com/id/job/92164597?type=standard&ref=search-standalone&origin=cardTitle#sol=a26645a5d6a4b40380abed7c75c1a0f6db0e40ba
data-analyst,Market Analyst Staff,PT Aion Indomobil Distribution Indonesia,Jakarta Raya,https://id.jobstreet.com/id/job/92054876?type=standard&ref=search-standalone&origin=cardTitle#sol=5557409a76f5afa63aca106699a5e273b443871e
data-analyst,Strategic Planning Officer,"Lembaga Pengkajian Pangan, Obat-Obatan dan Kosmetika MUI",Bogor,https://id.jobstreet.com/id/job/92221082?type=standard&ref=search-standalone&origin=cardTitle#sol=3ba7c7eacfc01963e05a5a213e6389cead93e060
data-analyst,Intern [GIP] - Research & Data Analytics,PT Solusi Transportasi Indonesia,Kebayoran Lama,https://id.jobstreet.com/id/job/92178506?type=standard&ref=search-standalone&origin=cardTitle#sol=4da20567d6c6f64191f9df1aded8453c21d56af0
data-analyst,"Data Analyst – E-Commerce, Marketplace & Business Operations",CV MEKAR ABADI SENTOSA JAYA,Tangerang,https://id.jobstreet.com/id/job/92016002?type=standard&ref=search-standalone&origin=cardTitle#sol=886934a322e05bd254450aed426e2a983f63078c
data-analyst,Data & Project Support Section Head,PT Depoguna Bangunan Online,Jakarta Pusat,https://id.jobstreet.com/id/job/92193136?type=standard&ref=search-standalone&origin=cardTitle#sol=2df97528ea1ceb0031ea6c03e39369ab5ca8b01d
data-analyst,Sales Data Analyst (Mandarin Speaker),PT. ALPEN FOOD INDUSTRY,Jakarta Utara,https://id.jobstreet.com/id/job/92196234?type=standard&ref=search-standalone&origin=cardTitle#sol=3f98eade5904193c2f09fe475385b0a80893ab03
data-analyst,Financial Planning & Analyst,"PT Japfa Comfeed Indonesia, Tbk",Jakarta Selatan,https://id.jobstreet.com/id/job/91801798?type=standard&ref=search-standalone&origin=cardTitle#sol=3c12fd79c396e16c26df517ac4fb505213e14b59
data-analyst,Marketing Intelligence Staff,Yayasan Bina Nusantara,Jakarta Barat,https://id.jobstreet.com/id/job/92231065?type=standard&ref=search-standalone&origin=cardTitle#sol=d4e6690b16dfd45bb4517dd6dfcaa30dc402db34
data-analyst,Data Engineer,Beyondtech,Jakarta Barat,https://id.jobstreet.com/id/job/92206456?type=standard&ref=search-standalone&origin=cardTitle#sol=c6294657a5ba37746aab4f277ef932e2ec93f40c
data-analyst,DATA ANALYST,PT Bringin Jati Indah,Semarang,https://id.jobstreet.com/id/job/91988557?type=standard&ref=search-standalone&origin=cardTitle#sol=a0137148aef37a07a713daef386fc60303bda70c
data-analyst,Data Analyst,Pengiklan Anonim,Bandung,https://id.jobstreet.com/id/job/91924415?type=standard&ref=search-standalone&origin=cardTitle#sol=2c05f2f5314c610a412e63a1509246646fdc197a
data-analyst,Strategic Management Analyst,PT Asco Prima Mobilindo,Pasar Minggu,https://id.jobstreet.com/id/job/91815868?type=standard&ref=search-standalone&origin=cardTitle#sol=342bd36719fcfd479f8dc1d6150b20cf1e12b897
data-analyst,HR Data Analyst,PT. Ouji Seiyaku Indonesia (Regional),Tangerang,https://id.jobstreet.com/id/job/91762700?type=standard&ref=search-standalone&origin=cardTitle#sol=7a4c8874647210a373534c68288fae244c586555
data-analyst,Data Analyst ( Head Level),Pengiklan Anonim,Denpasar Utara,https://id.jobstreet.com/id/job/91949840?type=standard&ref=search-standalone&origin=cardTitle#sol=d99cdf19d239181789ef5f91d0a69da44f13d3ad
data-analyst,Agronomy Data Analyst,PT. TIGADAUN KAPUAS,Jakarta Raya,https://id.jobstreet.com/id/job/91411303?type=standard&ref=search-standalone&origin=cardTitle#sol=b2512b6a13677cedbeef7496ba36758606bf5c96
data-analyst,Data Engineer,PT Data Labs Analytics,Jakarta Pusat,https://id.jobstreet.com/id/job/92223379?type=standard&ref=search-standalone&origin=cardTitle#sol=b952b10e3937ff83071ff64c9aa57fa752a00b84
data-analyst,Business Solution Partner,Kop. Nusantara,Jakarta Selatan,https://id.jobstreet.com/id/job/92224615?type=standard&ref=search-standalone&origin=cardTitle#sol=aa43e852c620bd10a764e4c39be5bf2a7e0de407
data-analyst,Data Engineer,PT Sigmantara Alfindo,Tangerang,https://id.jobstreet.com/id/job/92200793?type=standard&ref=search-standalone&origin=cardTitle#sol=fea9fc235f46fb4c890e085651bbadbd07431ddf
data-analyst,Sharia Bancassurance Consultant (Mitra - Jember),PT ASURANSI SIMAS JIWA,Jember,https://id.jobstreet.com/id/job/92226781?type=standard&ref=search-standalone&origin=cardTitle#sol=bd2bc142d5aac6a15e62e20da95933e54478f2ee
data-analyst,Technical Consultant Analyst,"PT. Metrodata Electronics, Tbk",Jakarta Raya,https://id.jobstreet.com/id/job/92227522?type=standard&ref=search-standalone&origin=cardTitle#sol=e19389306dcb0c033449a57dc42df95cd3a821df
data-analyst,Business & System Analysis consultant,PT Nomura Research Institute Indonesia,Jakarta Raya,https://id.jobstreet.com/id/job/92079402?type=standard&ref=search-standalone&origin=cardTitle#sol=4e99a9cacfeb1c9ee1e8ebc22af80005d7ecdd43
data-analyst,Security Analyst - SOC Analyst L2 (TH – Incident Response),PT. Lintas Teknologi Indonesia,Jakarta Raya,https://id.jobstreet.com/id/job/92153483?type=standard&ref=search-standalone&origin=cardTitle#sol=97f7f5e0e0ac8be658d39eaf4bf8387db7534d65
data-analyst,Senior Data Engineer,PT Sentra Vidya Utama,Surabaya,https://id.jobstreet.com/id/job/92199079?type=standard&ref=search-standalone&origin=cardTitle#sol=f43ef98cebaeb0e6c2fd3834411cb315041bd81b
data-analyst,Database Administrator,PT Karisma Zona Kreatifku,Jakarta Raya,https://id.jobstreet.com/id/job/92092921?type=standard&ref=search-standalone&origin=cardTitle#sol=609d49335a5515ea1522f3616ab5b6222500a956
data-analyst,Data Engineer (ETL),PT Lawencon Internasional,Jakarta Selatan,https://id.jobstreet.com/id/job/92180945?type=standard&ref=search-standalone&origin=cardTitle#sol=61a0d4e9a01dc42ef73fa7a7a122a7a256409cef
data-analyst,INDIVIDUAL FINANCING ANALYST JAWA TIMUR,PT BANK BTPN SYARIAH Tbk.,Jawa Timur,https://id.jobstreet.com/id/job/92221930?type=standard&ref=search-standalone&origin=cardTitle#sol=3760fe11d109fe45e986e6b1d4a7a0ce06695099
data-analyst,INDIVIDUAL FINANCING ANALYST JAWA TENGAH & YOGYA-SOLO,PT BANK BTPN SYARIAH Tbk.,Jawa Tengah,https://id.jobstreet.com/id/job/92222150?type=standard&ref=search-standalone&origin=cardTitle#sol=d773aff2a1ce53548b978012a6da2134d3d4de74
data-analyst,SALES ASURANSI BANCASSURANCE AREA PEKANBARU,PT Asuransi Jiwa Manulife Indonesia (Dept PB Danamon),Pekanbaru,https://id.jobstreet.com/id/job/92063191?type=standard&ref=search-standalone&origin=cardTitle#sol=18a44246661ffe489124e67553d8996500e235fc
data-analyst,Business Support Analyst,Pengiklan Anonim,Jakarta Selatan,https://id.jobstreet.com/id/job/92050841?type=standard&ref=search-standalone&origin=cardTitle#sol=754f9798e390558b761a40fbe4944c61974e6482
data-analyst,Property Collection Analyst,Pengiklan Anonim,Jakarta Selatan,https://id.jobstreet.com/id/job/92039510?type=standard&ref=search-standalone&origin=cardTitle#sol=0a889040f44d9366040f3650940f12c11ae3d3d0
data-analyst,IT Finance Data & Analytics Partner,PT Bahari Eka Nusantara (Ben Line Agencies),Jakarta Raya,https://id.jobstreet.com/id/job/91705050?type=standard&ref=search-standalone&origin=cardTitle#sol=eb96222c31a0ac7861218aaa950d7164ae1db5b3
data-analyst,INDIVIDUAL FINANCING ANALYST SUMATERA UTARA,PT BANK BTPN SYARIAH Tbk.,Sumatera Utara,https://id.jobstreet.com/id/job/92222276?type=standard&ref=search-standalone&origin=cardTitle#sol=61b7ae29f9ed499c0ced186ee015aa0993be4df6
data-analyst,Business Analyst - Distribution Management System,PT Pratesis,Jakarta Selatan,https://id.jobstreet.com/id/job/91763649?type=standard&ref=search-standalone&origin=cardTitle#sol=cb0df3ac6c8c1af9315a1a232b3b9fbfc9580596
data-analyst,Cost Control (Pengawasan & Pengendalian Biaya) Analyst,Pengiklan Anonim,Jakarta Selatan,https://id.jobstreet.com/id/job/92039321?type=standard&ref=search-standalone&origin=cardTitle#sol=bcaaeeb00e03694e6390cc3c88ea3dcd96c73028
data-analyst,Infosec Analyst,OLX Indonesia,Jakarta Selatan,https://id.jobstreet.com/id/job/91701895?type=standard&ref=search-standalone&origin=cardTitle#sol=70b8695fa08fd763dd8d23a8013c15a41c894ca9
data-analyst,IT Database Administrator,PT Kimia Yasa,Surabaya,https://id.jobstreet.com/id/job/92074865?type=standard&ref=search-standalone&origin=cardTitle#sol=e6a9f452997fe1e8f7465d783ad8e382ee263655
data-analyst,Senior Analyst - Nickel Market,AME Mineral Economics Pty Ltd,Jakarta Selatan,https://id.jobstreet.com/id/job/91831195?type=standard&ref=search-standalone&origin=cardTitle#sol=f39642c7bccf1ad9128910aaaa268607cf8a4a90
data-analyst,Sistem Analis,PT BANGUNPERKASA  ADHITAMASENTRA,Jakarta Barat,https://id.jobstreet.com/id/job/92218218?type=standard&ref=search-standalone&origin=cardTitle#sol=0dd7851b9ce524c43c58a3bb3d7dfc3b9db45c30
data-analyst,Corporate Planning Supervisor,PT Masmindo Dwi Area,Luwu,https://id.jobstreet.com/id/job/92196967?type=standard&ref=search-standalone&origin=cardTitle#sol=09bb606f78e6b26701b5e2f280e01011203954b8
data-analyst,New Technology & Digitalization Development Specialist,"PT SMART,Tbk",Jakarta Pusat,https://id.jobstreet.com/id/job/92095472?type=standard&ref=search-standalone&origin=cardTitle#sol=2e43da687d141366a20294730ea00cbdeba874db
data-analyst,SEO Analyst,OLX Indonesia,Jakarta Selatan,https://id.jobstreet.com/id/job/91648938?type=standard&ref=search-standalone&origin=cardTitle#sol=63f478ad13aee041f62253f311f8709e27c7c587
data-analyst,Business Analyst (Mandarin Speaker),Pengiklan Anonim,Cibitung,https://id.jobstreet.com/id/job/91912675?type=standard&ref=search-standalone&origin=cardTitle#sol=ebdd3d0cd69fb9bff049cd0678cfac0e9a1c3d8f
data-analyst,SEO Specialist,CV Maju Bersama Sejahtera,Jakarta Raya,https://id.jobstreet.com/id/job/91702194?type=standard&ref=search-standalone&origin=cardTitle#sol=f243e0f3460cd60c22ea381a2bbb867beb09692d
data-analyst,Technical Analyst,PT Mindo Small Business Solutions,DI Yogyakarta,https://id.jobstreet.com/id/job/91807210?type=standard&ref=search-standalone&origin=cardTitle#sol=7602ca52c52602b3715e710c61eeae1c077d5471
data-analyst,AI Automation & System Integration Specialist,PT Seneco Group Indonesia,Bali,https://id.jobstreet.com/id/job/91943870?type=standard&ref=search-standalone&origin=cardTitle#sol=ae95f92431003eb92c68c3a8445aed0f381053a2
data-analyst,Commercial Excellent and Data Management Specialist-Contractual Based,Cargill Holdings (Malaysia) Sdn Bhd,Jakarta Raya,https://id.jobstreet.com/id/job/91935226?type=standard&ref=search-standalone&origin=cardTitle#sol=6ea4d1387affe924288724a06c8ff6da5fada5c5
data-analyst,ETL Pentaho Developer,PT. BUSINESS ECLOUD INDONESIA INFORMATION TECHNOLOGY,Jakarta Pusat,https://id.jobstreet.com/id/job/91662770?type=standard&ref=search-standalone&origin=cardTitle#sol=750936e55859adddafbb7590ad46259b2c767944
data-analyst,IT System Analyst,PT Multi Bangun Abadi,Jakarta Raya,https://id.jobstreet.com/id/job/91625940?type=standard&ref=search-standalone&origin=cardTitle#sol=a5dbd939ce43a0d7d7a475ae1e8c60876da1f328
data-analyst,Senior Data Scientist (Analytics) - Grab Financial Services,PT Solusi Transportasi Indonesia,Kebayoran Lama,https://id.jobstreet.com/id/job/91402368?type=standard&ref=search-standalone&origin=cardTitle#sol=68d2cd56b09e1d154b8a54650a671cdb6a2afff8
data-analyst,ERP Functional Consultant,PT. ALPEN FOOD INDUSTRY,Jakarta Utara,https://id.jobstreet.com/id/job/92223248?type=standard&ref=search-standalone&origin=cardTitle#sol=cac5d6766defe51080ecb521701afd4d0cdfd0df
data-analyst,Timeliness Analyst (Mandarin Speaker),PT Global Yimi Cargo (J&T Cargo),Jakarta Utara,https://id.jobstreet.com/id/job/92166467?type=standard&ref=search-standalone&origin=cardTitle#sol=d760d5b48785a8418b18e46e47c5f74d58179871
data-analyst,Senior FP&A,PT Esco Bintan Indonesia,Bintan,https://id.jobstreet.com/id/job/91712366?type=standard&ref=search-standalone&origin=cardTitle#sol=c6b7f5da24a43a6f5f204e3be229b97a6e4d8189
data-analyst,Odoo Specialist,PT. Naga Trade International,Jakarta Barat,https://id.jobstreet.com/id/job/91794543?type=standard&ref=search-standalone&origin=cardTitle#sol=c69c16101f9992d69114d8c14d679a5845b60a37
data-analyst,Site Application& OT Development,PT Masmindo Dwi Area,Tangerang,https://id.jobstreet.com/id/job/91681105?type=standard&ref=search-standalone&origin=cardTitle#sol=a41eb203e9964a920c23d28de86bedf219538a69
data-analyst,Staff Barcoding,PT Asia Pratama Walindo,Tangerang,https://id.jobstreet.com/id/job/92175486?type=standard&ref=search-standalone&origin=cardTitle#sol=55845fbe60d137ff3a36d71ad1896a825c30d673
data-analyst,SEO & Local SEO Strategist,Process Flow SRL,Bali,https://id.jobstreet.com/id/job/91677566?type=standard&ref=search-standalone&origin=cardTitle#sol=3e85a3618df2b5ec52e6f2e011d24b93423dfbda
data-analyst,Procurement Analyst,PT Pesta Pora Abadi,Jakarta Raya,https://id.jobstreet.com/id/job/92078278?type=standard&ref=search-standalone&origin=cardTitle#sol=6ab4b9379c160509350331131f22716e642a19d6
data-analyst,Data Manager,PT Trinusa Travelindo,Kecamatan Tangerang,https://id.jobstreet.com/id/job/91236141?type=standard&ref=search-standalone&origin=cardTitle#sol=8f15718f668b6123fdc2453f1926a94e251c0ec5
data-analyst,Research Manager & Strategic Research Partner,Pengiklan Anonim,Tangerang,https://id.jobstreet.com/id/job/92166166?type=standard&ref=search-standalone&origin=cardTitle#sol=fa1f51fb37a836d72c2f5f864fc9f3f7e05cd1b1
data-analyst,Business Analyst,PT Indo Container Lines (Icon Line),Jakarta Utara,https://id.jobstreet.com/id/job/92149377?type=standard&ref=search-standalone&origin=cardTitle#sol=cdf597092c9eb4f76c18a06184b4cf18a9774911
data-analyst,Odoo Functional,PT Foom Lab Global,Jakarta Selatan,https://id.jobstreet.com/id/job/91907326?type=standard&ref=search-standalone&origin=cardTitle#sol=090258abe6d0ab397925c5ddd97fd4145437b59e
data-analyst,Financial Advisor Analyst,PT MADDHUNA LUMINA ANANTA,Jakarta Raya,https://id.jobstreet.com/id/job/91980512?type=standard&ref=search-standalone&origin=cardTitle#sol=5de7d45def2f0ae2b1c1c4e7c332ffaac977177e
data-analyst,SALES ASURANSI BANCASSURANCE AREA TIMIKA,PT Asuransi Jiwa Manulife Indonesia (Dept PB Danamon),Timika,https://id.jobstreet.com/id/job/91918253?type=standard&ref=search-standalone&origin=cardTitle#sol=3b85129d24c44a76b0f7322cd2f98bfa0d2b5144
data-analyst,SEO Specialist,Juara Holding Group,Denpasar,https://id.jobstreet.com/id/job/91839078?type=standard&ref=search-standalone&origin=cardTitle#sol=e5ea37b7a6d4bc4b228592be51e71109c06c13b8
data-analyst,IT Functional,PT. INTISUMBER BAJASAKTI,Jakarta Utara,https://id.jobstreet.com/id/job/91650996?type=standard&ref=search-standalone&origin=cardTitle#sol=b45e92403f8afa2c895c82abd36098df6972dc37
data-analyst,Google Adsense Specialist,PT S D Indonesia (Streetdirectory),Jakarta Raya,https://id.jobstreet.com/id/job/92191734?type=standard&ref=search-standalone&origin=cardTitle#sol=687a1690bba46847e126b490d7611bd0910a8ba0
data-analyst,IT Functional,PT. INTISUMBER BAJASAKTI,Medan,https://id.jobstreet.com/id/job/91638302?type=standard&ref=search-standalone&origin=cardTitle#sol=7b612196d3fd9d1bfa263cabbc2721557cda4040
data-analyst,IT Finance Reporting Solution Partner (Oracle Netsuite),PT Bahari Eka Nusantara (Ben Line Agencies),Jakarta Selatan,https://id.jobstreet.com/id/job/91705264?type=standard&ref=search-standalone&origin=cardTitle#sol=ce562081a9e541ab284d62a914f50279389c0d30
data-analyst,INDVIDUAL FINANCING ANALYST SUMATERA SELATAN,PT BANK BTPN SYARIAH Tbk.,Sumatera Selatan,https://id.jobstreet.com/id/job/92175222?type=standard&ref=search-standalone&origin=cardTitle#sol=552d8671e1642a3d1a24746d536ebdee88cbf95b
data-analyst,SALES ASURANSI BANCASSURANCE AREA CILEGON,PT Asuransi Jiwa Manulife Indonesia (Dept PB Danamon),Cilegon,https://id.jobstreet.com/id/job/91938505?type=standard&ref=search-standalone&origin=cardTitle#sol=c7e07f35694b45dd772ae0a3cf4b3d0e2d5db97e
data-analyst,IT Business Development – System Integration,PT Suka Maju Gemilang,Jakarta Utara,https://id.jobstreet.com/id/job/91832870?type=standard&ref=search-standalone&origin=cardTitle#sol=a27fdacefc2cd679634d66185a9ec242fa6f1afc
data-analyst,Data Engineer (Contract 12 Months),"PT ZURICH ASURANSI INDONESIA, Tbk",Jakarta Selatan,https://id.jobstreet.com/id/job/91791657?type=standard&ref=search-standalone&origin=cardTitle#sol=2d9c1e1b22eddb731a39e07c2d760b008df4e396
data-analyst,Functional Consultant Analyst,"PT. Metrodata Electronics, Tbk",Jakarta Raya,https://id.jobstreet.com/id/job/92150701?type=standard&ref=search-standalone&origin=cardTitle#sol=5fea514c6abc78e8b5ada27495364cb196e39cac
data-analyst,Business Performance Analyst (Manager),PT Lautan Luas Tbk,Jakarta Barat,https://id.jobstreet.com/id/job/91678887?type=standard&ref=search-standalone&origin=cardTitle#sol=72719aa6cff5b7b920d3b419df1493c35b3eb0f1
data-analyst,Risk Analyst,Koperasi Astra International,Cempaka Putih,https://id.jobstreet.com/id/job/91751494?type=standard&ref=search-standalone&origin=cardTitle#sol=c6d123bb6479f070834d498765d44355bb126168
data-analyst,IT Business Analyst,PT Kamoro Maxima Integra,Jakarta Selatan,https://id.jobstreet.com/id/job/91762702?type=standard&ref=search-standalone&origin=cardTitle#sol=b846a614a929aad2035d0173e049d45fa3019b5b
frontend-developer,Front End Developer (Vue / Angular / React) - Outsource,PT Serasi Autoraya (Member of Astra),DI Yogyakarta,https://id.jobstreet.com/id/job/92166826?type=standard&ref=search-standalone&origin=cardTitle#sol=722e87d79125cabe84ada2a527c13103ea7b0625
frontend-developer,Front End Engineer,PT Falah Inovasi Teknologi,Jakarta Selatan,https://id.jobstreet.com/id/job/92129984?type=standard&ref=search-standalone&origin=cardTitle#sol=6f6c0a4a4659f37949b83448d71a9b46353ae496
frontend-developer,Web Developer,PT Grune Teknologi Indonesia,Denpasar Utara,https://id.jobstreet.com/id/job/92224090?type=standard&ref=search-standalone&origin=cardTitle#sol=ab3de05279527c086c9adfc52e4bb3b684f50069
frontend-developer,Junior Web Developer,Solusi Klik,Karawaci,https://id.jobstreet.com/id/job/92206567?type=standard&ref=search-standalone&origin=cardTitle#sol=b8275c1e6e75dd79491ea93ee23b1eb378c83336
frontend-developer,Frontend Developer,PT Centria Integrity Advisory,Jakarta Selatan,https://id.jobstreet.com/id/job/91680739?type=standard&ref=search-standalone&origin=cardTitle#sol=cbf2a1cdd88f8b616e0fa5c956b9b39ef32bfb36
frontend-developer,Frontend ASP.NET Blazor,PT BANGUNPERKASA  ADHITAMASENTRA,Jakarta Barat,https://id.jobstreet.com/id/job/92201180?type=standard&ref=search-standalone&origin=cardTitle#sol=0ed8de5953fe1703b8244f1f4c9e335bea2f1c27
frontend-developer,Fullstack/Frontend Web Developer,PT Turboly Teknologi Indonesia,Jakarta Barat,https://id.jobstreet.com/id/job/92086828?type=standard&ref=search-standalone&origin=cardTitle#sol=d9c10812cec7d8c9f77e3d0e9465008d786edab1
frontend-developer,Front End Developer,PT Tjitra Selaras Sampoerno,Jakarta Barat,https://id.jobstreet.com/id/job/92069044?type=standard&ref=search-standalone&origin=cardTitle#sol=91e499592b5970730140ff6ef17f6986d8eea474
frontend-developer,Sr. Frontend Developer (Web + Native UIs),"PT. Trimegah Sekuritas Indonesia, Tbk",Jakarta Selatan,https://id.jobstreet.com/id/job/92175264?type=standard&ref=search-standalone&origin=cardTitle#sol=20b94320ddbfd1084288318d8e71102cd64d8f59
frontend-developer,Frontend Developer,PT Gogomedia Visindo,Tangerang Selatan,https://id.jobstreet.com/id/job/92079550?type=standard&ref=search-standalone&origin=cardTitle#sol=408b23ad4636992901949f1d568198fb26838463
frontend-developer,IT Fullstack Developer,PT Sinar Sukses Mandiri,Jakarta Barat,https://id.jobstreet.com/id/job/92011375?type=standard&ref=search-standalone&origin=cardTitle#sol=7f308e0464a27b039ea8ab3889f128a1e057bf49
frontend-developer,PROGRAMMER WEB,Pengiklan Anonim,Karawang,https://id.jobstreet.com/id/job/92092188?type=standard&ref=search-standalone&origin=cardTitle#sol=0ecde6b97608b16e2aa27de09726c61301c5f9b9
frontend-developer,Web Developer Intern,PT Indolok Bakti Utama,Jakarta Selatan,https://id.jobstreet.com/id/job/92228164?type=standard&ref=search-standalone&origin=cardTitle#sol=72ce91d2fc7c7ddab406dd513645e900c6988367
frontend-developer,Fullstack developer,PT Kodenusa Tekno Buana,Jakarta Barat,https://id.jobstreet.com/id/job/92141841?type=standard&ref=search-standalone&origin=cardTitle#sol=9ad297ab3fe2f4754200647ec35136ee61d31ff2
frontend-developer,Frontend Developer,PT Abhimata Persada,Jakarta Raya,https://id.jobstreet.com/id/job/91643170?type=standard&ref=search-standalone&origin=cardTitle#sol=136cde23bc96925a81f63d84d9c72adc2f8d7a6a
frontend-developer,Web Programmer,PT Panin Asset Management,Jakarta Selatan,https://id.jobstreet.com/id/job/91918936?type=standard&ref=search-standalone&origin=cardTitle#sol=37a726bd853ffef683af7d33c79bd32ab71b2b49
frontend-developer,Full Stack Developer,Solutech Indonesia Maju,Cempaka Putih,https://id.jobstreet.com/id/job/91909166?type=standard&ref=search-standalone&origin=cardTitle#sol=67c945bec22fabf061769f4ccd9e2f9454703486
frontend-developer,"Senior Software Engineer (FE, React/React Native)",Luce Maintenance Group,Jakarta Barat,https://id.jobstreet.com/id/job/92080433?type=standard&ref=search-standalone&origin=cardTitle#sol=957091f94c9e36fda0d451743a661c7cbf99a15f
frontend-developer,IT Programmer Staff,PT Rusli Vinilon Sakti,Jakarta Raya,https://id.jobstreet.com/id/job/92231298?type=standard&ref=search-standalone&origin=cardTitle#sol=210fcba806697e124fabd3bd3c9af7dd8eedc475
frontend-developer,IT & Web Developer,PT Lamindo Prima Mandiri,Jakarta Raya,https://id.jobstreet.com/id/job/91622239?type=standard&ref=search-standalone&origin=cardTitle#sol=43374d81faa258a81c9d56403d92711d1f51321a
frontend-developer,APPLICATION DEVELOPER,Raditya Mulia Lestari (RML),Jakarta Utara,https://id.jobstreet.com/id/job/92222521?type=standard&ref=search-standalone&origin=cardTitle#sol=01142ab48eb2c57065228ba5a4ffd3646020f165
frontend-developer,Fullstack Developer,PT Adi Data Informatika,Jakarta Raya,https://id.jobstreet.com/id/job/92229901?type=standard&ref=search-standalone&origin=cardTitle#sol=5f7458315f3d9f16116feeb4171652aabe304318
frontend-developer,IT Programmer,PT Asco Prima Mobilindo,Jakarta Raya,https://id.jobstreet.com/id/job/91731636?type=standard&ref=search-standalone&origin=cardTitle#sol=0c6a3d4985763f5cbb73aece4c2ef76e01ad4ce1
frontend-developer,Web Developer,PT Petrolink Services Indonesia,Jakarta Raya,https://id.jobstreet.com/id/job/91997925?type=standard&ref=search-standalone&origin=cardTitle#sol=7427011d372e64ed2a7a1bb1a32fa171b5f71f86
frontend-developer,IT Developer,PT Wahana Sejahtera Indonesia,Jakarta Selatan,https://id.jobstreet.com/id/job/92056729?type=standard&ref=search-standalone&origin=cardTitle#sol=06353bd98085be485a895787b18542aa9050b62a
frontend-developer,IT Programmer,MOMIASI OFFICIAL,Bandung,https://id.jobstreet.com/id/job/91965337?type=standard&ref=search-standalone&origin=cardTitle#sol=51cc526c088465d8d95ab6fcd2487228f8f4d6f2
frontend-developer,IT Full Stack Developer,PT Sahabat Sentra Asia,Jakarta Utara,https://id.jobstreet.com/id/job/92223405?type=standard&ref=search-standalone&origin=cardTitle#sol=3b0c5423b2f8cf63b32a774000217870fde44366
frontend-developer,Full Stack Developer,Yayasan BPK Penabur Jakarta,Jakarta Barat,https://id.jobstreet.com/id/job/91693479?type=standard&ref=search-standalone&origin=cardTitle#sol=12e737ee43b45a10b08d9adc448e9580d1800033
frontend-developer,Full Stack Engineer,PT DIGITAL XCELERATION NUSANTARA,Jakarta Selatan,https://id.jobstreet.com/id/job/91756596?type=standard&ref=search-standalone&origin=cardTitle#sol=11fce24991d23f0d96ff320365094c5c5eb73258
frontend-developer,IT Programmer,PT BPR Prima Kredit Mandiri,Tangerang,https://id.jobstreet.com/id/job/91890592?type=standard&ref=search-standalone&origin=cardTitle#sol=8c174c4bde9c7018be23aec18e4d58ca1ebd33ab
frontend-developer,Web Trading Developer,PT Micro Piranti Computer,Jakarta Selatan,https://id.jobstreet.com/id/job/92207749?type=standard&ref=search-standalone&origin=cardTitle#sol=8fc4aa2e1e0245dc71f302993250d731d03c71bb
frontend-developer,IT Front End Developer Supervisor,Orang Tua Group,Jakarta Barat,https://id.jobstreet.com/id/job/92009920?type=standard&ref=search-standalone&origin=cardTitle#sol=08464d593e2627ed288f1741d16a3fbaddc06a6c
frontend-developer,IT System Analyst,Moya Holdings Asia Limited,Jakarta Raya,https://id.jobstreet.com/id/job/92143715?type=standard&ref=search-standalone&origin=cardTitle#sol=cf5ad9131cec6a04c0ce0311d7e581886c9b794c
frontend-developer,Web Designer,PT Lelco Trindo Graha Nusantara,Jakarta Utara,https://id.jobstreet.com/id/job/91993263?type=standard&ref=search-standalone&origin=cardTitle#sol=be817a318ed7df92acb9a9871dd8b5d674427062
frontend-developer,Programmer,PT. Lestari Mulia Sentosa,Sidoarjo,https://id.jobstreet.com/id/job/92064275?type=standard&ref=search-standalone&origin=cardTitle#sol=8b3b17d0ab7704ee15cce13c2e4facc088c8cbdc
frontend-developer,Front End Engineer,PT Sentra Vidya Utama,Surabaya,https://id.jobstreet.com/id/job/92029044?type=standard&ref=search-standalone&origin=cardTitle#sol=9b491c044f440ce0c1332e92da9ca1fc500fd209
frontend-developer,Frontend Developer (Contract),LOGIQUE,Jakarta Selatan,https://id.jobstreet.com/id/job/91879310?type=standard&ref=search-standalone&origin=cardTitle#sol=d4dbf0f22cd3eb8ec9cc71d039a5b0f9787e784c
frontend-developer,"Fullstack Developer (AI-Assisted Dev, Node.js, React, GraphQL)",PT. BADAN KODEFOX TECHNOLOGY SERVICE,Tangerang,https://id.jobstreet.com/id/job/92053050?type=standard&ref=search-standalone&origin=cardTitle#sol=15bcb1e64402c6aae0be06c8a6faaba197ba9580
frontend-developer,Frontend Engineer Web React.Js,"PT. BFI FINANCE INDONESIA, Tbk",Kecamatan Tangerang,https://id.jobstreet.com/id/job/91427414?type=standard&ref=search-standalone&origin=cardTitle#sol=82ba8ebbb2d6b516947c2e4d59cbfecfa8f172df
frontend-developer,FULL STACK SOFTWARE DEVELOPER,Pengiklan Anonim,Jakarta Raya,https://id.jobstreet.com/id/job/91769263?type=standard&ref=search-standalone&origin=cardTitle#sol=9bbd8ee62ba95cdb697524a2c26de98240206743
frontend-developer,Fullstack Developer,PT Siba Surya,Semarang,https://id.jobstreet.com/id/job/92169266?type=standard&ref=search-standalone&origin=cardTitle#sol=6e6b616cda3de4862939b7529a57ae1818eeedd6
frontend-developer,IT Programmer,PT Nusantara Pelabuhan Handal Tbk,Jakarta Utara,https://id.jobstreet.com/id/job/91691222?type=standard&ref=search-standalone&origin=cardTitle#sol=e61fc1da0378b70de040cb14708e053b2530e378
frontend-developer,IT Programmer,PT Sinar Surya Bajaprofilindo,Cikupa,https://id.jobstreet.com/id/job/91836985?type=standard&ref=search-standalone&origin=cardTitle#sol=4e8c8d1d21d21ef3a5a9c881888dc49cdcff5333
frontend-developer,Application Support / Programmer C# EDI,PT. ANEKA WARNA GEMILANG,Jakarta Barat,https://id.jobstreet.com/id/job/92210944?type=standard&ref=search-standalone&origin=cardTitle#sol=5598f16ec73830a3e2372bd2477c765ae77dc66a
frontend-developer,Fullstack Developer,PT Forty Resources,Jakarta Raya,https://id.jobstreet.com/id/job/92231309?type=standard&ref=search-standalone&origin=cardTitle#sol=9405326a2a2c3f7179bdf1eb6623b489d5278d30
frontend-developer,IT Developer,PT Argo Manunggal Triasta,Tangerang,https://id.jobstreet.com/id/job/92206981?type=standard&ref=search-standalone&origin=cardTitle#sol=ba1628400584f1d8101368fd044e9d133ceae3dc
frontend-developer,Software Developer,Pengiklan Anonim,Kelapa Gading,https://id.jobstreet.com/id/job/92175335?type=standard&ref=search-standalone&origin=cardTitle#sol=be6149ed4b34986cabbe0472c6d591023fd57d71
frontend-developer,Industrial Software Developer & Program Analyst,PT. Omega Group - Jakarta,Jakarta Pusat,https://id.jobstreet.com/id/job/92036471?type=standard&ref=search-standalone&origin=cardTitle#sol=d7802002002d10ee44a253c13e54bc7a61e7b33c
frontend-developer,IT Fullstack,PT Trans Indonesia Superkoridor,Kelapa Gading,https://id.jobstreet.com/id/job/91882288?type=standard&ref=search-standalone&origin=cardTitle#sol=7cd9e47e7879bc305b0cc81009880c65d1f6ae24
frontend-developer,Mobile Front-end Developer,PT UangMe Fintek Indonesia,Jakarta Selatan,https://id.jobstreet.com/id/job/91778560?type=standard&ref=search-standalone&origin=cardTitle#sol=65b72ac0b9d5e030794f51a703dc7d275115d11c
frontend-developer,Corporate HRIS Programmer,PT Wahana Duta Jaya Rucika,Jakarta Raya,https://id.jobstreet.com/id/job/92029460?type=standard&ref=search-standalone&origin=cardTitle#sol=22076882f9ce1ed917faaaac1c8cbdfb20692f38
frontend-developer,IT Manager,PT Pharos Indonesia,Jakarta Selatan,https://id.jobstreet.com/id/job/91944027?type=standard&ref=search-standalone&origin=cardTitle#sol=d3f2fc06563b6220345c00b63ab709fee2d1419c
frontend-developer,Full Stack Developer,PT Idana Solusi Sejahtera,Jakarta Selatan,https://id.jobstreet.com/id/job/91673657?type=standard&ref=search-standalone&origin=cardTitle#sol=262e6f1b1601da0da673633597c1762e3be2feed
frontend-developer,FULL STACK DEVELOPER (WEB APLIKASI),PT. AMORA WALET INDONESIA,Bojonegoro,https://id.jobstreet.com/id/job/91775137?type=standard&ref=search-standalone&origin=cardTitle#sol=59172803c2e87f923ef27fc340d3f1c6615daf5b
frontend-developer,SOFTWARE ENGINEER,Kakiku Family Health & Beauty (Tangerang),Tangerang,https://id.jobstreet.com/id/job/92220719?type=standard&ref=search-standalone&origin=cardTitle#sol=24731a9e56c87d33f07da32452ab03a338258412
frontend-developer,Software Developer,PT System Ever Indonesia,Jakarta Selatan,https://id.jobstreet.com/id/job/91677128?type=standard&ref=search-standalone&origin=cardTitle#sol=abe177948dc9e5c03e3cc24a279b9aaf20163c7e
frontend-developer,Web Developer,PT. DIGITAL ASIA SOLUSINDO,Surabaya,https://id.jobstreet.com/id/job/91870373?type=standard&ref=search-standalone&origin=cardTitle#sol=616aca13a48ce0367a8c99f7ef731d5825c2bc93
frontend-developer,Full Stack Developer,PT KARYA TEKHNIK UTAMA,Jakarta Barat,https://id.jobstreet.com/id/job/92191658?type=standard&ref=search-standalone&origin=cardTitle#sol=af0bdca40437ac7ed71f434b7e588283abf21f38
frontend-developer,Javascript Developer,PT Intersolusi Teknologi Asia,Bandung,https://id.jobstreet.com/id/job/91904534?type=standard&ref=search-standalone&origin=cardTitle#sol=31443aa49041e45b597c2b89773465dbf3c93637
frontend-developer,WEB DEVELOPER,PT MUGI,Jakarta Selatan,https://id.jobstreet.com/id/job/91694061?type=standard&ref=search-standalone&origin=cardTitle#sol=6888735cbdb38a93e75442d3f3453014230fbd6c
frontend-developer,Junior Software Engineer,PT Technet Vision Indonesia,Jakarta Raya,https://id.jobstreet.com/id/job/91648206?type=standard&ref=search-standalone&origin=cardTitle#sol=084c46064d9fd4484cd0dcafe0ce9e8f477b93a4
frontend-developer,Information Technology (Programmer),PT Kitoshindo International Biotech,Mojokerto,https://id.jobstreet.com/id/job/92076002?type=standard&ref=search-standalone&origin=cardTitle#sol=6e639278bc4bb81ec28bd5cfa52b0b477b29d6a6
frontend-developer,"Full Stack Developer (Node.js, React.js, SQL, AWS)",PT Kencana Jaya Kreasi Lestari,Jakarta Barat,https://id.jobstreet.com/id/job/91789576?type=standard&ref=search-standalone&origin=cardTitle#sol=9884e156bf17db59f2e0d9d09eaad349be1fb9de
frontend-developer,Web Programmer,PT Cakra Media Data,Bali,https://id.jobstreet.com/id/job/91960272?type=standard&ref=search-standalone&origin=cardTitle#sol=652c76e14fbed95e0d31bad927f4ebacc6caf87a
frontend-developer,Flutter / Dart Developer,PT John Galt Properties,Bali,https://id.jobstreet.com/id/job/91859472?type=standard&ref=search-standalone&origin=cardTitle#sol=1cce6497f1b7814b9e76eb46eca1afe550b28269
frontend-developer,IT Web Developer,PT Sukanda Djaya,Cibitung,https://id.jobstreet.com/id/job/91780220?type=standard&ref=search-standalone&origin=cardTitle#sol=341c0484b69a6b50b3b88fc0e1e16893cf855bfe
frontend-developer,Freelance Fullstack Engineer,PT Solusi Prima Packaging,Tangerang Selatan,https://id.jobstreet.com/id/job/92197064?type=standard&ref=search-standalone&origin=cardTitle#sol=f4555e4c544e60318b84b0a97bcc7ba2c93e60dd
frontend-developer,IT Programmer,PT. Indo Pack Printing,Sidoarjo,https://id.jobstreet.com/id/job/91786128?type=standard&ref=search-standalone&origin=cardTitle#sol=51c9b5f601553bd2a0a40b4d049d489166395466
frontend-developer,Backend Developer,PT Centria Integrity Advisory,Jakarta Selatan,https://id.jobstreet.com/id/job/91680185?type=standard&ref=search-standalone&origin=cardTitle#sol=e4754bc5ed5ae37b62180639d6e47d09588a7f7f
frontend-developer,React Native Developer (Junior),"FinShot, Inc.",Jakarta Raya,https://id.jobstreet.com/id/job/92061951?type=standard&ref=search-standalone&origin=cardTitle#sol=4c95335d05bd5d40f8cf1dcd43f52f48c032d701
frontend-developer,Full-Stack & Mobile Developer (AI/ML Skills),Pengiklan Anonim,Medan,https://id.jobstreet.com/id/job/91733518?type=standard&ref=search-standalone&origin=cardTitle#sol=d333186d453eebd7b6e16a2fd4af51518f18c879
frontend-developer,FULLSTACK DEVELOPER,PT Gogomedia Visindo,Tangerang Selatan,https://id.jobstreet.com/id/job/92080309?type=standard&ref=search-standalone&origin=cardTitle#sol=b8e0b8040aa7d77b6fd38d809a0fb0a7f75d2779
frontend-developer,IT Staff (Web Developer),PT Tirtakencana Tatawarna (Head Office),Surabaya,https://id.jobstreet.com/id/job/91841585?type=standard&ref=search-standalone&origin=cardTitle#sol=2e71b74e497765d09d35b7265917bab6db9386d1
frontend-developer,Team Lead Application Developer,PT Sigma Cipta Utama,Tangerang Selatan,https://id.jobstreet.com/id/job/91879829?type=standard&ref=search-standalone&origin=cardTitle#sol=d4a155c9a158aea1a95fb56924ae9995cff96f15
frontend-developer,UI/UX Engineer,PT IT Group Indonesia,Jakarta Selatan,https://id.jobstreet.com/id/job/91988260?type=standard&ref=search-standalone&origin=cardTitle#sol=d0fd0fd4d07bb7d957197f10334be3ffe2681a3b
frontend-developer,Web Programmer,PT Argha Karya Prima Industry Tbk,Citeureup,https://id.jobstreet.com/id/job/91952511?type=standard&ref=search-standalone&origin=cardTitle#sol=18855476c46e8db933a764c0579b6c3ef927cb9e
frontend-developer,Staff IT — Programmer (Surabaya),PT Timur Mila Utama,Surabaya,https://id.jobstreet.com/id/job/92144371?type=standard&ref=search-standalone&origin=cardTitle#sol=2580ae604e991c44b03f96657b02532465530bf3
frontend-developer,Fullstack Developer,Elitez Pte Ltd,Jakarta Barat,https://id.jobstreet.com/id/job/92166533?type=standard&ref=search-standalone&origin=cardTitle#sol=a4580f24901b000daa9c83fb77651ade9dd2cb4c
frontend-developer,IT Web Developer Programmer Staff,PT Okamoto Logistics Nusantara,Purwakarta,https://id.jobstreet.com/id/job/91831294?type=standard&ref=search-standalone&origin=cardTitle#sol=c193c6e05b3b65ce8655fa406e3e07b6f714d50b
frontend-developer,Node.js Developer,PT Hashmicro Solusi Indonesia,Jakarta Raya,https://id.jobstreet.com/id/job/92173202?type=standard&ref=search-standalone&origin=cardTitle#sol=e276a44735e272c74ee93039452d04d0585abdbf
frontend-developer,Software Developer,PT Universal Traktor Indonesia,Tangerang,https://id.jobstreet.com/id/job/92189095?type=standard&ref=search-standalone&origin=cardTitle#sol=3e8c2532350527a9be4241826fc50a1754e53f34
frontend-developer,PROGRAMMER WEB,PT Erasoft Teknologi  Indonesia,Jakarta Pusat,https://id.jobstreet.com/id/job/91752431?type=standard&ref=search-standalone&origin=cardTitle#sol=a1616688b2aeeba624c101abb58979f82eb40104
frontend-developer,PROGRAMMER,PT. PLANA NETWORKS INDONESIA,Jakarta Raya,https://id.jobstreet.com/id/job/91997735?type=standard&ref=search-standalone&origin=cardTitle#sol=0e4f5abd7a7432c313d6bab7996d037459ec2395
frontend-developer,Programmer,PT. Ken Solusindo,Jawa Tengah,https://id.jobstreet.com/id/job/91764525?type=standard&ref=search-standalone&origin=cardTitle#sol=f9838db1cda1a3d82ce848bf297f7818b878f2e8
frontend-developer,Web Developer,Remarc Property Group,Badung,https://id.jobstreet.com/id/job/91905510?type=standard&ref=search-standalone&origin=cardTitle#sol=16c3269ff61e2e0a8bfa104b3845b2926ae35d20
frontend-developer,Developer Full Stack,PT Pesonna Indonesia Jaya,Jakarta Pusat,https://id.jobstreet.com/id/job/91660877?type=standard&ref=search-standalone&origin=cardTitle#sol=142fca71da73e485cff07d45a3a011bccffafce9
frontend-developer,Web Developer (Spring Framework),"FinShot, Inc.",Jakarta Raya,https://id.jobstreet.com/id/job/92062043?type=standard&ref=search-standalone&origin=cardTitle#sol=fa59b59d3826b538399007d3827089be3ccfc073
frontend-developer,Webmaster & IT Systems Administrator,PT. MAZARI PROPERTIES GROUP,Badung,https://id.jobstreet.com/id/job/91728851?type=standard&ref=search-standalone&origin=cardTitle#sol=d0ac77faa914d5e33dfb9496963b47d11767867a
frontend-developer,IT Programmer,PT Selago Makmur Plantation,Jakarta Barat,https://id.jobstreet.com/id/job/91966184?type=standard&ref=search-standalone&origin=cardTitle#sol=ec09cedc4ed08b431a4034bef5315becce7ae673
frontend-developer,UI/UX Development,PT Digdaya Duta Digital,Setiabudi,https://id.jobstreet.com/id/job/91787735?type=standard&ref=search-standalone&origin=cardTitle#sol=514b39e0863fb433254207b40693846212f54e1c
frontend-developer,Senior UI/UX Engineer,"PT Tera Data Indonusa, Tbk",Cakung,https://id.jobstreet.com/id/job/92090724?type=standard&ref=search-standalone&origin=cardTitle#sol=ddba5745703070404394103b6ad5016f4d888a95
frontend-developer,Full Stack Developer (Nuxt.js & Laravel),PT Eigerindo Multi Produk Industri,Kabupaten Bandung,https://id.jobstreet.com/id/job/92168194?type=standard&ref=search-standalone&origin=cardTitle#sol=43654dadd3b4091bbf2d9e37ba03da9d8e147099
frontend-developer,PROGRAMMER / DEVELEPOR MADYA,PT Gamma Persada Sinergi,Jakarta Selatan,https://id.jobstreet.com/id/job/91788065?type=standard&ref=search-standalone&origin=cardTitle#sol=7e48f5c93eac6539a70abc77268b8ab2cfc7bf9a
frontend-developer,Software Engineer,PT Sentra Vidya Utama,Surabaya,https://id.jobstreet.com/id/job/92179879?type=standard&ref=search-standalone&origin=cardTitle#sol=25eff8217ea590ae321d3bf7e2ccd34624e944e6
frontend-developer,Web Developer (PHP / Laravel),Kop. Nusantara,Jakarta Selatan,https://id.jobstreet.com/id/job/92002622?type=standard&ref=search-standalone&origin=cardTitle#sol=78998842e4d011fb3d47612fc65c030078448b32
frontend-developer,FULL STACK DEVELOPER STAFF,PT Asuransi Jiwa Syariah Al Amin,Jakarta Selatan,https://id.jobstreet.com/id/job/92051493?type=standard&ref=search-standalone&origin=cardTitle#sol=d2cf40dab59b88b416230ba706f4490a7aa82283
frontend-developer,Junior IT Programmer,PT Putraduta Buanasentosa,Pancoran,https://id.jobstreet.com/id/job/91760290?type=standard&ref=search-standalone&origin=cardTitle#sol=1fa0d6ea3b966710f86d248dd43c103484cf1567
frontend-developer,Golang Developer,PT IDStar Cipta Teknologi,Jakarta Selatan,https://id.jobstreet.com/id/job/92156596?type=standard&ref=search-standalone&origin=cardTitle#sol=0fae9cc0031099b63c2ce96136a25ebac715caa5
frontend-developer,Internal Product Engineer / Full Stack Developer,WAV,Jakarta Raya,https://id.jobstreet.com/id/job/91966495?type=standard&ref=search-standalone&origin=cardTitle#sol=56cb81cf02f19ad0106151d0f7f3342666bb4cd7
frontend-developer,Salesforce Developer,PT Phincon,Jakarta Raya,https://id.jobstreet.com/id/job/91651250?type=standard&ref=search-standalone&origin=cardTitle#sol=813887a89a7116cae9055e5fa183b8133f5f6810
frontend-developer,WordPress Leader,PT DORAN SUKSES INDONESIA (JETE INDONESIA),Surabaya,https://id.jobstreet.com/id/job/92161334?type=standard&ref=search-standalone&origin=cardTitle#sol=01b29c54e8c3f77928247187e6078c53c28efddb
frontend-developer,Avaloq Developer – Defect Resolution / Application Support,G2 Comtech Asia Pte Ltd,Jakarta Raya,https://id.jobstreet.com/id/job/91796768?type=standard&ref=search-standalone&origin=cardTitle#sol=bcf9c86de64d120dade6948a4bc56e0c60cd94e3
frontend-developer,DevOps,PT. MONARCH INTI TEKNOLOGI,Jakarta Barat,https://id.jobstreet.com/id/job/91816714?type=standard&ref=search-standalone&origin=cardTitle#sol=c27f45a4b2cd5032f77de39b99ceccb16c1cd5ed
frontend-developer,Java/Full-Stack Developer,PT Triyakom,Jakarta Selatan,https://id.jobstreet.com/id/job/91688320?type=standard&ref=search-standalone&origin=cardTitle#sol=761a00eb0fcbfe516be0b8fb9ff09d1319af5f40
frontend-developer,AI Engineer,PT ILOGO INFRALOGY,Kebon Jeruk,https://id.jobstreet.com/id/job/92062006?type=standard&ref=search-standalone&origin=cardTitle#sol=a33bdce1359c7a307cc8e95f8d24e108f31a5e07
frontend-developer,AI – AUGMENTED FULLSTACK DEVELOPER,"PT Jasnita Telekomindo, Tbk",Jakarta Raya,https://id.jobstreet.com/id/job/91997427?type=standard&ref=search-standalone&origin=cardTitle#sol=f61a7629d0d30287c4325baaef7c2e55748c9608
frontend-developer,Programmer,TRR Account Service,Bali,https://id.jobstreet.com/id/job/92059013?type=standard&ref=search-standalone&origin=cardTitle#sol=e80f42508e72f2181cb284042048f37bca1d021b
frontend-developer,Full Stack Developer,PT IDStar Cipta Teknologi,Jakarta Raya,https://id.jobstreet.com/id/job/92156605?type=standard&ref=search-standalone&origin=cardTitle#sol=bad80b39f13e0734a421232dd34205671462d6a7
frontend-developer,Web Developer,IndoSoft,Malang,https://id.jobstreet.com/id/job/92000794?type=standard&ref=search-standalone&origin=cardTitle#sol=60ebf2ac1149da4a2748c7d90ded39a523f8cf46
frontend-developer,Full Stack Developer,PT INDOSAKU DIGITAL TEKNOLOGI,Tangerang Selatan,https://id.jobstreet.com/id/job/91637613?type=standard&ref=search-standalone&origin=cardTitle#sol=25616f20e44f9e38858c3caa64dd2fa158340bf1
frontend-developer,Programmer,ARTHA UTAMA PLASINDO,Kabupaten Bekasi,https://id.jobstreet.com/id/job/92162128?type=standard&ref=search-standalone&origin=cardTitle#sol=047dccb4c9ac407b6d0e8c4e3045bd96030ef5c4
frontend-developer,Fullstack Developer (.Net),PT Karisma Zona Kreatifku,Jakarta Raya,https://id.jobstreet.com/id/job/92127625?type=standard&ref=search-standalone&origin=cardTitle#sol=ddae86434268280ceda722076d7d41ad623d9707
frontend-developer,Fullstack Developer (Javaspringboot & VueJS),PT Karisma Zona Kreatifku,Jakarta Barat,https://id.jobstreet.com/id/job/91742984?type=standard&ref=search-standalone&origin=cardTitle#sol=27d35fd20458af71522d1147b8dda708e74ae5b1
frontend-developer,Fullstack Programmer,PT. Zentralink Otoparts,Jakarta Selatan,https://id.jobstreet.com/id/job/91969765?type=standard&ref=search-standalone&origin=cardTitle#sol=979d02d4546333db34c3e9d2ceafdcc0766b12bb
frontend-developer,Web Development & SEO Specialist,P.T. STARLEAD TECHNOLOGY,Tangerang,https://id.jobstreet.com/id/job/91680864?type=standard&ref=search-standalone&origin=cardTitle#sol=c6b7bf9998fc1d9dc55131da52f6707ce0e2ee1c
frontend-developer,Programmer,PT Bangunsukses Niagatama Nusantara,Jakarta Barat,https://id.jobstreet.com/id/job/91959902?type=standard&ref=search-standalone&origin=cardTitle#sol=a72998a86766d2e1625f19cca137f4a91f255f46
frontend-developer,Programmer,PT GITA,Kartasura,https://id.jobstreet.com/id/job/91828703?type=standard&ref=search-standalone&origin=cardTitle#sol=a2f451a1583a6a5682377687319e17c85e49db0c
frontend-developer,FULL STACK DEVELOPER,PT Golden Flexible Packaging,Banten,https://id.jobstreet.com/id/job/91800303?type=standard&ref=search-standalone&origin=cardTitle#sol=fa863e045f5807c761b235428ce2cdf38a1afdd7
frontend-developer,Full Stack IT Developer Kubernetes Specialist (Development & Infrastructure),PT. JAGAD AMAN PRIMA,Kelapa Gading,https://id.jobstreet.com/id/job/91400406?type=standard&ref=search-standalone&origin=cardTitle#sol=1a1035a35025e3b44ecd1c62fb2b23a8b247b9a8
frontend-developer,Backend Developer,PT Intersolusi Teknologi Asia,Bandung,https://id.jobstreet.com/id/job/91904584?type=standard&ref=search-standalone&origin=cardTitle#sol=f55008243d83730fed393126239a0bb2b5c10ca9
frontend-developer,IT Programmer Staff,PT Indomobil Finance Indonesia,Jakarta Raya,https://id.jobstreet.com/id/job/90332732?type=standard&ref=search-standalone&origin=cardTitle#sol=50aee4d3f731a54bad1e69035766b959a688b9cd
frontend-developer,Back End Developer,PT Dua Puluh Empat Jam Online (UniPin),Tangerang,https://id.jobstreet.com/id/job/91970877?type=standard&ref=search-standalone&origin=cardTitle#sol=0c9572eabcaad318f599bccb11e1123db098239b
frontend-developer,Lead Developer (Python),PT Hashmicro Solusi Indonesia,Jakarta Raya,https://id.jobstreet.com/id/job/91945009?type=standard&ref=search-standalone&origin=cardTitle#sol=28463438a189e138247beed6cf6ba2cd8b53e5b6
frontend-developer,Staff IT,PT RUTAN,Surabaya,https://id.jobstreet.com/id/job/91673936?type=standard&ref=search-standalone&origin=cardTitle#sol=b8d7d7d794c2121a4a8c2b5e26a17fa7ea87b3f6
frontend-developer,IT PROGRAMMER,PT Delta Surya Husada,Sidoarjo,https://id.jobstreet.com/id/job/91886750?type=standard&ref=search-standalone&origin=cardTitle#sol=ee83c65d3c2a0892bc4105d8a7becb3635498ab8
frontend-developer,Staff IT Developer,PT Evergreen Hans,Jakarta Barat,https://id.jobstreet.com/id/job/91668375?type=standard&ref=search-standalone&origin=cardTitle#sol=0f050d5c51950f5ade6ebd2656e7c695731c5920
frontend-developer,Fullstack Engineer,PT MNC Teknologi Nusantara (MotionPay),Jakarta Pusat,https://id.jobstreet.com/id/job/91763572?type=standard&ref=search-standalone&origin=cardTitle#sol=f36772f648144e819e0b6431a4a7aade44c33e1b
frontend-developer,PHP Full Stack Development (on-Site Bali),PT iHub Solutions International,Denpasar,https://id.jobstreet.com/id/job/92135438?type=standard&ref=search-standalone&origin=cardTitle#sol=db2944627e15cc8d8caea95943e9af0e8a90fa08
frontend-developer,Full Stack Developer,PT SOILENS,Bandung,https://id.jobstreet.com/id/job/91700161?type=standard&ref=search-standalone&origin=cardTitle#sol=3e35677e079dda89ac6a5b0d0fbbd3b5b0d54d18
frontend-developer,Flutter Developer,PT Rsystems Ibizcs International,Tangerang,https://id.jobstreet.com/id/job/91905062?type=standard&ref=search-standalone&origin=cardTitle#sol=a7840e3b4f5195c20aa320fe41c61914d42f9c19
frontend-developer,Full Stack Engineer,PT Sigmantara Alfindo,Tangerang,https://id.jobstreet.com/id/job/92138147?type=standard&ref=search-standalone&origin=cardTitle#sol=ccbe44491f1f9ac9e319fb6a6ea69cfad3404577
frontend-developer,Remote API Integration Developer (Wix & Ac,CV Maju Sejahtera Abadi Makmur,Makassar,https://id.jobstreet.com/id/job/92100117?type=standard&ref=search-standalone&origin=cardTitle#sol=dc92f2155a64638a513b41a20cb927067c25edb7
frontend-developer,IT Developer Staff - Logistic - Purwakarta (B-130211),RGF HR Agent Indonesia,Purwakarta,https://id.jobstreet.com/id/job/91887812?type=standard&ref=search-standalone&origin=cardTitle#sol=08e9951eeda204874728e71de3c7237b449b1c51
frontend-developer,Fullstack Developer ( PHP ),PT Prawathiya Karsa Pradipta,Bekasi,https://id.jobstreet.com/id/job/91921241?type=standard&ref=search-standalone&origin=cardTitle#sol=091cc68f287ac6a1809705d17da570ba59601f72
frontend-developer,Full Stack Engineer (Golang + React.JS),PT Sharing Vision Indonesia,Jakarta Pusat,https://id.jobstreet.com/id/job/91752735?type=standard&ref=search-standalone&origin=cardTitle#sol=df261e0863a0481f1c2ef9e184ff107814e9ebd3
frontend-developer,IT Programmer Bali,PT Warna Abadi Mitra Bersama,Badung,https://id.jobstreet.com/id/job/91941557?type=standard&ref=search-standalone&origin=cardTitle#sol=13f464c1c56ab68ac46a69159fd3aa682811fa81
frontend-developer,IT Developer,PT Karunia Berca Indonesia,Jakarta Pusat,https://id.jobstreet.com/id/job/91666948?type=standard&ref=search-standalone&origin=cardTitle#sol=80db50159b3b230cc805b1a148a2179cbd96ab98
frontend-developer,Fullstack Developer,PT Nusantara Duta Solusindo (NDS),Jakarta Selatan,https://id.jobstreet.com/id/job/91612339?type=standard&ref=search-standalone&origin=cardTitle#sol=d5b925c4143662fe9496b52c3f4823e76b1efdca
frontend-developer,IT dan Kreatif,PT Sandpasifik Jaya Abadi,Bekasi,https://id.jobstreet.com/id/job/91625924?type=standard&ref=search-standalone&origin=cardTitle#sol=846b96f9c7ccecdf93c3ed55281838fff2283535
frontend-developer,Senior Fullstack Developer,PT Adecco Personnel Indonesia,Tangerang Selatan,https://id.jobstreet.com/id/job/91645321?type=standard&ref=search-standalone&origin=cardTitle#sol=57ad12936964bec7c681002244501aef1dc16316
frontend-developer,Programmer/ IT Developer,PT META LIFE INDONESIA,Tangerang,https://id.jobstreet.com/id/job/91890061?type=standard&ref=search-standalone&origin=cardTitle#sol=530635509f6dc9727f8384d5c03fc51a5d5161a2
frontend-developer,Software Developer,PT Swadharma Duta Data,Jakarta Raya,https://id.jobstreet.com/id/job/91908572?type=standard&ref=search-standalone&origin=cardTitle#sol=8f00e5263f85fb3b312b4fb3183778940008d115
frontend-developer,IT Developer,PT Synergy Network Solution,Jakarta Selatan,https://id.jobstreet.com/id/job/91729697?type=standard&ref=search-standalone&origin=cardTitle#sol=3d556f8cdb204832ea35fb6edb627cb32cab739b
frontend-developer,Full Stack Developer,PT Accelist Lentera Indonesia,Jakarta Barat,https://id.jobstreet.com/id/job/91701314?type=standard&ref=search-standalone&origin=cardTitle#sol=40318e37e64be2699ef75e41012b75828b7b52db
frontend-developer,IT PROGRAMER STAFF,PT Agres Info Teknologi,Jakarta Utara,https://id.jobstreet.com/id/job/91706623?type=standard&ref=search-standalone&origin=cardTitle#sol=86658bf1a9de767e358589f1d629e3ad06ec9b54
frontend-developer,Digital Transformation Lead (IT Supervisor),Bintangdelapan Group,Jakarta Barat,https://id.jobstreet.com/id/job/91586241?type=standard&ref=search-standalone&origin=cardTitle#sol=ae3596ac03b3ef6fc70923cae7e2ab1eddd41bf8
frontend-developer,Frontend Developer for Banking Industry,PT. SIGMA GLOBAL TEKNOLOGI (SIGMATECH),Jakarta Selatan,https://id.jobstreet.com/id/job/92222453?type=standard&ref=search-standalone&origin=cardTitle#sol=959918bab7d7f3cdb7177a2fce9035353d250f5e
frontend-developer,Frontend Developer,PT Kamoro Maxima Integra,Jakarta Selatan,https://id.jobstreet.com/id/job/92164901?type=standard&ref=search-standalone&origin=cardTitle#sol=55624cb90ffb98fa2441651034af28c6f1db9edf
frontend-developer,Frontend Developer,Pengiklan Anonim,Yogyakarta,https://id.jobstreet.com/id/job/92176972?type=standard&ref=search-standalone&origin=cardTitle#sol=928ab7339dd4d5636636c9e7e3a7999f47f4cb85
frontend-developer,Frontend Engineer,PT Teknologi Pamadya Analitika (Meditap),Kecamatan Tangerang,https://id.jobstreet.com/id/job/92184488?type=standard&ref=search-standalone&origin=cardTitle#sol=9415d089d3d7101bbba434966d1e7f3f8ec77125
frontend-developer,Frontend Developer,Novocall Pte Ltd,Kebayoran Lama,https://id.jobstreet.com/id/job/91745973?type=standard&ref=search-standalone&origin=cardTitle#sol=d7f051085035d3ddb30404780dade283398f7282
frontend-developer,Frontend Developer,PT. Internet Madju Abad Milenindo,Badung,https://id.jobstreet.com/id/job/91930669?type=standard&ref=search-standalone&origin=cardTitle#sol=b3b7385220f411be2bf7e3723eb5b6ab355272e8
frontend-developer,Frontend Developer,PT Platinumetrix Global Inovasi,Bandung,https://id.jobstreet.com/id/job/91812629?type=standard&ref=search-standalone&origin=cardTitle#sol=58feb065010dd1bf98666652c08dd38a9109eacf
frontend-developer,Software Developer - Frontend (Indonesia),PT Xtremax Teknologi Indonesia,Bandung,https://id.jobstreet.com/id/job/91545614?type=standard&ref=search-standalone&origin=cardTitle#sol=d365c89e5ee0a468ab4c7cb621d3f9adf30edd8d
frontend-developer,Front End Developer,PT Cycent Inovasi Kaizen,Jakarta Selatan,https://id.jobstreet.com/id/job/92132635?type=standard&ref=search-standalone&origin=cardTitle#sol=a6b79759a749abfcd0d1113f3b4966a2d0cf8cf8
frontend-developer,Web Frontend Engineer,Super Bank Indonesia,Kemayoran,https://id.jobstreet.com/id/job/91040947?type=standard&ref=search-standalone&origin=cardTitle#sol=1f8581870b5f2dd285b7aa508e2ef99a15912601
frontend-developer,Frontend Developer,PT Telkomsel Ekosistem Digital,Jakarta Raya,https://id.jobstreet.com/id/job/91820203?type=standard&ref=search-standalone&origin=cardTitle#sol=7dada32ebf1aca91070cb04ebea3427e4a62dfec
frontend-developer,Frontend Engineer,Macquarie Group,Indonesia,https://id.jobstreet.com/id/job/91999560?type=standard&ref=search-standalone&origin=cardTitle#sol=cd62219aa589c3037bcda8ddd16b7bcffa5ba324
frontend-developer,Frontend Developer,Sagara Technology Group,Jakarta Raya,https://id.jobstreet.com/id/job/91759976?type=standard&ref=search-standalone&origin=cardTitle#sol=4433c1a2886f2662d7e41d06e499b6194ed4ddb7
frontend-developer,Front-end Developer,PT. THE MOON LAB,Jakarta Raya,https://id.jobstreet.com/id/job/92132302?type=standard&ref=search-standalone&origin=cardTitle#sol=437e8b5db1550e6764897f1b55a4bc924ea3f360
backend-developer,Backend Programmer,PT Nutech Integrasi,Jakarta Raya,https://id.jobstreet.com/id/job/92000167?type=standard&ref=search-standalone&origin=cardTitle#sol=2f67ba9acb6cdd753ffbd6467185d0e323324146
backend-developer,Backend Developer,PT Centria Integrity Advisory,Jakarta Selatan,https://id.jobstreet.com/id/job/91680185?type=standard&ref=search-standalone&origin=cardTitle#sol=2c67b68d0f17529b108e5c979f67e5a8a74bb7ac
backend-developer,Backend Developer,PT Insura Media Solusi (Jakarta),Jakarta Raya,https://id.jobstreet.com/id/job/91890192?type=standard&ref=search-standalone&origin=cardTitle#sol=db3416ebc8b0a184291ea513fddb5eb89e7f758c
backend-developer,IT Developer,PT Wahana Sejahtera Indonesia,Jakarta Selatan,https://id.jobstreet.com/id/job/92056729?type=standard&ref=search-standalone&origin=cardTitle#sol=55abd99686d75cbf66e47c44ba02b766ec0851fb
backend-developer,Back End Developer,PT Digdaya Duta Digital,Setiabudi,https://id.jobstreet.com/id/job/91780684?type=standard&ref=search-standalone&origin=cardTitle#sol=99eaf96ef0318c788085e852402131ace6ddfba3
backend-developer,IT Backend Developer Staff,Orang Tua Group,Jakarta Barat,https://id.jobstreet.com/id/job/92009448?type=standard&ref=search-standalone&origin=cardTitle#sol=251de62cce5896c212c85b23a9dadd449af4562a
backend-developer,Back End Engineer (Node JS) - Outsource,PT Serasi Autoraya (Member of Astra),DI Yogyakarta,https://id.jobstreet.com/id/job/92166564?type=standard&ref=search-standalone&origin=cardTitle#sol=b53816743846b631cd0c59ecb931a1c80026f8f3
backend-developer,Backend Developer,PT Abhimata Persada,Jakarta Raya,https://id.jobstreet.com/id/job/91642289?type=standard&ref=search-standalone&origin=cardTitle#sol=b1220fe33abf856df2ed0ac77bd6c7c1c0387ac9
backend-developer,Back End Java Developer,PT Lawencon Internasional,Jakarta Selatan,https://id.jobstreet.com/id/job/92191747?type=standard&ref=search-standalone&origin=cardTitle#sol=8689f6ca8ac11960af3212090fbe23ff225cf6a5
backend-developer,Back End Developer,PT Dua Puluh Empat Jam Online (UniPin),Tangerang,https://id.jobstreet.com/id/job/91970877?type=standard&ref=search-standalone&origin=cardTitle#sol=f4e5045ff8494e1411271b8f04870e9099c7e4cc
backend-developer,Backend Developer,PT Intersolusi Teknologi Asia,Bandung,https://id.jobstreet.com/id/job/91904584?type=standard&ref=search-standalone&origin=cardTitle#sol=0caad06b41d92d7333d3c3c1e3b9c3f4c1047ec1
backend-developer,Golang Developer,PT IDStar Cipta Teknologi,Jakarta Selatan,https://id.jobstreet.com/id/job/92156596?type=standard&ref=search-standalone&origin=cardTitle#sol=265fba77f66d8ca56fc1525c0f381f33bc8fe31a
backend-developer,Back End Engineer,PT Falah Inovasi Teknologi,Jakarta Selatan,https://id.jobstreet.com/id/job/92087073?type=standard&ref=search-standalone&origin=cardTitle#sol=e68d3265b9e588a8f00766a6ca09fd6cfc3d4896
backend-developer,Senior Back-End TypeScript Developer,PT John Galt Properties,Bali,https://id.jobstreet.com/id/job/91859310?type=standard&ref=search-standalone&origin=cardTitle#sol=765ff2cdcb3fb339d5dbe8cf8ffb289e8909e012
backend-developer,Backend (Golang) Developer,Steradian Data Optima,Jakarta Raya,https://id.jobstreet.com/id/job/91724635?type=standard&ref=search-standalone&origin=cardTitle#sol=eb5db63b67db5ee349609f1fac74896fb2ca8d63
backend-developer,IT Fullstack Developer,PT Sinar Sukses Mandiri,Jakarta Barat,https://id.jobstreet.com/id/job/92011375?type=standard&ref=search-standalone&origin=cardTitle#sol=0175c07734632dd0dc3a0441bdba87dcf9ae6e31
backend-developer,Web Developer,PT Grune Teknologi Indonesia,Denpasar Utara,https://id.jobstreet.com/id/job/92224090?type=standard&ref=search-standalone&origin=cardTitle#sol=4ae28e0f324f8e6c0c33db29c7bbd9ea1436f03b
backend-developer,Fullstack developer,PT Kodenusa Tekno Buana,Jakarta Barat,https://id.jobstreet.com/id/job/92141841?type=standard&ref=search-standalone&origin=cardTitle#sol=04a00b8066ca909497302564200e3668325a150e
backend-developer,Full Stack Developer,Solutech Indonesia Maju,Cempaka Putih,https://id.jobstreet.com/id/job/91909166?type=standard&ref=search-standalone&origin=cardTitle#sol=2203343e53aea2fa6484d58227c1f86e337995ff
backend-developer,IT Full Stack Developer,PT Sahabat Sentra Asia,Jakarta Utara,https://id.jobstreet.com/id/job/92223405?type=standard&ref=search-standalone&origin=cardTitle#sol=ea7141bdc629f6628fd94d7bb142697ba2f0a6c4
backend-developer,APPLICATION DEVELOPER,Raditya Mulia Lestari (RML),Jakarta Utara,https://id.jobstreet.com/id/job/92222521?type=standard&ref=search-standalone&origin=cardTitle#sol=d20aac7cda7c658189604ca928d5acb171a89604
backend-developer,Jr. Backend Developer,PT. Venteny Fortuna International TBK,Jakarta Raya,https://id.jobstreet.com/id/job/91647312?type=standard&ref=search-standalone&origin=cardTitle#sol=afa655f6ca2faec54295cefe920e4bb30aac9517
backend-developer,PROGRAMMER WEB,Pengiklan Anonim,Karawang,https://id.jobstreet.com/id/job/92092188?type=standard&ref=search-standalone&origin=cardTitle#sol=8fdc7b417421b28166da4f6fe72311ba34030d87
backend-developer,Web Developer Intern,PT Indolok Bakti Utama,Jakarta Selatan,https://id.jobstreet.com/id/job/92228164?type=standard&ref=search-standalone&origin=cardTitle#sol=e7cd0ab9e2de5b6ce64591f2d832d482f749f668
backend-developer,Fullstack Developer,PT Adi Data Informatika,Jakarta Raya,https://id.jobstreet.com/id/job/92229901?type=standard&ref=search-standalone&origin=cardTitle#sol=0f8912d1ffc9ecac2a9589bd4728d9cfa67843b2
backend-developer,IT Programmer,PT Asco Prima Mobilindo,Jakarta Raya,https://id.jobstreet.com/id/job/91731636?type=standard&ref=search-standalone&origin=cardTitle#sol=11e8ba2d6a39ba4e360230c083358467f10a0c71
backend-developer,IT System Analyst,Moya Holdings Asia Limited,Jakarta Raya,https://id.jobstreet.com/id/job/92143715?type=standard&ref=search-standalone&origin=cardTitle#sol=616eb8ca07e5e7c8222f9ab498277f074cfe9b3b
backend-developer,SOFTWARE ENGINEER,Kakiku Family Health & Beauty (Tangerang),Tangerang,https://id.jobstreet.com/id/job/92220719?type=standard&ref=search-standalone&origin=cardTitle#sol=aeaa401377054c19847aae965e539f754778c8e3
backend-developer,Front End Engineer,PT Falah Inovasi Teknologi,Jakarta Selatan,https://id.jobstreet.com/id/job/92129984?type=standard&ref=search-standalone&origin=cardTitle#sol=2d89ce4f387290ea6892ff208d8ec402ebd8024a
backend-developer,Fullstack Developer,PT Siba Surya,Semarang,https://id.jobstreet.com/id/job/92169266?type=standard&ref=search-standalone&origin=cardTitle#sol=8b4920e67ccc629fdecb1b6ffd5db0728d7d84a4
backend-developer,Web Programmer,PT Panin Asset Management,Jakarta Selatan,https://id.jobstreet.com/id/job/91918936?type=standard&ref=search-standalone&origin=cardTitle#sol=4cdb0d1a257327de970734eee990c909c19b8e58
backend-developer,Senior Backend Programmer,BRAWIJAYA HOSPITAL GROUP,Jakarta Selatan,https://id.jobstreet.com/id/job/92014007?type=standard&ref=search-standalone&origin=cardTitle#sol=13e039b46200f1eb21933417251e36aae1b170e6
backend-developer,Golang Backend Engineer - PG,PT. MONARCH INTI TEKNOLOGI,Jakarta Barat,https://id.jobstreet.com/id/job/91841986?type=standard&ref=search-standalone&origin=cardTitle#sol=6b1e03e8d034d3da350940b46b64ec527304fd69
backend-developer,Full-stack Engineer,PT CryoCord Indonesia,Jakarta Pusat,https://id.jobstreet.com/id/job/92060205?type=standard&ref=search-standalone&origin=cardTitle#sol=6788972d3ed0c061b1401e1d381b9431730d75ae
backend-developer,Software Engineer (Backend),PT Solusi Pembayaran Elektronik,Cipondoh,https://id.jobstreet.com/id/job/91921930?type=standard&ref=search-standalone&origin=cardTitle#sol=9b466a8d146abdc70812e88cae08753b65681f1a
backend-developer,Senior Programmer Backend,PT Administrasi Medika,Jakarta Pusat,https://id.jobstreet.com/id/job/91622088?type=standard&ref=search-standalone&origin=cardTitle#sol=4176911a21d2bc05febbeaf66a6c1e9a7fac31bb
backend-developer,Full Stack Engineer,PT DIGITAL XCELERATION NUSANTARA,Jakarta Selatan,https://id.jobstreet.com/id/job/91756596?type=standard&ref=search-standalone&origin=cardTitle#sol=c132259cc2ef43dd2b71ce9a92698d512584ee9a
backend-developer,Senior Fullstack Backend Developer,"PT. Trimegah Sekuritas Indonesia, Tbk",Jakarta Selatan,https://id.jobstreet.com/id/job/91690799?type=standard&ref=search-standalone&origin=cardTitle#sol=deb822e771325395e8375abb547198793027cba9
backend-developer,Backend Developer (Golang),PT Ako Media Asia,Jakarta Barat,https://id.jobstreet.com/id/job/91814340?type=standard&ref=search-standalone&origin=cardTitle#sol=7f51eb0fb3c064e94af62329541e08a4b4fd25b1
backend-developer,Backend Engineer,Eiger Ekowisata Nusantara,Bandung,https://id.jobstreet.com/id/job/91662885?type=standard&ref=search-standalone&origin=cardTitle#sol=97369a1ac57ca8b0768afeb8a684a6e6fd8e7860
backend-developer,Fullstack Developer,PT Forty Resources,Jakarta Raya,https://id.jobstreet.com/id/job/92231309?type=standard&ref=search-standalone&origin=cardTitle#sol=73f51cf765cfc05064b395a179ff7bdda1a4840f
backend-developer,Full Stack Developer,Yayasan BPK Penabur Jakarta,Jakarta Barat,https://id.jobstreet.com/id/job/91693479?type=standard&ref=search-standalone&origin=cardTitle#sol=20390289486fe40357e0f34aa12b95044572776f
backend-developer,IT Manager,PT Pharos Indonesia,Jakarta Selatan,https://id.jobstreet.com/id/job/91944027?type=standard&ref=search-standalone&origin=cardTitle#sol=4e20ed1c973884dd4a9ed3224c7c1f3928b08692
backend-developer,Front End Developer,PT Tjitra Selaras Sampoerno,Jakarta Barat,https://id.jobstreet.com/id/job/92069044?type=standard&ref=search-standalone&origin=cardTitle#sol=7eb0bbbfa042d8b770eaf9024225df3e780356bb
backend-developer,Full Stack Developer (Python),Engine Room Global Pte Ltd.,Jakarta Selatan,https://id.jobstreet.com/id/job/91842732?type=standard&ref=search-standalone&origin=cardTitle#sol=4945e7dd84c9608deccce43c2998b0172d04eef5
backend-developer,Software Engineer (Backend Java),PT Rsystems Ibizcs International,Tangerang,https://id.jobstreet.com/id/job/92233595?type=standard&ref=search-standalone&origin=cardTitle#sol=7269367c7476915b2e3b2fa7f28b275e82da4de2
backend-developer,System Developer,PT IDX Solusi Teknologi Informasi,Jakarta Selatan,https://id.jobstreet.com/id/job/91627716?type=standard&ref=search-standalone&origin=cardTitle#sol=b18226969ba22499559b5add1fa27c3f6d897840
backend-developer,Fullstack/Frontend Web Developer,PT Turboly Teknologi Indonesia,Jakarta Barat,https://id.jobstreet.com/id/job/92086828?type=standard&ref=search-standalone&origin=cardTitle#sol=31108d5fe2bfc6d28cac13d07f93195aef0e6fcd
backend-developer,Software Developer,PT System Ever Indonesia,Jakarta Selatan,https://id.jobstreet.com/id/job/91677128?type=standard&ref=search-standalone&origin=cardTitle#sol=43d9210285045d5e97fcbe0c14c38148fec9e087
backend-developer,Software Developer,PT Universal Traktor Indonesia,Tangerang,https://id.jobstreet.com/id/job/92189095?type=standard&ref=search-standalone&origin=cardTitle#sol=2f653dc8a5ddeb9be9c73d4134ced1478fa345fc
backend-developer,"Fullstack Developer (AI-Assisted Dev, Node.js, React, GraphQL)",PT. BADAN KODEFOX TECHNOLOGY SERVICE,Tangerang,https://id.jobstreet.com/id/job/92053050?type=standard&ref=search-standalone&origin=cardTitle#sol=ccaae4f5aacee3838ac36ae009c824a8bbc468cf
backend-developer,Lowongan Kerja Backend Developer,PT Intikom Berlian Mustika,Semarang,https://id.jobstreet.com/id/job/90699122?type=standard&ref=search-standalone&origin=cardTitle#sol=4d9c45b999a9f88ebb7833bec64705b3c6323cf2
backend-developer,IT Programmer,PT Sinar Surya Bajaprofilindo,Cikupa,https://id.jobstreet.com/id/job/91836985?type=standard&ref=search-standalone&origin=cardTitle#sol=9a043497de638f7adbb18ddb830a26f107f7b407
backend-developer,Backend Engineer - Go,PT Sentra Vidya Utama,Surabaya,https://id.jobstreet.com/id/job/92029857?type=standard&ref=search-standalone&origin=cardTitle#sol=8083f3febb832232c899f3ff9fccec2529992750
backend-developer,IT GPS Developer,PT Batavia Prosperindo Trans Tbk.,Serpong,https://id.jobstreet.com/id/job/91972874?type=standard&ref=search-standalone&origin=cardTitle#sol=da58ce276659d978b6c04787e4910bd63de434c4
backend-developer,Senior Back End Engineer,PT Central Mega Kencana,Cempaka Putih,https://id.jobstreet.com/id/job/92068255?type=standard&ref=search-standalone&origin=cardTitle#sol=c0a539a342ed23b8685200d523449f2e814b3908
backend-developer,"Software Engineer, Backend",PT Solusi Transportasi Indonesia,Kebayoran Lama,https://id.jobstreet.com/id/job/92088570?type=standard&ref=search-standalone&origin=cardTitle#sol=1dcf25174244da7cca8ed1447f0b1cc14aea1c07
backend-developer,Node.js Developer,PT Hashmicro Solusi Indonesia,Jakarta Raya,https://id.jobstreet.com/id/job/92173202?type=standard&ref=search-standalone&origin=cardTitle#sol=2365c23da76f3b3f5d27255c5e17d1c0e047842e
backend-developer,FULL STACK SOFTWARE DEVELOPER,Pengiklan Anonim,Jakarta Raya,https://id.jobstreet.com/id/job/91769263?type=standard&ref=search-standalone&origin=cardTitle#sol=ff24ab8db03441110f8de32f59e11e9427459f92
backend-developer,Fullstack Developer,Elitez Pte Ltd,Jakarta Barat,https://id.jobstreet.com/id/job/92166533?type=standard&ref=search-standalone&origin=cardTitle#sol=ce82f7055f860079552953c86b2199e3901fc9be
backend-developer,IT Fullstack,PT Trans Indonesia Superkoridor,Kelapa Gading,https://id.jobstreet.com/id/job/91882288?type=standard&ref=search-standalone&origin=cardTitle#sol=f83c1cae749f3233ce906d9658f8356513b3191d
backend-developer,Flutter / Dart Developer,PT John Galt Properties,Bali,https://id.jobstreet.com/id/job/91859472?type=standard&ref=search-standalone&origin=cardTitle#sol=673810e9be7c997c42cde7e777c610fd14f63847
backend-developer,Junior Software Engineer,PT Technet Vision Indonesia,Jakarta Raya,https://id.jobstreet.com/id/job/91648206?type=standard&ref=search-standalone&origin=cardTitle#sol=cb2b5724b66d87354f7a1f1ff11b3726d207ff6e
backend-developer,Frontend ASP.NET Blazor,PT BANGUNPERKASA  ADHITAMASENTRA,Jakarta Barat,https://id.jobstreet.com/id/job/92201180?type=standard&ref=search-standalone&origin=cardTitle#sol=f4ee1782a31b8ecf601a77de51b3639d59145dd8
backend-developer,Web Trading Developer,PT Micro Piranti Computer,Jakarta Selatan,https://id.jobstreet.com/id/job/92207749?type=standard&ref=search-standalone&origin=cardTitle#sol=c6bdfe845ebaf788a4da6bbcb55382fcacd80a56
backend-developer,Junior Software Developer,PT Intramega Global,Tangerang,https://id.jobstreet.com/id/job/92233497?type=standard&ref=search-standalone&origin=cardTitle#sol=de6fab587c61fb30bb4514e0704c74f78175df5c
backend-developer,IT Programmer,PT Nusantara Pelabuhan Handal Tbk,Jakarta Utara,https://id.jobstreet.com/id/job/91691222?type=standard&ref=search-standalone&origin=cardTitle#sol=4ecf035cf4c0bd4c45ee947e03e9939a94b9ef9f
backend-developer,Frontend Developer,PT Centria Integrity Advisory,Jakarta Selatan,https://id.jobstreet.com/id/job/91680739?type=standard&ref=search-standalone&origin=cardTitle#sol=2a66fb7ca5157eb70db7de2417eaa501883792e5
backend-developer,IT Programmer,MOMIASI OFFICIAL,Bandung,https://id.jobstreet.com/id/job/91965337?type=standard&ref=search-standalone&origin=cardTitle#sol=eb4e0ebed661cfde979c7258fb0b9d455bfc5e91
backend-developer,Full Stack Developer,PT KARYA TEKHNIK UTAMA,Jakarta Barat,https://id.jobstreet.com/id/job/92191658?type=standard&ref=search-standalone&origin=cardTitle#sol=4e964013d6c5481bcefe632839aa120ca804e987
backend-developer,IT & Web Developer,PT Lamindo Prima Mandiri,Jakarta Raya,https://id.jobstreet.com/id/job/91622239?type=standard&ref=search-standalone&origin=cardTitle#sol=1480b3afd6e4314c7b5e65379bc583e10a2e98a7
backend-developer,Web Developer,PT Petrolink Services Indonesia,Jakarta Raya,https://id.jobstreet.com/id/job/91997925?type=standard&ref=search-standalone&origin=cardTitle#sol=55d20e14048843a81302296ce11f099872bf0b48
backend-developer,Information Technology (Programmer),PT Kitoshindo International Biotech,Mojokerto,https://id.jobstreet.com/id/job/92076002?type=standard&ref=search-standalone&origin=cardTitle#sol=b23ef6dca8af073de72496ef6dceb61445b9a52b
backend-developer,AI-Native Fullstack Developer,PT. Superbrands International,Yogyakarta,https://id.jobstreet.com/id/job/91870251?type=standard&ref=search-standalone&origin=cardTitle#sol=807a54e1ae3dd1bc1f79844b7ae4c8951157a53e
backend-developer,Software Developer,Pengiklan Anonim,Kelapa Gading,https://id.jobstreet.com/id/job/92175335?type=standard&ref=search-standalone&origin=cardTitle#sol=92faf980cc6e9a364a088cb8065aa7dbd2c27c49
backend-developer,IT Programmer,PT. Indo Pack Printing,Sidoarjo,https://id.jobstreet.com/id/job/91786128?type=standard&ref=search-standalone&origin=cardTitle#sol=4a172ab56f250a9ded1d1a9f730d93326f10e4a0
backend-developer,Sr. Frontend Developer (Web + Native UIs),"PT. Trimegah Sekuritas Indonesia, Tbk",Jakarta Selatan,https://id.jobstreet.com/id/job/92175264?type=standard&ref=search-standalone&origin=cardTitle#sol=44d35f79a807120de11798f5089434ef8944ff07
backend-developer,Programmer,PT. Lestari Mulia Sentosa,Sidoarjo,https://id.jobstreet.com/id/job/92064275?type=standard&ref=search-standalone&origin=cardTitle#sol=2383a2657a6cd5efb0fb623a974e15172e203af7
backend-developer,Full Stack Software Engineer (CAD Rooms Cloud PDM),Cavalry Collective Pte. Ltd,Jakarta Raya,https://id.jobstreet.com/id/job/91584877?type=standard&ref=search-standalone&origin=cardTitle#sol=d47f2d8c4a4fb519cd5b594c7ca9ae2d858a3413
backend-developer,UI/UX Engineer,PT IT Group Indonesia,Jakarta Selatan,https://id.jobstreet.com/id/job/91988260?type=standard&ref=search-standalone&origin=cardTitle#sol=008c31812371c6a0b603138066aa334336c5bec3
backend-developer,Freelance Fullstack Engineer,PT Solusi Prima Packaging,Tangerang Selatan,https://id.jobstreet.com/id/job/92197064?type=standard&ref=search-standalone&origin=cardTitle#sol=3d512097135a8c53bad76783156788b86eb50739
backend-developer,FULL STACK DEVELOPER STAFF,PT Asuransi Jiwa Syariah Al Amin,Jakarta Selatan,https://id.jobstreet.com/id/job/92051493?type=standard&ref=search-standalone&origin=cardTitle#sol=449e61585c160af316bc7cf190ad633bec5594c7
backend-developer,IT Developer,PT Mitra Transaksi Indonesia,Jakarta Raya,https://id.jobstreet.com/id/job/91958267?type=standard&ref=search-standalone&origin=cardTitle#sol=95be4c5f1cbba62921eb1e3b8301338cd26b1c01
backend-developer,PHP Developer,Askarasoft,Jakarta Barat,https://id.jobstreet.com/id/job/91706441?type=standard&ref=search-standalone&origin=cardTitle#sol=ec1327be2ff43bc930336daf0af9595088eb33a4
backend-developer,.Net Developer (Full Stack),PT Kamoro Maxima Integra,Jakarta Selatan,https://id.jobstreet.com/id/job/92130925?type=standard&ref=search-standalone&origin=cardTitle#sol=07640b0e327545a13dadd2e0eb6fa4bebdb6e0ef
backend-developer,Senior Software Engineer,Kawan Lama Group,Jakarta Raya,https://id.jobstreet.com/id/job/92211954?type=standard&ref=search-standalone&origin=cardTitle#sol=effddc064f53623f7d7a561468ee9391c55bc757
backend-developer,Web Developer (PHP / Laravel),Kop. Nusantara,Jakarta Selatan,https://id.jobstreet.com/id/job/92002622?type=standard&ref=search-standalone&origin=cardTitle#sol=f89df7a3b81a58dc33a54e152fd35c031f353185
backend-developer,Corporate HRIS Programmer,PT Wahana Duta Jaya Rucika,Jakarta Raya,https://id.jobstreet.com/id/job/92029460?type=standard&ref=search-standalone&origin=cardTitle#sol=6e3f01e28095dda849cd17f2e7ddd12a3c244f6f
backend-developer,IT Application Developer,PT Supra Boga Lestari Tbk,Jakarta Barat,https://id.jobstreet.com/id/job/91907934?type=standard&ref=search-standalone&origin=cardTitle#sol=f9f4be48948d57ba52f43e85ab14295d6a9741a9
backend-developer,Golang Developer,PT Lawencon Internasional,Jakarta Selatan,https://id.jobstreet.com/id/job/92179241?type=standard&ref=search-standalone&origin=cardTitle#sol=d248f02c9ccc3808400eb72f5f775c7a05eef449
backend-developer,Software Developer,PT Swadharma Duta Data,Jakarta Raya,https://id.jobstreet.com/id/job/91908572?type=standard&ref=search-standalone&origin=cardTitle#sol=6c19db0b639d2190849d08614679a307b2eb8f27
backend-developer,Team Lead Application Developer,PT Sigma Cipta Utama,Tangerang Selatan,https://id.jobstreet.com/id/job/91879829?type=standard&ref=search-standalone&origin=cardTitle#sol=055cc07b09374d72a6178ef0f6bd33f9705aac04
backend-developer,IT JAVA Programmer (Senior),PT Hitachi eBworx Indonesia,Jakarta Pusat,https://id.jobstreet.com/id/job/91880983?type=standard&ref=search-standalone&origin=cardTitle#sol=8d30d3542f863c5fcb954e2c7b7e0bd93a7bcacf
backend-developer,Developer,PT Masmindo Dwi Area,Tangerang,https://id.jobstreet.com/id/job/91681054?type=standard&ref=search-standalone&origin=cardTitle#sol=151787bb8450f92e1b28918b4db1a944780c8cb3
backend-developer,Junior Full Stack Developer (Java),PT Lawencon Internasional,Jakarta Selatan,https://id.jobstreet.com/id/job/92177398?type=standard&ref=search-standalone&origin=cardTitle#sol=156562fca4ff1a87fc195026bc6a488ba82d6564
backend-developer,Odoo Developer Intern,PT Foom Lab Global,Jakarta Selatan,https://id.jobstreet.com/id/job/91884272?type=standard&ref=search-standalone&origin=cardTitle#sol=cad8c7ce621c1b5b7c17312cd1767b01983f3c79
backend-developer,Full Stack Developer,PT Idana Solusi Sejahtera,Jakarta Selatan,https://id.jobstreet.com/id/job/91673657?type=standard&ref=search-standalone&origin=cardTitle#sol=46a209284eb0d9c17d5b8330ccc6bd4b9daadb92
backend-developer,Software Engineer,PT Sentra Vidya Utama,Surabaya,https://id.jobstreet.com/id/job/92179879?type=standard&ref=search-standalone&origin=cardTitle#sol=1897601cf396f79fee70fb17facac971d88e6920
backend-developer,"Senior Software Engineer, Backend",PT Solusi Transportasi Indonesia,Kebayoran Lama,https://id.jobstreet.com/id/job/92184473?type=standard&ref=search-standalone&origin=cardTitle#sol=c59fab3926c09a4df958e37995ab7103d903428f
backend-developer,Senior Full Stack Developer,AME Mineral Economics Pty Ltd,Jakarta Selatan,https://id.jobstreet.com/id/job/91905680?type=standard&ref=search-standalone&origin=cardTitle#sol=93cf0809700d49054f05fb9f1e818a2207a08a21
backend-developer,Senior AI Programmer / Architect,"PT Tera Data Indonusa, Tbk",Cakung,https://id.jobstreet.com/id/job/92089340?type=standard&ref=search-standalone&origin=cardTitle#sol=f821124ab101dfc29916195d33f9f9b214f11d27
backend-developer,Full-Stack & Mobile Developer (AI/ML Skills),Pengiklan Anonim,Medan,https://id.jobstreet.com/id/job/91733518?type=standard&ref=search-standalone&origin=cardTitle#sol=875da2f54c41f7156ccba1e0e0cf2aa57007c1f0
backend-developer,Software Engineer -  Backend,PT Formulatrix Indonesia,Jawa Tengah,https://id.jobstreet.com/id/job/92040266?type=standard&ref=search-standalone&origin=cardTitle#sol=9b97a880620ae308df1842f0b0b70bafd4773967
backend-developer,Developer,PT Lintas Media Danawa,Jakarta Raya,https://id.jobstreet.com/id/job/91669245?type=standard&ref=search-standalone&origin=cardTitle#sol=d256e0afbce1c4d9aa9d72b74eb6a033f105d0b2
backend-developer,Senior Software Engineer / Technical Lead - CMMS Platform,Kraanwerks Pte. Ltd.,Batam,https://id.jobstreet.com/id/job/91810237?type=standard&ref=search-standalone&origin=cardTitle#sol=cf0545587a4883c1a802cd860575c8b03a320d6c
backend-developer,Intermediate ASP.NET Core Developer,PT Sahassa Panca Manunggal,Jakarta Raya,https://id.jobstreet.com/id/job/91628067?type=standard&ref=search-standalone&origin=cardTitle#sol=5914f52f89d8e01e85326f0eae8f0966c22b3ca8
backend-developer,"Senior Software Engineer, Backend",PT Solusi Transportasi Indonesia,Kebayoran Lama,https://id.jobstreet.com/id/job/91402389?type=standard&ref=search-standalone&origin=cardTitle#sol=757fbcd0ba964bf1fdaa8410b29b7b19c01510cf
backend-developer,Staff Backend/Interface Development - R&D Jakarta,PT SUPRANUSA SINDATA,Kelapa Gading,https://id.jobstreet.com/id/job/92091469?type=standard&ref=search-standalone&origin=cardTitle#sol=d63bd35d01586605b7b094a9dedce5789c1b3c90
backend-developer,Java/Full-Stack Developer,PT Triyakom,Jakarta Selatan,https://id.jobstreet.com/id/job/91688320?type=standard&ref=search-standalone&origin=cardTitle#sol=c60b7377b53ed1c16c5e2f13490b8533dcd192f0
backend-developer,Senior Odoo Developer (Technical),PT Nisson Indonesia,Tangerang,https://id.jobstreet.com/id/job/92133666?type=standard&ref=search-standalone&origin=cardTitle#sol=52cc6f4ba89ec154b312a32f26bdcbb387c6c462
backend-developer,"Senior Software Engineer, Backend",PT Solusi Transportasi Indonesia,Kebayoran Lama,https://id.jobstreet.com/id/job/91383234?type=standard&ref=search-standalone&origin=cardTitle#sol=1cab3c16de1bcd352d68f90fc7b69433825af953
backend-developer,IT JAVA Programmer (Junior),PT Hitachi eBworx Indonesia,Jakarta Pusat,https://id.jobstreet.com/id/job/91880847?type=standard&ref=search-standalone&origin=cardTitle#sol=a25fb9105e72170c9171c21d758ca61b68cd7c54
backend-developer,Tech Lead Ruby on Rails,Luce Maintenance Group,Jakarta Barat,https://id.jobstreet.com/id/job/92079290?type=standard&ref=search-standalone&origin=cardTitle#sol=0a5ba58898d7eb50b718e8da5fd4ecc5e11fedf2
backend-developer,DevOps,PT. MONARCH INTI TEKNOLOGI,Jakarta Barat,https://id.jobstreet.com/id/job/91816714?type=standard&ref=search-standalone&origin=cardTitle#sol=7b4ffee63ce2760899b215063ac9de1fab20c872
backend-developer,IOS Developer,PT GLOBAL LOYALTY INDONESIA,Tangerang,https://id.jobstreet.com/id/job/91942760?type=standard&ref=search-standalone&origin=cardTitle#sol=e4fc56d6b28e89de890dac4d737723b64000007f
backend-developer,C# Developer,PT Petrolink Services Indonesia,Jakarta Selatan,https://id.jobstreet.com/id/job/91998030?type=standard&ref=search-standalone&origin=cardTitle#sol=65dac7cb45b4cb98a96ea1f0ee4f5c499225f429
backend-developer,Senior Programmer ( Kota Makassar),Universitas Ciputra Surabaya,Makassar,https://id.jobstreet.com/id/job/91646026?type=standard&ref=search-standalone&origin=cardTitle#sol=de3c93b52294fdb656437f94805bd3898dc6ca4e
backend-developer,Avaloq Developer – Defect Resolution / Application Support,G2 Comtech Asia Pte Ltd,Jakarta Raya,https://id.jobstreet.com/id/job/91796768?type=standard&ref=search-standalone&origin=cardTitle#sol=e72465d41e0b5f50189793629e25d29f9122a9ed
backend-developer,Junior Software Developer,PT Sahabat Laut Lestari,Denpasar,https://id.jobstreet.com/id/job/92058700?type=standard&ref=search-standalone&origin=cardTitle#sol=f88c330e394f5c65bd03ecd680f23d7ad4459d67
backend-developer,Software Engineer in Test - Insurance,PT Solusi Transportasi Indonesia,Kebayoran Lama,https://id.jobstreet.com/id/job/91992802?type=standard&ref=search-standalone&origin=cardTitle#sol=f9f486905d0bfa30c19368a1d970f97ff0176328
backend-developer,Head of Software Solutions,Yayasan Bina Nusantara,Jakarta Barat,https://id.jobstreet.com/id/job/91811407?type=standard&ref=search-standalone&origin=cardTitle#sol=97afb9c9a0662d05cacd8ed35d36f96f61c2e296
backend-developer,Software Engineer,Geonet Property & Finance Group,Bali,https://id.jobstreet.com/id/job/91697051?type=standard&ref=search-standalone&origin=cardTitle#sol=353a75ccc89577c01fdef2279d119fec777a5188
backend-developer,Java Developer,PT Karisma Zona Kreatifku,Jakarta Raya,https://id.jobstreet.com/id/job/92015869?type=standard&ref=search-standalone&origin=cardTitle#sol=835cb1edc536227ce83cc398222989f439fc972e
backend-developer,Junior Software Engineer (JAVA),PT Infinitium Solutions,Jakarta Raya,https://id.jobstreet.com/id/job/91564329?type=standard&ref=search-standalone&origin=cardTitle#sol=7cbc51749ae6a435426c919f63c0f20e0cf8bb39
backend-developer,Java Developer,"PT. Metrodata Electronics, Tbk",Kalideres,https://id.jobstreet.com/id/job/92184483?type=standard&ref=search-standalone&origin=cardTitle#sol=cbbb78df2154fbcf63a8082dc4a90787d6c851b8
backend-developer,"Engineering Manager, Backend - Consumer Experience",PT Solusi Transportasi Indonesia,Kebayoran Lama,https://id.jobstreet.com/id/job/91402403?type=standard&ref=search-standalone&origin=cardTitle#sol=69f9dd9d0c52e0b264da75522bb617cb132d3297
backend-developer,JAVA Developer Expert (IT Audit & Regulatory Compliance),PT Sejahtera Sama Kita,Jakarta Raya,https://id.jobstreet.com/id/job/92141580?type=standard&ref=search-standalone&origin=cardTitle#sol=9fe08a0cd93aa5b66b5a70913519c9889e167abc
backend-developer,"Full Stack Developer (Node.js, React.js, SQL, AWS)",PT Kencana Jaya Kreasi Lestari,Jakarta Barat,https://id.jobstreet.com/id/job/91789576?type=standard&ref=search-standalone&origin=cardTitle#sol=76b53b2fcfbef9607462899fdb5a99ed432a7cf6
backend-developer,PROGRAMMER,PT. PLANA NETWORKS INDONESIA,Jakarta Raya,https://id.jobstreet.com/id/job/91997735?type=standard&ref=search-standalone&origin=cardTitle#sol=fba00dcef88cc055e54a2b3979f5380c2fdb2ca2
backend-developer,FULL STACK DEVELOPER (WEB APLIKASI),PT. AMORA WALET INDONESIA,Bojonegoro,https://id.jobstreet.com/id/job/91775137?type=standard&ref=search-standalone&origin=cardTitle#sol=1543b5e6d33b698dde655b64e848b542a4bde7f1
backend-developer,"Lead Engineer, AI Agents & Backend Platforms",PT Solusi Transportasi Indonesia,Kebayoran Lama,https://id.jobstreet.com/id/job/91128120?type=standard&ref=search-standalone&origin=cardTitle#sol=442851f84041d8045c0cf6aaa5952ee363b9a43a
backend-developer,Programmer,PT. Ken Solusindo,Jawa Tengah,https://id.jobstreet.com/id/job/91764525?type=standard&ref=search-standalone&origin=cardTitle#sol=93716862c652f25789db851782e408b22563d17d
backend-developer,Java Spring Boot Developer,PT Hare Business Consulting,Denpasar,https://id.jobstreet.com/id/job/91700949?type=standard&ref=search-standalone&origin=cardTitle#sol=7d507aac1dcd401e77b8d513a55cdb0f3918d690
backend-developer,Lowongan Kerja SAP ABAP Developer,PT Accenture,Semarang,https://id.jobstreet.com/id/job/90943484?type=standard&ref=search-standalone&origin=cardTitle#sol=3866afa761a0b04fd64093f3739b344e1623b63b
backend-developer,Full Stack Developer,PT IDStar Cipta Teknologi,Jakarta Raya,https://id.jobstreet.com/id/job/92156605?type=standard&ref=search-standalone&origin=cardTitle#sol=f3adf75ad8a5a95b1eb6db8fe9e78e8fc2892581
backend-developer,Full Stack Developer (Nuxt.js & Laravel),PT Eigerindo Multi Produk Industri,Kabupaten Bandung,https://id.jobstreet.com/id/job/92168194?type=standard&ref=search-standalone&origin=cardTitle#sol=911ca4844649b96915267300dd71d2fea98d299e
backend-developer,Frontend Developer,PT Abhimata Persada,Jakarta Raya,https://id.jobstreet.com/id/job/91643170?type=standard&ref=search-standalone&origin=cardTitle#sol=3ccc434219ac7b7420b0991e9c38544282aa7333
backend-developer,Epicor Developer,PT Lyman Investindo,Jakarta Pusat,https://id.jobstreet.com/id/job/91893733?type=standard&ref=search-standalone&origin=cardTitle#sol=788c36ea932e063bc8fdd6ff87386e6c2868f43d
backend-developer,Senior Odoo Developer,PT IDStar Cipta Teknologi,Jakarta Selatan,https://id.jobstreet.com/id/job/91674879?type=standard&ref=search-standalone&origin=cardTitle#sol=6ad979f82012f783d2e98b82879d3e3eda054b7b
backend-developer,Lead Developer (Python),PT Hashmicro Solusi Indonesia,Jakarta Raya,https://id.jobstreet.com/id/job/91945009?type=standard&ref=search-standalone&origin=cardTitle#sol=e64578510b5563da1b3f55422f8916a312351402
backend-developer,AI – AUGMENTED FULLSTACK DEVELOPER,"PT Jasnita Telekomindo, Tbk",Jakarta Raya,https://id.jobstreet.com/id/job/91997427?type=standard&ref=search-standalone&origin=cardTitle#sol=26a1ad0b430b7c8a2a182cc8472974bf0fc59bd1
backend-developer,Software Engineer (Japanese Speaker),PT Trust Recruit Indonesia,Jakarta Selatan,https://id.jobstreet.com/id/job/91726324?type=standard&ref=search-standalone&origin=cardTitle#sol=37131e7a58980d1f2d51be378e42a8e569a15548
backend-developer,Full-Stack Data Engineer (Fleet),PRIMA GROUP,Tangerang,https://id.jobstreet.com/id/job/91624812?type=standard&ref=search-standalone&origin=cardTitle#sol=37b0d45e2fd6c776ae13559364e2310ec8646c41
backend-developer,IT Mandarin–Indonesian Translator,PT Sangkuriang Internasional,Jakarta Selatan,https://id.jobstreet.com/id/job/91767441?type=standard&ref=search-standalone&origin=cardTitle#sol=a050032905a7b5687cea0c34894b89dab1e53702
backend-developer,Python Developer - Django (Experienced),PT Hashmicro Solusi Indonesia,Jakarta Raya,https://id.jobstreet.com/id/job/91815155?type=standard&ref=search-standalone&origin=cardTitle#sol=224cc9cab9de61df8127df1d61118abaaac6560b
backend-developer,Frontend Developer,PT Gogomedia Visindo,Tangerang Selatan,https://id.jobstreet.com/id/job/92079550?type=standard&ref=search-standalone&origin=cardTitle#sol=ac44ff3845a07839935ed606864d2c396c353c54
backend-developer,Java Developer - WFO - Jakarta (ID: 571237),PT PERSOL RECRUITMENT INDONESIA,Jakarta Raya,https://id.jobstreet.com/id/job/91639186?type=standard&ref=search-standalone&origin=cardTitle#sol=995569792f5a2e0aa0bc53cbea4e99d7617c12f7
backend-developer,Senior Backend Engineer,PT Panin Sekuritas Tbk,Jakarta Selatan,https://id.jobstreet.com/id/job/91755487?type=standard&ref=search-standalone&origin=cardTitle#sol=f25adf8983a6b63aff69d926547d35a9145c5ae3
backend-developer,Developer Full Stack,PT Pesonna Indonesia Jaya,Jakarta Pusat,https://id.jobstreet.com/id/job/91660877?type=standard&ref=search-standalone&origin=cardTitle#sol=c77bef747d52718f583d64a296f74db3c0dbaaf3
backend-developer,Ads Back-end Operation Specialist,PT Trust Recruit Indonesia,Jakarta Selatan,https://id.jobstreet.com/id/job/92032098?type=standard&ref=search-standalone&origin=cardTitle#sol=0d0c48c472eb4f22b6ae6e4476ed73b8b2bbbcec
backend-developer,Senior Backend Engineer (Application),PT Panin Sekuritas Tbk,Jakarta Selatan,https://id.jobstreet.com/id/job/91801297?type=standard&ref=search-standalone&origin=cardTitle#sol=dbe849bb9c576e75a39b467906f164e9a716814e
backend-developer,Fullstack Developer (.Net),PT Karisma Zona Kreatifku,Jakarta Raya,https://id.jobstreet.com/id/job/92127625?type=standard&ref=search-standalone&origin=cardTitle#sol=1085dd815deaf836b8316b188fef343d1164e4b4
backend-developer,Senior .NET Full Stack Engineer (English Speaker),PT Artha Solutions Indonesia,Jakarta Raya,https://id.jobstreet.com/id/job/91619703?type=standard&ref=search-standalone&origin=cardTitle#sol=ea4a8ae24e9402aa2b892bd1f0f39e411d2bc56a
backend-developer,WordPress Leader,PT DORAN SUKSES INDONESIA (JETE INDONESIA),Surabaya,https://id.jobstreet.com/id/job/92161334?type=standard&ref=search-standalone&origin=cardTitle#sol=d8f64ba20b5ea09c37ee34d682809f574a3800ff
backend-developer,Java Developer,PT Nawa Data Solutions,Jakarta Selatan,https://id.jobstreet.com/id/job/91395453?type=standard&ref=search-standalone&origin=cardTitle#sol=759fc69c700fee339749c94d264869192cd5e0be
backend-developer,Web Programmer,PT Cakra Media Data,Bali,https://id.jobstreet.com/id/job/91960272?type=standard&ref=search-standalone&origin=cardTitle#sol=2c67abfacc0eb813181abafc1a11aefe00e91cf2
backend-developer,Head of Application Architect,Yayasan Bina Nusantara,Jakarta Raya,https://id.jobstreet.com/id/job/91811618?type=standard&ref=search-standalone&origin=cardTitle#sol=43137e61f1f0b0bc3fd69bfd2591eb97830fe29d
backend-developer,SAP ABAP Developer - Global IT Consulting Company,PT Adecco Personnel Indonesia,Jakarta Raya,https://id.jobstreet.com/id/job/91813545?type=standard&ref=search-standalone&origin=cardTitle#sol=78c23abc72d0468a3bbd90e2baf60ec7fc28d965
backend-developer,Senior Backend Engineer,Eiger Ekowisata Nusantara,Bandung,https://id.jobstreet.com/id/job/91650178?type=standard&ref=search-standalone&origin=cardTitle#sol=a47beecfde23714920386d7bdd95ab34f18575fa
backend-developer,AI Engineer,PT ILOGO INFRALOGY,Kebon Jeruk,https://id.jobstreet.com/id/job/92062006?type=standard&ref=search-standalone&origin=cardTitle#sol=e0ee684d035495a26727a080de951732aadc7d47
ui-ux-designer,UI/UX Designer,PT Wahana Makmur Sejati (Wahanaartha Group),Jakarta Raya,https://id.jobstreet.com/id/job/92232496?type=standard&ref=search-standalone&origin=cardTitle#sol=7e947b5e5c0087913d506fa419b52b9825bf2b91
ui-ux-designer,UI / UX Designer,IMT TECH SDN. BHD.,Jakarta Raya,https://id.jobstreet.com/id/job/92143156?type=standard&ref=search-standalone&origin=cardTitle#sol=f1dda9d81cf02ff0f9257249b54b7a5e14177730
ui-ux-designer,UI / UX Designer Internship,OPPO Indonesia,Tangerang,https://id.jobstreet.com/id/job/91774586?type=standard&ref=search-standalone&origin=cardTitle#sol=5e9d6c8e1eb95299c8fdef9bc7740089bd0af9a4
ui-ux-designer,UI/UX Designer,PT SUITEN INOVASI SUKSES,Jakarta Pusat,https://id.jobstreet.com/id/job/91766421?type=standard&ref=search-standalone&origin=cardTitle#sol=455232012e5e748091712177de169583c4987736
ui-ux-designer,UI/UX Designer,PT Abhimata Persada,Jakarta Raya,https://id.jobstreet.com/id/job/91643203?type=standard&ref=search-standalone&origin=cardTitle#sol=c0646415efeb77562fadfb1ec76eabfe70f8be0a
ui-ux-designer,UI/UX Development,PT Digdaya Duta Digital,Setiabudi,https://id.jobstreet.com/id/job/91787735?type=standard&ref=search-standalone&origin=cardTitle#sol=d00f85b1dee0afee66c4480c4a476d176558b4c9
ui-ux-designer,Web Designer,PT Lelco Trindo Graha Nusantara,Jakarta Utara,https://id.jobstreet.com/id/job/91993263?type=standard&ref=search-standalone&origin=cardTitle#sol=4d4e7af10ecf1d869501df631930555a6e84a1e3
ui-ux-designer,UI/UX Engineer,PT IT Group Indonesia,Jakarta Selatan,https://id.jobstreet.com/id/job/91988260?type=standard&ref=search-standalone&origin=cardTitle#sol=ef283557a9f0b5459009b4f9b78a6b6ed6ab6fab
ui-ux-designer,Multimedia Creative Content Designer (Fashion & Lifestyle),Bimbi Group,Jakarta Selatan,https://id.jobstreet.com/id/job/91690369?type=standard&ref=search-standalone&origin=cardTitle#sol=35cc578e9651b9d10c8a29e8c54de6b2515b3245
ui-ux-designer,Designer Drafter,Jago Coffee,Jakarta Pusat,https://id.jobstreet.com/id/job/92177150?type=standard&ref=search-standalone&origin=cardTitle#sol=35ff5e162c206d7404365fa5198b9845e063fece
ui-ux-designer,Graphic Designer,Traeze Pte. Ltd.,Jakarta Raya,https://id.jobstreet.com/id/job/91707217?type=standard&ref=search-standalone&origin=cardTitle#sol=826619ed476ab8f2d55ad985a8114e888242091b
ui-ux-designer,Senior Game Designer,PT Gameloft Indonesia (Yogyakarta),Yogyakarta,https://id.jobstreet.com/id/job/92163702?type=standard&ref=search-standalone&origin=cardTitle#sol=8c6c09a4e54a7a4ffdf1c8f6396519c6f2a5d3e7
ui-ux-designer,GRAPHIC DESIGNER @ Verites & Good Perfume Studio,PT BERSERI LEWAT AROMA,Tangerang,https://id.jobstreet.com/id/job/91792153?type=standard&ref=search-standalone&origin=cardTitle#sol=5aca3d1462d1f46138c9e39c2c172caedb3e9603
ui-ux-designer,Product Designer (Packaging & Brand Experience),PT. Dewata Harapan Lestari,Badung,https://id.jobstreet.com/id/job/91755412?type=standard&ref=search-standalone&origin=cardTitle#sol=bce61b75a916d02faa5ff82f75876db62f38e1c2
ui-ux-designer,Fullstack Developer,PT Siba Surya,Semarang,https://id.jobstreet.com/id/job/92169266?type=standard&ref=search-standalone&origin=cardTitle#sol=fdc693149302d99943886d61b2b4d873aa45e854
ui-ux-designer,SENIOR GRAPHIC DESIGNER,Pengiklan Anonim,Bali,https://id.jobstreet.com/id/job/91992702?type=standard&ref=search-standalone&origin=cardTitle#sol=a6e7051afe4db0dca6604f3380642e3a815fdf78
ui-ux-designer,Designer dan Marketing,Persek. Farida Law Office,Jakarta Selatan,https://id.jobstreet.com/id/job/92034095?type=standard&ref=search-standalone&origin=cardTitle#sol=43ff04a6acc90d0c3f1ef75aff1490e037ebc3ea
ui-ux-designer,Senior UI/UX Engineer,"PT Tera Data Indonusa, Tbk",Cakung,https://id.jobstreet.com/id/job/92090724?type=standard&ref=search-standalone&origin=cardTitle#sol=8c1df20f5102c895a4bca17f2f95d85d888c85d2
ui-ux-designer,Shopify E-Commerce Manager / Developer,No Risk Designs,Jakarta Raya,https://id.jobstreet.com/id/job/92095917?type=standard&ref=search-standalone&origin=cardTitle#sol=26c66027061084f7b6f539f3356c1a921ebed80b
ui-ux-designer,Learning Experience Designer (Videographer),PT Tjitra Selaras Sampoerno,Jakarta Barat,https://id.jobstreet.com/id/job/92067253?type=standard&ref=search-standalone&origin=cardTitle#sol=b723bf97936cee352152c8d7fa316eff38a629b4
ui-ux-designer,Frontend ASP.NET Blazor,PT BANGUNPERKASA  ADHITAMASENTRA,Jakarta Barat,https://id.jobstreet.com/id/job/92201180?type=standard&ref=search-standalone&origin=cardTitle#sol=359326606e5da766b7ceddfec94a5af01b8dc7c5
ui-ux-designer,AI-Native Fullstack Developer,PT. Superbrands International,Yogyakarta,https://id.jobstreet.com/id/job/91870251?type=standard&ref=search-standalone&origin=cardTitle#sol=ce7514283c9227e6f757096a7265dffb22273842
ui-ux-designer,Graphic Designer,Solusi Klik,Karawaci,https://id.jobstreet.com/id/job/92146354?type=standard&ref=search-standalone&origin=cardTitle#sol=31bdb285ddb786dbf56a071a937653bfbcc2d0fa
ui-ux-designer,Product Designer,NAKEDSOL,Jakarta Utara,https://id.jobstreet.com/id/job/91676222?type=standard&ref=search-standalone&origin=cardTitle#sol=68f535a31668d5a158db51c0471880d223c81b2f
ui-ux-designer,Creative Manager,Whisper Media,Jakarta Raya,https://id.jobstreet.com/id/job/92131512?type=standard&ref=search-standalone&origin=cardTitle#sol=62c4c91659751c8a5cff7bb40036b9f3029b5b6c
ui-ux-designer,Fullstack/Frontend Web Developer,PT Turboly Teknologi Indonesia,Jakarta Barat,https://id.jobstreet.com/id/job/92086828?type=standard&ref=search-standalone&origin=cardTitle#sol=c57790ac52d37e5b2ce371cb78c3ac208dacb8be
ui-ux-designer,Website Builder & Content Publisher [UI/UX Experience],Process Flow SRL,Bali,https://id.jobstreet.com/id/job/91678815?type=standard&ref=search-standalone&origin=cardTitle#sol=7f0aba385470d0b9ba88c660a81e95490310fce8
ui-ux-designer,Fashion Designer,CV Trijaya Makmur,Surabaya,https://id.jobstreet.com/id/job/92203202?type=standard&ref=search-standalone&origin=cardTitle#sol=434a0fb8d77470eb617b9acaa0b775bcf81710cb
ui-ux-designer,IT & Web Developer,PT Lamindo Prima Mandiri,Jakarta Raya,https://id.jobstreet.com/id/job/91622239?type=standard&ref=search-standalone&origin=cardTitle#sol=80e467987f0ded1b51105ac9071431ba69cdf1e7
ui-ux-designer,Front End Developer,PT Tjitra Selaras Sampoerno,Jakarta Barat,https://id.jobstreet.com/id/job/92069044?type=standard&ref=search-standalone&origin=cardTitle#sol=9951b5105b6541e8bbfcb0fc8f15559fef36b0db
ui-ux-designer,Product Designer (For Shoes & Bag),Klamby,Tangerang,https://id.jobstreet.com/id/job/91680286?type=standard&ref=search-standalone&origin=cardTitle#sol=8ade446c9bac475b60e50a20a7bc518dff95111e
ui-ux-designer,Designer Product Furniture,PT. Dwida Jaya Tama,Bogor,https://id.jobstreet.com/id/job/92003019?type=standard&ref=search-standalone&origin=cardTitle#sol=132ffb24b9b08405162cee570c7d6e96fcfc9d85
ui-ux-designer,Quality Assurance,PT Abhimata Persada,Jakarta Raya,https://id.jobstreet.com/id/job/91643235?type=standard&ref=search-standalone&origin=cardTitle#sol=d6e96d4b8d3c10950b3a1cf518de18d20b335aae
ui-ux-designer,Graphic Designer,PT Mandiri Anugerah Bersama,Tandes,https://id.jobstreet.com/id/job/92190480?type=standard&ref=search-standalone&origin=cardTitle#sol=fadcfded25276476058a261b7b32041aa3189c74
ui-ux-designer,3D Footwear and Pattern Designer,PT Yumeida Utama,Medan,https://id.jobstreet.com/id/job/92129370?type=standard&ref=search-standalone&origin=cardTitle#sol=abf723d9a350bfda81c0f3363b941a568b642d42
ui-ux-designer,Junior Web Developer,Solusi Klik,Karawaci,https://id.jobstreet.com/id/job/92206567?type=standard&ref=search-standalone&origin=cardTitle#sol=b67e7427a733a89a2e34ae5c721d28c5dfac12f6
ui-ux-designer,Head of Software Product,PT Netcom Scinergy Newsantara,Bekasi,https://id.jobstreet.com/id/job/91637356?type=standard&ref=search-standalone&origin=cardTitle#sol=667a90646cff1d43da35e0d0d678741187fc7637
ui-ux-designer,Quality Assurance Team Lead,PT Sqiva Infotech Nusantara,Jakarta Pusat,https://id.jobstreet.com/id/job/91949134?type=standard&ref=search-standalone&origin=cardTitle#sol=b43478ff8413260dfc27b97aaa19e5a22bdce9f9
ui-ux-designer,Graphic Designer,Lesso Technology Indonesia Trading,Cikupa,https://id.jobstreet.com/id/job/91704373?type=standard&ref=search-standalone&origin=cardTitle#sol=a1b62467a2d6b352c01374e654ddd1f1a41f4b4e
ui-ux-designer,Packaging Designer Intern,PT Foom Lab Global,Cikupa,https://id.jobstreet.com/id/job/92095593?type=standard&ref=search-standalone&origin=cardTitle#sol=74733ed5207548396caa2936f24528b498bf3304
ui-ux-designer,2D Designer Project Based,PT Dyandra Promosindo,Jakarta Raya,https://id.jobstreet.com/id/job/91834233?type=standard&ref=search-standalone&origin=cardTitle#sol=81646282e4c0a38b0aac89e01df46d4dc61d5764
ui-ux-designer,Dosen Sistem Informasi,ESQ Group,Jakarta Raya,https://id.jobstreet.com/id/job/91690869?type=standard&ref=search-standalone&origin=cardTitle#sol=fb5eebefa31e71bce90af1b293db9d3234cf4a58
ui-ux-designer,Product Designer,PT Hydrax Teknologi Indonesia,Jakarta Selatan,https://id.jobstreet.com/id/job/92092133?type=standard&ref=search-standalone&origin=cardTitle#sol=cccc9b716b1669d99e088171f39508f06b99e1ea
ui-ux-designer,IOS Developer,PT GLOBAL LOYALTY INDONESIA,Tangerang,https://id.jobstreet.com/id/job/91942760?type=standard&ref=search-standalone&origin=cardTitle#sol=4412242195e1b18d66f29a37186642eba72dc6e0
ui-ux-designer,Sr. Frontend Developer (Web + Native UIs),"PT. Trimegah Sekuritas Indonesia, Tbk",Jakarta Selatan,https://id.jobstreet.com/id/job/92175264?type=standard&ref=search-standalone&origin=cardTitle#sol=c2a39911a2c846c47994592e89a37353355c4734
ui-ux-designer,Graphic Designer,SCULPT SHAPEWEAR,Jakarta Utara,https://id.jobstreet.com/id/job/91731069?type=standard&ref=search-standalone&origin=cardTitle#sol=fc47c73911e59417234ebc08edcff87c62afc830
ui-ux-designer,Full Stack Developer (Nuxt.js & Laravel),PT Eigerindo Multi Produk Industri,Kabupaten Bandung,https://id.jobstreet.com/id/job/92168194?type=standard&ref=search-standalone&origin=cardTitle#sol=ef213a159cba4d2c4ae2e0a9e67dfbb70d224811
ui-ux-designer,Frontend Developer,PT Abhimata Persada,Jakarta Raya,https://id.jobstreet.com/id/job/91643170?type=standard&ref=search-standalone&origin=cardTitle#sol=9d2473d15364aa0e3147c331013f8c016e3a25b7
ui-ux-designer,DESIGN AND DEVELOPMENT MANAGER (FASHION INDUSTRY),Pengiklan Anonim,Tangerang,https://id.jobstreet.com/id/job/91528998?type=standard&ref=search-standalone&origin=cardTitle#sol=86023d110c3468b553099bcdfd55e192cb15006e
ui-ux-designer,Intern [GIP] - Product Management & Product Design,PT Solusi Transportasi Indonesia,Kebayoran Lama,https://id.jobstreet.com/id/job/92178509?type=standard&ref=search-standalone&origin=cardTitle#sol=c20644d707f8f6466c965471aa7cb5d8de6da256
ui-ux-designer,IOS Developer,PT Adi Data Informatika,Jakarta Raya,https://id.jobstreet.com/id/job/91837548?type=standard&ref=search-standalone&origin=cardTitle#sol=bd71cab14cfb164d7f17587b25766e7e1078d191
ui-ux-designer,Graphic Designer,LKL Group,Badung,https://id.jobstreet.com/id/job/91995561?type=standard&ref=search-standalone&origin=cardTitle#sol=ea1b6c6afc2b0dfb4ee5700808a842a1ccf19a91
ui-ux-designer,Graphic Designer,PT Interbat,Mampang Prapatan,https://id.jobstreet.com/id/job/92128770?type=standard&ref=search-standalone&origin=cardTitle#sol=f4f3e17da7d0734892db863ad35b93432d1284c8
ui-ux-designer,Web Developer (PHP / Laravel),Kop. Nusantara,Jakarta Selatan,https://id.jobstreet.com/id/job/92002622?type=standard&ref=search-standalone&origin=cardTitle#sol=046747c17e97a2c07cfccd30c7a0e53f72b241c3
ui-ux-designer,FULLSTACK DEVELOPER,PT Gogomedia Visindo,Tangerang Selatan,https://id.jobstreet.com/id/job/92080309?type=standard&ref=search-standalone&origin=cardTitle#sol=e25cedf1d971b314486a123ca6efd2b688d8ebdd
ui-ux-designer,Interior Designer,PT Morphosa Indonesia,Jakarta Raya,https://id.jobstreet.com/id/job/92129272?type=standard&ref=search-standalone&origin=cardTitle#sol=7e32299448341c664058479fc65b1962c6d4b0d1
ui-ux-designer,Frontend Developer,PT Gogomedia Visindo,Tangerang Selatan,https://id.jobstreet.com/id/job/92079550?type=standard&ref=search-standalone&origin=cardTitle#sol=c9990e63f1d6e9d3f6718ca5b63a88b111a98a8b
ui-ux-designer,Graphic Design Internship,PT Nabel Sakha Gemilang,Tangerang,https://id.jobstreet.com/id/job/92140415?type=standard&ref=search-standalone&origin=cardTitle#sol=65c1e104c6dd0a5353abd2b24bc33ae7714b572d
ui-ux-designer,Videographer & Editor,Pulauintan Development,Jakarta Barat,https://id.jobstreet.com/id/job/92229324?type=standard&ref=search-standalone&origin=cardTitle#sol=312753f57d9f5833502d869f3792eaa072e9a536
ui-ux-designer,Product Intern,Halodoc,Jakarta Raya,https://id.jobstreet.com/id/job/92068549?type=standard&ref=search-standalone&origin=cardTitle#sol=3549e4f4a19c7e2e5602c783597d668bb09a13d4
ui-ux-designer,Frontend Developer (Contract),LOGIQUE,Jakarta Selatan,https://id.jobstreet.com/id/job/91879310?type=standard&ref=search-standalone&origin=cardTitle#sol=e2cd46ed837ae6b0751b8e2977af4db88766bce2
ui-ux-designer,Senior Graphic Designer,PT. Inovasi Pangan Nusantara,Tangerang,https://id.jobstreet.com/id/job/92027783?type=standard&ref=search-standalone&origin=cardTitle#sol=6c1bc28aa532ebc625c7004bc79758486b827ec4
ui-ux-designer,Front End Engineer,PT Sentra Vidya Utama,Surabaya,https://id.jobstreet.com/id/job/92029044?type=standard&ref=search-standalone&origin=cardTitle#sol=cc34739de579bf57398816e07ffae245d9758325
ui-ux-designer,Fashion Designer Staff Non Apparel (Brand 3Second & Greenlight),BIENSI FESYENINDO (3SECOND GROUP),Bandung,https://id.jobstreet.com/id/job/92079033?type=standard&ref=search-standalone&origin=cardTitle#sol=d11388a21768d377cb89259cc4144000673989a1
ui-ux-designer,E-Commerce Manager,PT Dewa Kopi Indonesia,Tangerang,https://id.jobstreet.com/id/job/91914614?type=standard&ref=search-standalone&origin=cardTitle#sol=25fabc79e6b28f2d03dc40e21d492a06dec029ea
ui-ux-designer,Exterior Design,PT Morodadi Prima,Malang,https://id.jobstreet.com/id/job/91879768?type=standard&ref=search-standalone&origin=cardTitle#sol=6a93dcc8e41f21e5fc79fd809bc847371a4fc0c9
ui-ux-designer,Product Development Manager,TRADER2U SDN. BHD.,Jakarta Pusat,https://id.jobstreet.com/id/job/92038351?type=standard&ref=search-standalone&origin=cardTitle#sol=43e85463168bcd2129b4c88083f510095ccbd1ee
ui-ux-designer,System Analyst,PT Propan Raya Industrial Coating Chemicals,Tangerang,https://id.jobstreet.com/id/job/91883933?type=standard&ref=search-standalone&origin=cardTitle#sol=7f85772558098def51c2914132ff3db014b1b170
ui-ux-designer,Creative Designer,PT PrimaGraphia Digital,Kemayoran,https://id.jobstreet.com/id/job/91641159?type=standard&ref=search-standalone&origin=cardTitle#sol=9a9539451984f3c4569f17a482888af0925a58ce
ui-ux-designer,Creative Supervisor,PT Cimory Dairy Shop ..,Jakarta Barat,https://id.jobstreet.com/id/job/91729648?type=standard&ref=search-standalone&origin=cardTitle#sol=1649b6b84eedb7878df2937fdd15acd93d2bc8ec
ui-ux-designer,Junior Product Developer,Indigo Luna Store,Bali,https://id.jobstreet.com/id/job/92001601?type=standard&ref=search-standalone&origin=cardTitle#sol=391f329279676e512a75f6fba135d632af490612
ui-ux-designer,Graphic Designer,PT Semarak Sukha,Kecamatan Tangerang,https://id.jobstreet.com/id/job/92226941?type=standard&ref=search-standalone&origin=cardTitle#sol=741aa27a806f3f31afa1978868c84cc2b16284e7
ui-ux-designer,Graphic Designer and Social Media Specialist,Normi International,Jakarta Utara,https://id.jobstreet.com/id/job/91974789?type=standard&ref=search-standalone&origin=cardTitle#sol=e931537dc5c4208fb3d59b521bc501c9ef0d180c
ui-ux-designer,3D Designer Project Based (Lifestyle Product),PT Upartners Sukses Bersama,Jakarta Barat,https://id.jobstreet.com/id/job/92052653?type=standard&ref=search-standalone&origin=cardTitle#sol=662e86b97963acfbe8a1259f8187078530f035da
ui-ux-designer,E-Commerce Graphic Designer Executive (Outsource),PT Laneige Indonesia Pacific,Jakarta Selatan,https://id.jobstreet.com/id/job/91785857?type=standard&ref=search-standalone&origin=cardTitle#sol=b2d5deca0cc6e9e2232cadc65367b83ccaefb617
ui-ux-designer,Magazine Graphic Designer,PT Beautilosophi Mahandaru Indonesia (  The Clinic Beautylosophy ),Jakarta Raya,https://id.jobstreet.com/id/job/91735731?type=standard&ref=search-standalone&origin=cardTitle#sol=f27426cbf86bafe70903b102c2e71847676ce8b6
ui-ux-designer,Designer,PT TRANSFORMASI DIGITAL UTAMA,Bali,https://id.jobstreet.com/id/job/91840356?type=standard&ref=search-standalone&origin=cardTitle#sol=2bdec2e1ebecb7a918e2fb49bd89fb9eabba85d6
ui-ux-designer,Graphic Designer,PT PROSPERTI SEJAHTERA INDONESIA,Kelapa Gading,https://id.jobstreet.com/id/job/91649647?type=standard&ref=search-standalone&origin=cardTitle#sol=8a2b0154fd3a9f5804e9759e1ba982aefc14e13b
ui-ux-designer,Product Design Intern,DIMASON LIMITED,Denpasar,https://id.jobstreet.com/id/job/92231165?type=standard&ref=search-standalone&origin=cardTitle#sol=1508778f86e18e3355d13857870e556c29c30b74
ui-ux-designer,Mobile Developer,PT IDStar Cipta Teknologi,Jakarta Selatan,https://id.jobstreet.com/id/job/91665037?type=standard&ref=search-standalone&origin=cardTitle#sol=398ee31bdbf29028d94741cdc133cd3ba54e4abb
ui-ux-designer,Creative Designer,Kawan Lama Group,Jakarta Raya,https://id.jobstreet.com/id/job/91921275?type=standard&ref=search-standalone&origin=cardTitle#sol=f2e6ae3d43bc4c323c61ef1ed6acd41317fbb359
ui-ux-designer,Product Designer & Development Manager,PT IGP Internasional,DI Yogyakarta,https://id.jobstreet.com/id/job/91804156?type=standard&ref=search-standalone&origin=cardTitle#sol=b6034848f23658bf360d1e15dddfcf5768f3a0a4
ui-ux-designer,Graphic Designer,PT MBH Management,Bekasi,https://id.jobstreet.com/id/job/91613270?type=standard&ref=search-standalone&origin=cardTitle#sol=10183ce01237180c5a2d0969a2a5d7c5bd47c344
ui-ux-designer,Frontend Engineer Web React.Js,"PT. BFI FINANCE INDONESIA, Tbk",Kecamatan Tangerang,https://id.jobstreet.com/id/job/91427414?type=standard&ref=search-standalone&origin=cardTitle#sol=9622271f99ac736a5f897528dbd27c4c036d5e79
ui-ux-designer,Design grafis,CV Master Laser Medan,Medan,https://id.jobstreet.com/id/job/91699485?type=standard&ref=search-standalone&origin=cardTitle#sol=a7a3d5dec02f0c89ff4dbe2cb0d3a3e389daf569
ui-ux-designer,IT dan Kreatif,PT Sandpasifik Jaya Abadi,Bekasi,https://id.jobstreet.com/id/job/91625924?type=standard&ref=search-standalone&origin=cardTitle#sol=7ce866bcfe094cb235db942af0f83a0611d4d2f3
ui-ux-designer,Product Design (Furniture),Malinda Furniture Gallery (PT Andreti International),Jakarta Raya,https://id.jobstreet.com/id/job/91613095?type=standard&ref=search-standalone&origin=cardTitle#sol=05d0b8e0e88e711a54f1ab2f5bf7e7a101adadb4
ui-ux-designer,Creative Design Intern,PT Bosnet Distribution Indonesia,Jakarta Selatan,https://id.jobstreet.com/id/job/92218306?type=standard&ref=search-standalone&origin=cardTitle#sol=bc37021b40a00323c2e287ad70ac3afbc2a64cd6
ui-ux-designer,"Product Development Manager (Bedding, Home Living)",PT Subur Anugerah Sentosa,Bandung,https://id.jobstreet.com/id/job/91970947?type=standard&ref=search-standalone&origin=cardTitle#sol=be6ebfd42fc65d591822cc45ad6a719990752aec
ui-ux-designer,Graphic Design,PT Longhi Group International,Kabupaten Pasuruan,https://id.jobstreet.com/id/job/91704867?type=standard&ref=search-standalone&origin=cardTitle#sol=6ae61a1bcdd2c681380734b706989207ba6da8f8
ui-ux-designer,Branding dan Merchandise Designer,Groza Indonesia,Denpasar,https://id.jobstreet.com/id/job/92200907?type=standard&ref=search-standalone&origin=cardTitle#sol=4c88295fcc21d7d372410dd1bd1c55beff937236
ui-ux-designer,Video Grafis,YAYASAN YAYASAN POTENSI INSAN BERDAYA,Sidoarjo,https://id.jobstreet.com/id/job/92196837?type=standard&ref=search-standalone&origin=cardTitle#sol=ec9490f3b85e05f626b1acae11a7e0ceb4290368
ui-ux-designer,iOS Developer,PT ABISHAR TECHNOLOGIES INDONESIA,Jakarta Raya,https://id.jobstreet.com/id/job/92173092?type=standard&ref=search-standalone&origin=cardTitle#sol=9ef05725eb7270fcf60c808118fd6fa8f188f78e
ui-ux-designer,Visual Communication Design Lecturer,Universitas Ciputra Surabaya,Surabaya,https://id.jobstreet.com/id/job/92192145?type=standard&ref=search-standalone&origin=cardTitle#sol=a623ae4ba752b4094f7765d7ab429857c5057800
ui-ux-designer,Content Designer,Lokal Folk Cafe Magelang,Magelang Utara,https://id.jobstreet.com/id/job/92151413?type=standard&ref=search-standalone&origin=cardTitle#sol=6d4622e893aed9926ffaee2ca12e7db610c56934
ui-ux-designer,Senior Service Designer - 12 month Contract,Macquarie Group,Indonesia,https://id.jobstreet.com/id/job/90760739?type=standard&ref=search-standalone&origin=cardTitle#sol=fe5a30c0b72087cfe9e3a318bc4b427ba3ea5b32
ui-ux-designer,UI/UX Designer Jakarta,PT Duta Generasi Mandiri,Jakarta Raya,https://id.jobstreet.com/id/job/92224447?type=standard&ref=search-standalone&origin=cardTitle#sol=f855cf910fe693fc8fa6667597027f58e625f63f
ui-ux-designer,UI/UX Designer,PT Andalan Global Sarana,Jakarta Pusat,https://id.jobstreet.com/id/job/92166071?type=standard&ref=search-standalone&origin=cardTitle#sol=43d87e9d32b1026cad94a880ba881c7a355984c8
ui-ux-designer,Web Designer,PT Mid Solusi Nusantara (MEKARI),Jakarta Raya,https://id.jobstreet.com/id/job/92211796?type=standard&ref=search-standalone&origin=cardTitle#sol=1bf38d881db6d337ac709351dff32ffe777ba77f
ui-ux-designer,UI/UX Designer - XL Smart,PT Duta Generasi Mandiri,Jakarta Raya,https://id.jobstreet.com/id/job/92132825?type=standard&ref=search-standalone&origin=cardTitle#sol=435ae1eeb7f681ca0f066ddf059a1b8a85ba9838
ui-ux-designer,UI/UX Product Designer,PT Lentera Bangsa Benderang,Jakarta Selatan,https://id.jobstreet.com/id/job/92140815?type=standard&ref=search-standalone&origin=cardTitle#sol=1c6aff5f75003a607decd090beeaab274818fb6f
ui-ux-designer,UI/UX Intern,PT Bosnet Distribution Indonesia,Tebet,https://id.jobstreet.com/id/job/92201170?type=standard&ref=search-standalone&origin=cardTitle#sol=d07150b4136d0baa06ed58c582b9c08fc6b93718
ui-ux-designer,UI/UX Product Designer,PT Telkomsel Ekosistem Digital,Kebayoran Lama,https://id.jobstreet.com/id/job/91820192?type=standard&ref=search-standalone&origin=cardTitle#sol=4c56691574dee596d7a01297c37ce8869ca4caa0
ui-ux-designer,UI/UX  Designer (Paid Internship),PT. Tirtamas Coldstorindo Logistik,Surabaya,https://id.jobstreet.com/id/job/92091918?type=standard&ref=search-standalone&origin=cardTitle#sol=1d30ceaef097ffecfd98e76ecf4e43a1d5b7476c
ui-ux-designer,UI/UX Designer,Sagara Technology Group,Jakarta Raya,https://id.jobstreet.com/id/job/91759969?type=standard&ref=search-standalone&origin=cardTitle#sol=f8c2e1621ccc4fb15a9f530dc0894672d4d26e54
ui-ux-designer,UI/UX Designer Internship,PT Enseval Putera Megatrading Tbk,Jakarta Timur,https://id.jobstreet.com/id/job/91974299?type=standard&ref=search-standalone&origin=cardTitle#sol=4fc13354bab8545d8fe4c46d4dcae7c2e5d966f8
ui-ux-designer,UI/UX,PT Mega Ponsel Indonesia,Jakarta Barat,https://id.jobstreet.com/id/job/91999251?type=standard&ref=search-standalone&origin=cardTitle#sol=1ffff9fedc352edb6d1931118ba7cc289dd00f40
ui-ux-designer,Senior UI/UX Designer,Karunia Prima Nastari (KPN CORP.),Jakarta Selatan,https://id.jobstreet.com/id/job/92204830?type=standard&ref=search-standalone&origin=cardTitle#sol=5665c54f88d1e0d5f5c7525451a689be510f436e
ui-ux-designer,Product Designer (UX),Solve Education,Indonesia,https://id.jobstreet.com/id/job/92166339?type=standard&ref=search-standalone&origin=cardTitle#sol=6299cf0e0ae4afc1111905a92382db8961cdc181
ui-ux-designer,Product Designer,Ctlyst,Kebayoran Lama,https://id.jobstreet.com/id/job/91376535?type=standard&ref=search-standalone&origin=cardTitle#sol=ee4fae60ff9ad4f49c50aa8c5952d9a94b8a6c67
ui-ux-designer,UI UX Designer,Automata Neo Solutions,Jakarta Raya,https://id.jobstreet.com/id/job/91346651?type=standard&ref=search-standalone&origin=cardTitle#sol=91db31a905139663be1f4e93d2c907661c1eee22
ui-ux-designer,UI/UX Designer,PT Wira Global Solusi Tbk,Kemayoran,https://id.jobstreet.com/id/job/91957584?type=standard&ref=search-standalone&origin=cardTitle#sol=92e57deeb0bf23cc15023098d48a2c75af92529b
ui-ux-designer,Application Designer,Simpul Technologies,Surabaya,https://id.jobstreet.com/id/job/92081087?type=standard&ref=search-standalone&origin=cardTitle#sol=f8c1180809fc9a4f1e78e4b0152f53ab20b4d2f3
ui-ux-designer,UI/UX Designer for Mobile App,PT Appfuxion Consulting,Jakarta Raya,https://id.jobstreet.com/id/job/91629582?type=standard&ref=search-standalone&origin=cardTitle#sol=af3a2235dc2237ef12185fb77ff8a944f54848c3
ui-ux-designer,UI/UX,PT Tiga Daya Digital Indonesia,Jakarta Raya,https://id.jobstreet.com/id/job/91430114?type=standard&ref=search-standalone&origin=cardTitle#sol=086a8eb3a8685e2b864a85fc85c775e10a4ab9b9
ui-ux-designer,UI/UX Designers Lead,PT Selaras Kinerja Muda,Bali,https://id.jobstreet.com/id/job/92138071?type=standard&ref=search-standalone&origin=cardTitle#sol=2756f7776ebec2dc29c219914763af09fc2c4010
ui-ux-designer,Product Designer,PT Ibunda Sehat Mental,Bandung,https://id.jobstreet.com/id/job/92133566?type=standard&ref=search-standalone&origin=cardTitle#sol=003307e76e6bfab31962bee59eb8bda4362faed5
ui-ux-designer,UI UX Designer,PT Rukun Sejahtera Teknik,Cikarang,https://id.jobstreet.com/id/job/91688689?type=standard&ref=search-standalone&origin=cardTitle#sol=acbbebb8f52161b28fac7e57c86010c3a2d34ce4
ui-ux-designer,UI UX Product,Talent Search Recruitment Consultant,Jakarta Raya,https://id.jobstreet.com/id/job/91747843?type=standard&ref=search-standalone&origin=cardTitle#sol=a8c30f24ab7b06ba7996f828b353a08d89686005
ui-ux-designer,UI/UX Designer Senior,PT Cycent Inovasi Kaizen,Jakarta Selatan,https://id.jobstreet.com/id/job/92132763?type=standard&ref=search-standalone&origin=cardTitle#sol=dbce474887acbda7ddb1ad99610fcc8133dddb44
ui-ux-designer,UI Designer (Placement : Padel Method Singapore),BIOTA Smart Home,Jakarta Raya,https://id.jobstreet.com/id/job/90081112?type=standard&ref=search-standalone&origin=cardTitle#sol=b600a0dbabfa942b8c394ed706361bd41ec7ce72
ui-ux-designer,"Communication Designer (Brand, UX/UI & Visual S...",Cartrack Technologies Indonesia,Jakarta Raya,https://id.jobstreet.com/id/job/92180875?type=standard&ref=search-standalone&origin=cardTitle#sol=2beea819ced4f977f5f01c26c4ac56792b607dd0
ui-ux-designer,Staff IT UI/UX,PT Erela,Semarang,https://id.jobstreet.com/id/job/91375458?type=standard&ref=search-standalone&origin=cardTitle#sol=5c313f66d0939b6ba4f95f8ecb254f923fe4434d
ui-ux-designer,Product Designer,PT. Aku Pintar Indonesia,Jakarta Barat,https://id.jobstreet.com/id/job/92085255?type=standard&ref=search-standalone&origin=cardTitle#sol=5bc4308dde079916e3ff15b764612ce261db4814
ui-ux-designer,Senior UI/UX Designer,PT. Tirtamas Coldstorindo Logistik,Surabaya,https://id.jobstreet.com/id/job/92056337?type=standard&ref=search-standalone&origin=cardTitle#sol=d0aee30d256a3cc64e7999ea40a77cc520b1b02c
ui-ux-designer,Web Designer,Amino Restaurant Uluwatu,Bali,https://id.jobstreet.com/id/job/92037695?type=standard&ref=search-standalone&origin=cardTitle#sol=2ed45aab786201f4e5935fbc56cd2c3e7da1686d
ui-ux-designer,UI Artist,Tripledot Studios,Jakarta Raya,https://id.jobstreet.com/id/job/91231962?type=standard&ref=search-standalone&origin=cardTitle#sol=a37d5fc2931e89ea135fe812442235ff60d9c1bc
ui-ux-designer,Product Designer - Corporate Lab,PT Sea Group,Indonesia,https://id.jobstreet.com/id/job/91205623?type=standard&ref=search-standalone&origin=cardTitle#sol=38e5547fa9952348ec0276c71029ec712e3e882c
ui-ux-designer,Product Designer (Mid - Senior Level),PT Dwi Cermat Indonesia,Kemayoran,https://id.jobstreet.com/id/job/91376890?type=standard&ref=search-standalone&origin=cardTitle#sol=2a72624d0e0e645700e4d114719ee7d7eaebcbb2
ui-ux-designer,Product Designer (Souvenir / Custom Gift Design),PT Abadi Sejahtera Finansindo (Head Office),Tangerang,https://id.jobstreet.com/id/job/92131330?type=standard&ref=search-standalone&origin=cardTitle#sol=4c36eab19a13cfd7890379b2826a58e6d23506a6
ui-ux-designer,Product Designer,Apotek Alpro,Jakarta Selatan,https://id.jobstreet.com/id/job/91874110?type=standard&ref=search-standalone&origin=cardTitle#sol=67a545c765902e715d210c0c4beead2e8896f037
ui-ux-designer,IMMERSE 2 - Information Technology ...,PT Surya Citra Televisi  ( SCTV ),Kalideres,https://id.jobstreet.com/id/job/92205576?type=standard&ref=search-standalone&origin=cardTitle#sol=8e1e3616e39e0bed31a14d732fdc5466615cb32b
ui-ux-designer,Staff / Principal Product Designer,Lovable,Denpasar,https://id.jobstreet.com/id/job/91799025?type=standard&ref=search-standalone&origin=cardTitle#sol=caeb0de3ad407d0fbf57fe01dcd496e5469e3c01
ui-ux-designer,Web Specialist,MirrorSpace,Bandung,https://id.jobstreet.com/id/job/91947797?type=standard&ref=search-standalone&origin=cardTitle#sol=67fe1bc291f585147c24b32e2edac315042377d7
ui-ux-designer,Web Designer/Developer for Healthcare and Wellness Industry (US-Based/Remote),Paired Recruiting,Indonesia,https://id.jobstreet.com/id/job/88693936?type=standard&ref=search-standalone&origin=cardTitle#sol=ae1391d754e86d56df29e0b87612649392577bbb
ui-ux-designer,Lowongan Kerja UI/UX Designer Internship,PT. Garuda Lintas Cakrawala (Dasaria),Malang,https://id.jobstreet.com/id/job/90477881?type=standard&ref=search-standalone&origin=cardTitle#sol=ef9ca5a841ed52f5389156ac9ad4533713be4108
ui-ux-designer,Game Designer,PT Gameloft Indonesia (Yogyakarta),Yogyakarta,https://id.jobstreet.com/id/job/91424145?type=standard&ref=search-standalone&origin=cardTitle#sol=1628a5a543893d7dfad4a3cd149c216aad8360a0
ui-ux-designer,Product Design,PT Lincah Cipta Harapan,Bandung,https://id.jobstreet.com/id/job/91635065?type=standard&ref=search-standalone&origin=cardTitle#sol=14207ee6211c9374c554402fe3fe7e914e8fe80a
ui-ux-designer,Sport Product Designer,NCR Group,Bandung,https://id.jobstreet.com/id/job/91947862?type=standard&ref=search-standalone&origin=cardTitle#sol=aacb3103be9db8848d2a6e6d079bc0b2ee8ac440
ui-ux-designer,Product Designer & Development (Digital Printing),Enos Digital,Kebayoran Lama,https://id.jobstreet.com/id/job/91790450?type=standard&ref=search-standalone&origin=cardTitle#sol=d915ac3a13b5ef6d7a7d8f57c8f8125ce4e0c477
ui-ux-designer,Mobile Developer Kotlin | Gramedia Digital,Kompas Gramedia - KG Media,Kemayoran,https://id.jobstreet.com/id/job/91262651?type=standard&ref=search-standalone&origin=cardTitle#sol=2a5b349be906e6a389b4de06440533e0fffbc4b8
ui-ux-designer,Business Analyst,PT Berlian Sistem Informasi,Jakarta Raya,https://id.jobstreet.com/id/job/92223580?type=standard&ref=search-standalone&origin=cardTitle#sol=3398d560979ac265a3f0b2e309b18e3d1f5d86af
ui-ux-designer,ISTARASA Product Designer Staff Pyk. Rasa Dewata,Samudera Indonesia,Kalideres,https://id.jobstreet.com/id/job/91622836?type=standard&ref=search-standalone&origin=cardTitle#sol=5598ee80acf248b5188479674ce449e231b8ba3d
ui-ux-designer,Fullstack Data Engineer,UCoal Sumberdaya,Jakarta Pusat,https://id.jobstreet.com/id/job/92218188?type=standard&ref=search-standalone&origin=cardTitle#sol=295b4497e3de673c1a7bd61ab95514fe70ca1a1e
ui-ux-designer,FrontEnd Developer,PT Rukun Sejahtera Teknik,Jakarta Barat,https://id.jobstreet.com/id/job/91947367?type=standard&ref=search-standalone&origin=cardTitle#sol=03e60214794451e6d1a9ad7fba450a3330a1985b
ui-ux-designer,Frontend Developer,"PT. Solusi Sinergi Digital, Tbk (Surge)",Jakarta Barat,https://id.jobstreet.com/id/job/91947891?type=standard&ref=search-standalone&origin=cardTitle#sol=1c26a5debbd4adb914601ea44dd8660e90ff014a
ui-ux-designer,Mobile App Flutter Developer (Internship),PT Lincah Cipta Harapan,Bandung,https://id.jobstreet.com/id/job/92038830?type=standard&ref=search-standalone&origin=cardTitle#sol=a0e3685382be353ddee9bbb4b089ecffa6c1a402
ui-ux-designer,Frontend Developer,Pengiklan Anonim,Yogyakarta,https://id.jobstreet.com/id/job/92176972?type=standard&ref=search-standalone&origin=cardTitle#sol=d8b7008f3fdc45cb6c00cdf9a643d2ec77f126dc
ui-ux-designer,Graphic Designer (6 Months Contract),PT Acommerce Solusi Lestari,Jakarta Raya,https://id.jobstreet.com/id/job/91119183?type=standard&ref=search-standalone&origin=cardTitle#sol=a2f132c7694329b5e6db7d2680840df691f9ce38
ui-ux-designer,Fullstack Developer Associate Manager,PT Alto Network,Jawa Tengah,https://id.jobstreet.com/id/job/92182991?type=standard&ref=search-standalone&origin=cardTitle#sol=bb9b00d8e328ceff52eb4930c674df2b3607fac0
ui-ux-designer,Head of Design,Macquarie Group,Indonesia,https://id.jobstreet.com/id/job/91723159?type=standard&ref=search-standalone&origin=cardTitle#sol=51378f470188f03d500a0b8dc65a388934ac72dd
ui-ux-designer,Full Stack Developer,PT. Mitra Kreasi Natural,Jakarta Utara,https://id.jobstreet.com/id/job/92204197?type=standard&ref=search-standalone&origin=cardTitle#sol=2bea8b58e2452fc12dc663dc2a57e3d13a134a71
ui-ux-designer,2D Graphic Designer - Jakarta,VapeBay,Jakarta Selatan,https://id.jobstreet.com/id/job/92179843?type=standard&ref=search-standalone&origin=cardTitle#sol=a49a7b1ecd46d86bef62521e91fa19d2794ccc0d
ui-ux-designer,Android Developer (Kotlin),PT ABISHAR TECHNOLOGIES INDONESIA,Tangerang,https://id.jobstreet.com/id/job/92196239?type=standard&ref=search-standalone&origin=cardTitle#sol=79660b6dbec170ca9e4504dc4f2e104b6ed6a5f0
ui-ux-designer,Packaging Design (Brand: Iswhite & Naisday),PT SAVIR KEMILAU INDONESIA,Bekasi,https://id.jobstreet.com/id/job/92195397?type=standard&ref=search-standalone&origin=cardTitle#sol=4eb2bc785d92b8fa8c73368b008e7c664477345a
ui-ux-designer,Full Stack Developer (Senior),PT Cycent Inovasi Kaizen,Jakarta Pusat,https://id.jobstreet.com/id/job/92178130?type=standard&ref=search-standalone&origin=cardTitle#sol=82613754fba7fc81a8350650b4578b79dabdc26c
ui-ux-designer,Game Developer 2D,PT Weefer Indonesia,Jakarta Barat,https://id.jobstreet.com/id/job/92176584?type=standard&ref=search-standalone&origin=cardTitle#sol=e3b1d53ed3abf27317063a9065d459bce0ae7899
ui-ux-designer,Frontend Developer,PT Kamoro Maxima Integra,Jakarta Selatan,https://id.jobstreet.com/id/job/92164901?type=standard&ref=search-standalone&origin=cardTitle#sol=26e971055867b3f3f6eb8b40ec691bc646f28ed3
ui-ux-designer,IT Fronf End,Digital Impact Indonesia,Bekasi,https://id.jobstreet.com/id/job/92147951?type=standard&ref=search-standalone&origin=cardTitle#sol=7792254474646e6acc5158313f5820960c36613a
ui-ux-designer,IT Business Analyst,"PT. Central Proteina Prima, Tbk",Jakarta Selatan,https://id.jobstreet.com/id/job/92203051?type=standard&ref=search-standalone&origin=cardTitle#sol=8a64019f08529c298659104d0a1b8b18f2198754
cyber-security,IT Security Analyst,PT Bank CTBC Indonesia,Jakarta Selatan,https://id.jobstreet.com/id/job/92179767?type=standard&ref=search-standalone&origin=cardTitle#sol=612dd014473e15d119d948179bf99e770fbaa19a
cyber-security,"VP, Cyber Security, Technology",PT Bank DBS Indonesia,Jakarta Raya,https://id.jobstreet.com/id/job/92211146?type=standard&ref=search-standalone&origin=cardTitle#sol=bc1c9a89b03ff921b889bfc0d06c011d04fe1d50
cyber-security,IT Manager,PT Multikarya HasilPrima,Kabupaten Bekasi,https://id.jobstreet.com/id/job/92201688?type=standard&ref=search-standalone&origin=cardTitle#sol=3e65a225323f2a4634011066282348773e175207
cyber-security,Account Manager (Cyber Security),PT Seraphim Digital Technology,Jakarta Barat,https://id.jobstreet.com/id/job/92171103?type=standard&ref=search-standalone&origin=cardTitle#sol=e00654f576fcb3a7c4201da522b6f1e49d9a62f5
cyber-security,Senior endpoint security engineer (Trellix),PT. Lintas Teknologi Indonesia,Jakarta Raya,https://id.jobstreet.com/id/job/92210068?type=standard&ref=search-standalone&origin=cardTitle#sol=7ee38879715e6a40be657751cacafbfac1a00c99
cyber-security,IT Security Specialist,PT. Dwidaya World Wide,Jakarta Raya,https://id.jobstreet.com/id/job/92083976?type=standard&ref=search-standalone&origin=cardTitle#sol=bf4f99073ede914385170179eda50c0fc8390c14
cyber-security,Chief Technology Officer (CTO),Pengiklan Anonim,Jakarta Pusat,https://id.jobstreet.com/id/job/92215525?type=standard&ref=search-standalone&origin=cardTitle#sol=ca85e0706e0ea5ef0f6da0fee87b09eacd8e3e33
cyber-security,Cyber Security Consultant,PT Netmarks Indonesia,Jakarta Utara,https://id.jobstreet.com/id/job/91971739?type=standard&ref=search-standalone&origin=cardTitle#sol=de865aa8dfdc0691f30f2facbda4d712788ee022
cyber-security,Cyber Security Onsite Engineer,PT. Magnus Sedaya Selaras,Jakarta Raya,https://id.jobstreet.com/id/job/91760302?type=standard&ref=search-standalone&origin=cardTitle#sol=256c638999c4f2e7c2e18b282ed53bfd86249a23
cyber-security,APPLICATION DEVELOPER,Raditya Mulia Lestari (RML),Jakarta Utara,https://id.jobstreet.com/id/job/92222521?type=standard&ref=search-standalone&origin=cardTitle#sol=2c8417fdcd00c9b359c1482f0b81635d48958347
cyber-security,SENIOR IT SUPPORT,PT Wahyu Kartumasindo International,Cikarang Selatan,https://id.jobstreet.com/id/job/92227574?type=standard&ref=search-standalone&origin=cardTitle#sol=d61ddc9c441e19ebeb171c3a9d98d1f411d3196f
cyber-security,SOC Threat Analyst (L2 & L3),PT. PELINDUNG TEKNOLOGI UTAMA,Jakarta Pusat,https://id.jobstreet.com/id/job/91762298?type=standard&ref=search-standalone&origin=cardTitle#sol=a1d93718e0d17167ed52bd0ebe1ad7f4b33f3582
cyber-security,Development Security Operations (DevSecOps),PT Swadharma Duta Data,Jakarta Raya,https://id.jobstreet.com/id/job/92195342?type=standard&ref=search-standalone&origin=cardTitle#sol=a336a71027c0411b3936adba3428f5ef985bf8d6
cyber-security,"Staff Sistem Administration, IT Security & Networking",PT Module Intracs Yasatama,Cikarang Selatan,https://id.jobstreet.com/id/job/92083357?type=standard&ref=search-standalone&origin=cardTitle#sol=42e30cfa36e67d1dd363245095398f8ceedcb81d
cyber-security,Network Security Department Head,Pengiklan Anonim,Jakarta Selatan,https://id.jobstreet.com/id/job/91803680?type=standard&ref=search-standalone&origin=cardTitle#sol=0ab2172e8b0d25320d936363d2e2c131410846c5
cyber-security,Cyber Security Officer,PT VARIA USAHA FABRIKASI,Gresik,https://id.jobstreet.com/id/job/91887796?type=standard&ref=search-standalone&origin=cardTitle#sol=46f2d1c61c0dd9b3d0f7e300040598bff0efa773
cyber-security,IT & Operational Manager,Pengiklan Anonim,Tangerang,https://id.jobstreet.com/id/job/92216560?type=standard&ref=search-standalone&origin=cardTitle#sol=3dc466731b780559154be2c4dff145ba1c6ed7d2
cyber-security,IT Infrastructure Supervisor,PT Aneka Search Indonesia,Setiabudi,https://id.jobstreet.com/id/job/92193122?type=standard&ref=search-standalone&origin=cardTitle#sol=0e1fcc0ae1892bfd4ab4c7fc0409349a29e18b62
cyber-security,Cyber Security Assistant Manager,Pengiklan Anonim,Jakarta Barat,https://id.jobstreet.com/id/job/92056676?type=standard&ref=search-standalone&origin=cardTitle#sol=b9758b8256794888b439f9070b6bd077b3fabe19
cyber-security,Senior Infrastructure Read Team Specialis,PT Kb Data Systems Indonesia,Jakarta Selatan,https://id.jobstreet.com/id/job/92220075?type=standard&ref=search-standalone&origin=cardTitle#sol=ef088b3be432644e7d0cb87476ad7d577b12598d
cyber-security,Cyber Security Operation Advance - Layer 3,PT XYNEXIS INTERNATIONAL,Jakarta Pusat,https://id.jobstreet.com/id/job/91694948?type=standard&ref=search-standalone&origin=cardTitle#sol=87d79080e48ea64038790e2ed87f248a5426b041
cyber-security,Cyber Security Engineer & Governance (Specialist),PT Central Mega Kencana,Jakarta Selatan,https://id.jobstreet.com/id/job/91891435?type=standard&ref=search-standalone&origin=cardTitle#sol=912b313fccf676a5900176e4bb395f07bdfc2629
cyber-security,"Microsoft Security Consultant (Defender, Intune & Entra ID SME)",AVANADE ASIA PTE LTD,Jakarta Raya,https://id.jobstreet.com/id/job/91625480?type=standard&ref=search-standalone&origin=cardTitle#sol=6cea57772f976e3be6df2ef7d40fb437f9ac43f8
cyber-security,SOC (cyber security operation) Analyst L2,PT. BEIBI CEMERLANG INDONESIA,Jakarta Raya,https://id.jobstreet.com/id/job/91871827?type=standard&ref=search-standalone&origin=cardTitle#sol=35bda6e90d005eb18d51253d030405bc77cb9f36
cyber-security,"CSR, Security & External Relation Section Head",PT ADARO ANDALAN INDONESIA TBK,Lahat,https://id.jobstreet.com/id/job/92218498?type=standard&ref=search-standalone&origin=cardTitle#sol=3aa9298a4539be4aa18e4354b3ef53d06647da69
cyber-security,Specialist AI Data Governance,"PT Bank Permata, Tbk",Tangerang Selatan,https://id.jobstreet.com/id/job/92202969?type=standard&ref=search-standalone&origin=cardTitle#sol=41aa303ce6b6d60d8488512633bacf7827779cb7
cyber-security,Risk Management Lead,PT. Kredit Utama Fintech Indonesia,Jakarta Pusat,https://id.jobstreet.com/id/job/92202005?type=standard&ref=search-standalone&origin=cardTitle#sol=44f2e7dccb450829314318c74ab245ed21cd4687
cyber-security,"Infrastructure & Server Engineer (AWS, Monitoring, & MT5)",PT Usaha Kreatif Indonesia,Jakarta Utara,https://id.jobstreet.com/id/job/92201495?type=standard&ref=search-standalone&origin=cardTitle#sol=03b5c346bd4a01f0d22731e7be67e141c32e3528
cyber-security,Business Development IT Security,PT Pasifik Global Integrasi,Jakarta Selatan,https://id.jobstreet.com/id/job/91752367?type=standard&ref=search-standalone&origin=cardTitle#sol=bc5fa8e2d3eede6dbffc41e9690ebfd632250e11
cyber-security,Network Security Engineer,PT Net Sistem Infotama,Jakarta Barat,https://id.jobstreet.com/id/job/92039264?type=standard&ref=search-standalone&origin=cardTitle#sol=3bef1b765f534e0872860e8579739f12ea4dcc02
cyber-security,IT Security Blue Team,PT Eka Bogainti,Jakarta Timur,https://id.jobstreet.com/id/job/92080785?type=standard&ref=search-standalone&origin=cardTitle#sol=a2cd436f9681a165dafe327ce8fbf51e0178842b
cyber-security,Governance Risk and Compliance IT Security,PT Pasifik Global Integrasi,Jakarta Selatan,https://id.jobstreet.com/id/job/91624254?type=standard&ref=search-standalone&origin=cardTitle#sol=4b396c9999feeccbfed8897450fffe76649e36c8
cyber-security,Vice President ICT,Bali International Hospital,Bali,https://id.jobstreet.com/id/job/92080453?type=standard&ref=search-standalone&origin=cardTitle#sol=54f267f0137b2d8cc8cd5aa57d00bf563814be25
cyber-security,Presales Engineer (Surveillance & Physical Security System),"PT. Metrodata Electronics, Tbk",Jakarta Barat,https://id.jobstreet.com/id/job/92228761?type=standard&ref=search-standalone&origin=cardTitle#sol=579894d8bed227b1a9f3b20d7e337ed29c8a86e8
cyber-security,Microsoft Security Consultant (Presales & Delivery),AVANADE ASIA PTE LTD,Jakarta Raya,https://id.jobstreet.com/id/job/91625973?type=standard&ref=search-standalone&origin=cardTitle#sol=2f5e5a8484489bf17f4eb56fa87d4bb015280882
cyber-security,IT System Engineering & Administrator,PT Adira Dinamika Multi Finance Tbk,Jakarta Selatan,https://id.jobstreet.com/id/job/92228548?type=standard&ref=search-standalone&origin=cardTitle#sol=f48185ae5555b9780b854b6215a6b14a82ac83e1
cyber-security,IT Infrastructure (Network & Internet Engineer),PT Bethsaida Hospital International,Kabupaten Tangerang,https://id.jobstreet.com/id/job/91788268?type=standard&ref=search-standalone&origin=cardTitle#sol=9709882923a435b234ec04e70ffeb8444c714ae4
cyber-security,Data Center  Administrative Officer,PT Environmental Indokarya,Karawang,https://id.jobstreet.com/id/job/91884656?type=standard&ref=search-standalone&origin=cardTitle#sol=01a1336ee76f922f49f8a89021d1793eab4f1513
cyber-security,Unit Head – Regulatory System Engineering,"PT Bank Permata, Tbk",Tangerang Selatan,https://id.jobstreet.com/id/job/92203115?type=standard&ref=search-standalone&origin=cardTitle#sol=06d79e311ce8a4ab1d9e5f793a168409f87d3238
cyber-security,Security Analyst - SOC Analyst L2 (TH – Incident Response),PT. Lintas Teknologi Indonesia,Jakarta Raya,https://id.jobstreet.com/id/job/92153483?type=standard&ref=search-standalone&origin=cardTitle#sol=0b36d063a8a378fbe126cf104d88d4f8fd2d96c9
cyber-security,"Data Center Security Manager, Compliance, Safety, and Risk Management",Google,Jakarta Raya,https://id.jobstreet.com/id/job/92218414?type=standard&ref=search-standalone&origin=cardTitle#sol=2ba631f1a8dd258b396370986654b8e8e8023a7c
cyber-security,IT Senior Specialist/Manager,Pengiklan Anonim,Jakarta Raya,https://id.jobstreet.com/id/job/92193256?type=standard&ref=search-standalone&origin=cardTitle#sol=c127b47ac1ddd3d425e05edd05dce13b99b8af86
cyber-security,Security Engineer,PT Infokes Indonesia (Bandung),Bandung,https://id.jobstreet.com/id/job/92055911?type=standard&ref=search-standalone&origin=cardTitle#sol=fb4e45b31788e1da58750ab50005a56eaa1e1eaa
cyber-security,Presales Network Security,PT Network Data Sistem,Jakarta Raya,https://id.jobstreet.com/id/job/91938647?type=standard&ref=search-standalone&origin=cardTitle#sol=1e13d92c74747698d7d0a94fb4b96d090fca457b
cyber-security,IT Security Manager,PT Mitra Solusi Telematika,Cilandak,https://id.jobstreet.com/id/job/91886654?type=standard&ref=search-standalone&origin=cardTitle#sol=0b8625eb4f6143d3d444b50394012f0da1836f11
cyber-security,IT Security Analyst,PT Graha Karya Informasi,Jakarta Raya,https://id.jobstreet.com/id/job/91576318?type=standard&ref=search-standalone&origin=cardTitle#sol=cf07610c22443e2dc90253ff5817b39d90f387b2
cyber-security,Compliance & AML Specialist,PT. Kredit Utama Fintech Indonesia,Jakarta Pusat,https://id.jobstreet.com/id/job/91842551?type=standard&ref=search-standalone&origin=cardTitle#sol=fed7c359692353e7ac9336390b9087e366a6e28d
cyber-security,IT Security Specialist,PT Monotaro Indonesia,Jakarta Pusat,https://id.jobstreet.com/id/job/92002031?type=standard&ref=search-standalone&origin=cardTitle#sol=3d2f2691496caf13e7cfe6a1026b9fc30e32d17e
cyber-security,Presales Engineer Specialist (Network & Security),PT Nusantara Compnet Integrator,Jakarta Barat,https://id.jobstreet.com/id/job/92174139?type=standard&ref=search-standalone&origin=cardTitle#sol=e446da4b58e16222149a228b2f283ac94081c73c
cyber-security,IT Security,PT Astra Graphia Information Technology (AGIT),Jakarta Raya,https://id.jobstreet.com/id/job/91652360?type=standard&ref=search-standalone&origin=cardTitle#sol=5df186f3a6d78eec0ea2897c8c3727e393691827
cyber-security,Presales IT Security,Cyber Sinergi Indonesia,Jakarta Selatan,https://id.jobstreet.com/id/job/91530036?type=standard&ref=search-standalone&origin=cardTitle#sol=c6d4541833dec434f605c1feb8ecfd2fe1ac2e81
cyber-security,Security Engineer,Johnson Controls,Jakarta Raya,https://id.jobstreet.com/id/job/91426421?type=standard&ref=search-standalone&origin=cardTitle#sol=afc45149516b061e346d06ffa4773eda2f4d25c7
cyber-security,GRC Staff (IT),Pengiklan Anonim,Jakarta Raya,https://id.jobstreet.com/id/job/91727101?type=standard&ref=search-standalone&origin=cardTitle#sol=ca1ac2c485579a90b4d44052477f859a7ee04707
cyber-security,"Drafter Security System, BMS",PT Xpert Teknologi Inovasi,Jakarta Selatan,https://id.jobstreet.com/id/job/91743131?type=standard&ref=search-standalone&origin=cardTitle#sol=7400c52eb593927c5dd46a0b52de0489c9dbec3d
cyber-security,Compliance Analyst/KYC Officer Level 2 - FinTech,COINUT PTE LTD,Jakarta Raya,https://id.jobstreet.com/id/job/91628494?type=standard&ref=search-standalone&origin=cardTitle#sol=2ebf3012dbce3234871e0b5d851908c2b2952068
cyber-security,IT Security Engineer,PT Altros Teknologi,Jakarta Utara,https://id.jobstreet.com/id/job/91669369?type=standard&ref=search-standalone&origin=cardTitle#sol=e0b9860e26b159677f6e1d746ab39f8a9d6754b7
cyber-security,Infrastructure Engineer,PT Istana Group Indonesia,Tangerang Selatan,https://id.jobstreet.com/id/job/91880012?type=standard&ref=search-standalone&origin=cardTitle#sol=02b4d98e744ecfda6298a43c0a9104c98c613749
cyber-security,IT Security Analyst,PT Indomobil Finance Indonesia,Jakarta Raya,https://id.jobstreet.com/id/job/90332736?type=standard&ref=search-standalone&origin=cardTitle#sol=05196f386f14a0b21375c47138b7eb2bf5178e56
cyber-security,Internal Audit IT Supervisor,Daikin Industries Indonesia,Cikarang Pusat,https://id.jobstreet.com/id/job/92009606?type=standard&ref=search-standalone&origin=cardTitle#sol=ec323dedc241f43cb8ec2008299f7d472d1af85c
cyber-security,Security Implementation Engineer,PT Nusantara Compnet Integrator,Jakarta Barat,https://id.jobstreet.com/id/job/92020316?type=standard&ref=search-standalone&origin=cardTitle#sol=8f568607beedb295aa1914adee75c72fbf97fe49
cyber-security,Senior Network Security Engineer,PT Dinamika Sistem Integrasi Solusi,Jakarta Selatan,https://id.jobstreet.com/id/job/91701733?type=standard&ref=search-standalone&origin=cardTitle#sol=d462065c0c6425a7dee76e1d851eab55599b6fa2
cyber-security,Infosec Analyst,OLX Indonesia,Jakarta Selatan,https://id.jobstreet.com/id/job/91701895?type=standard&ref=search-standalone&origin=cardTitle#sol=f02f90466a64bb3aec78cbe6ccd8633938f8da47
cyber-security,IT Security Engineer,Deep Symbolics Indonesia,Jakarta Raya,https://id.jobstreet.com/id/job/91964701?type=standard&ref=search-standalone&origin=cardTitle#sol=6ace745805bffde9c02c37aacf9e33e8d97e8224
cyber-security,OT Cybersecurity Consultant,PT Yokogawa Indonesia,Jakarta Selatan,https://id.jobstreet.com/id/job/91702169?type=standard&ref=search-standalone&origin=cardTitle#sol=ef4a70a2e722df6a9ba87d47850f618508b37778
cyber-security,Presales - IT Server and Cloud,PT Network Data Sistem,Jakarta Selatan,https://id.jobstreet.com/id/job/91647812?type=standard&ref=search-standalone&origin=cardTitle#sol=0bf6487fecaf760f636ff2550b5e625482990e9e
cyber-security,IT Netwrok & Security Assistant Manager,Orico Balimor Finance,Jakarta Pusat,https://id.jobstreet.com/id/job/91947433?type=standard&ref=search-standalone&origin=cardTitle#sol=b78952e85437bf2a4a962e5a56fe1fee7ee86115
cyber-security,Head of Technology,PT Sepulsa Teknologi Indonesia (Jakarta),Jakarta Selatan,https://id.jobstreet.com/id/job/91913004?type=standard&ref=search-standalone&origin=cardTitle#sol=3daf6a0c1fda9557935cc4dd1bc4246a441c4f46
cyber-security,Head of IT Infrastructure and Security,PT Morula Indonesia,Jakarta Pusat,https://id.jobstreet.com/id/job/92179045?type=standard&ref=search-standalone&origin=cardTitle#sol=c10c3ea7d2341e51efde8a8eeaf30fb9e81a69b0
cyber-security,Data Protection Officer,PT PERMODALAN NASIONAL MADANI,Jakarta Selatan,https://id.jobstreet.com/id/job/91780910?type=standard&ref=search-standalone&origin=cardTitle#sol=2dff2ad126fb2c15eb1846990e2f044a5dcf55ac
cyber-security,"IT Security & Government, Risk and Compliance",PT. AEON Indonesia,Tangerang,https://id.jobstreet.com/id/job/91668658?type=standard&ref=search-standalone&origin=cardTitle#sol=6008e49efa8f5683b5092d094968d49fe4c3ecbd
cyber-security,Rollout Engineer,PT. Aviro Global Teknologi,Jakarta Raya,https://id.jobstreet.com/id/job/92138273?type=standard&ref=search-standalone&origin=cardTitle#sol=e0b7781acf3870c734bc40db2b592dd76f983012
cyber-security,Security Engineer,PT Karya Solusi Prima Sejahtera,Jakarta Pusat,https://id.jobstreet.com/id/job/91756163?type=standard&ref=search-standalone&origin=cardTitle#sol=8adeccc3661482be214bfb40c119c989fbc5110c
cyber-security,DevOps Engineer,PT Daidan Aditama Yaksa,Jakarta Raya,https://id.jobstreet.com/id/job/92208486?type=standard&ref=search-standalone&origin=cardTitle#sol=5929c197f824907a5da375b9a8ae9c9d09a9b18f
cyber-security,Project Manager,PT Netcom Scinergy Newsantara,Tebet,https://id.jobstreet.com/id/job/91991263?type=standard&ref=search-standalone&origin=cardTitle#sol=dad89edac1cff59e3ee1d55763dbe2b6580a9ee8
cyber-security,Security Analyst Supervisor,PT Mitra Solusi Infokom,Jakarta Barat,https://id.jobstreet.com/id/job/91655085?type=standard&ref=search-standalone&origin=cardTitle#sol=020a450c1cdb827efbce14b64d9814a4b601a333
cyber-security,Cloud Security (Middle Level),PT. SIGMA GLOBAL TEKNOLOGI (SIGMATECH),Jakarta Selatan,https://id.jobstreet.com/id/job/91677199?type=standard&ref=search-standalone&origin=cardTitle#sol=da934fe6bc8dcd79ad88b6aaff22aadb3d3ae1c5
cyber-security,Sales Development Specialist - Cloud/IT/Security/Telco,PT Adecco Personnel Indonesia,Jakarta Raya,https://id.jobstreet.com/id/job/91681155?type=standard&ref=search-standalone&origin=cardTitle#sol=0cdaa335427f116b54e2f027d7adbd6862e57c39
cyber-security,IT Division Head,PT Merapi Utama Pharma,Jakarta Pusat,https://id.jobstreet.com/id/job/91753375?type=standard&ref=search-standalone&origin=cardTitle#sol=c28869e6be878f19fcc3bfb006905f3313ecb230
cyber-security,IT Infrastructure Specialist,Orang Tua Group,Jakarta Barat,https://id.jobstreet.com/id/job/92154745?type=standard&ref=search-standalone&origin=cardTitle#sol=6abba97ca5be9f70fbf1c41017b9c96abc2920d4
cyber-security,L2 MS Security Engineer (Firewall),PT. Elabram Systems,Jakarta Raya,https://id.jobstreet.com/id/job/91998922?type=standard&ref=search-standalone&origin=cardTitle#sol=4c1d51eb51615b105b6fb5e7f20f941bd42d1660
cyber-security,"IT Data Center, Security & Network",PT Supernova Flexible Packaging,Cikarang Selatan,https://id.jobstreet.com/id/job/91919116?type=standard&ref=search-standalone&origin=cardTitle#sol=ffcbe7eedbf9ae1253d028c380326c4e5e68e8ae
cyber-security,SOC L2 (Security Operation Center Layer 2),PT Karya Solusi Prima Sejahtera,Jakarta Raya,https://id.jobstreet.com/id/job/91647692?type=standard&ref=search-standalone&origin=cardTitle#sol=7acb07370b8f12cb4b73c9e8b187358c6fcaaa47
cyber-security,"Staff IT Security & GRC (Governance, Risk, and Compliance)",PT Asuransi Jiwa Syariah Al Amin,Jakarta Selatan,https://id.jobstreet.com/id/job/91945721?type=standard&ref=search-standalone&origin=cardTitle#sol=deb5805c8043d3958d860581eaaba5ac88965a9b
cyber-security,Electronics Engineer,PT E-T-A Indonesia,Sidoarjo,https://id.jobstreet.com/id/job/91834467?type=standard&ref=search-standalone&origin=cardTitle#sol=74cbb77b2e50fd277cdfe253be71bdd4b09ffc75
cyber-security,Engineer on Site,PT. TRIMEGA PRIMA TEKNOLOGI,Jakarta Timur,https://id.jobstreet.com/id/job/91934341?type=standard&ref=search-standalone&origin=cardTitle#sol=fb2090a466df1c2f4eb973e6a02cddd355086749
cyber-security,IT HELPDESK & INFRASTRUCTURE SPECIALIST,PT Seiwa Logistics Indonesia,Jakarta Timur,https://id.jobstreet.com/id/job/92070663?type=standard&ref=search-standalone&origin=cardTitle#sol=7a558fca8449ceb4738c98329e7e0f0b1a429b5e
cyber-security,Security Architect & Engineering,"PT. BFI FINANCE INDONESIA, Tbk",Kecamatan Tangerang,https://id.jobstreet.com/id/job/91226705?type=standard&ref=search-standalone&origin=cardTitle#sol=79b4ed06c5a339e99723b3d810057d38bc400629
cyber-security,Network & Security Engineer,Dirga Bahari Perkasa,Jakarta Selatan,https://id.jobstreet.com/id/job/91700921?type=standard&ref=search-standalone&origin=cardTitle#sol=e68138d2dabe0ef6ed90b73baedf0cb53a065e42
cyber-security,SOC Team Level 3 – SOC Analysts,PT. BEIBI CEMERLANG INDONESIA,Jakarta Raya,https://id.jobstreet.com/id/job/91969955?type=standard&ref=search-standalone&origin=cardTitle#sol=7e7c6b4263ce1dbe872b56ac660210fb8880d6f7
cyber-security,Cyber Business Information Security Officer | Business-Aligned,Macquarie Group,Indonesia,https://id.jobstreet.com/id/job/92045771?type=standard&ref=search-standalone&origin=cardTitle#sol=2e7cca49beab7b511a283c49ad560f290efbf002
cyber-security,IT Staff (Network & Hardware Support),Pengiklan Anonim,Jakarta Pusat,https://id.jobstreet.com/id/job/92091224?type=standard&ref=search-standalone&origin=cardTitle#sol=43846c465c542ab16e4725743b26efcad3eccaf0
cyber-security,Security Officer,Juara Holding Group,Denpasar,https://id.jobstreet.com/id/job/91753882?type=standard&ref=search-standalone&origin=cardTitle#sol=4dc99fc5bb7cfa99f365c4c6c2655a10b0f14fd7
cyber-security,Security Project Manager,PT Global Arrow,Jawa Timur,https://id.jobstreet.com/id/job/92178220?type=standard&ref=search-standalone&origin=cardTitle#sol=7163874df32022109f4890a0a7c12cc7364220a2
cyber-security,DevOps Engineer,"PT. Trimegah Sekuritas Indonesia, Tbk",Jakarta Selatan,https://id.jobstreet.com/id/job/92175212?type=standard&ref=search-standalone&origin=cardTitle#sol=ec1554941fbfe997fce1d1afb1c53fd4d22e3545
cyber-security,VP of Technology,Pengiklan Anonim,Jakarta Raya,https://id.jobstreet.com/id/job/91703463?type=standard&ref=search-standalone&origin=cardTitle#sol=5d95a8b8c531caedfd5964a9e8009ead343410fd
cyber-security,Security,Geonet Property & Finance Group,Badung,https://id.jobstreet.com/id/job/92040690?type=standard&ref=search-standalone&origin=cardTitle#sol=695f0fea3f8f46b0fd098020a4c1ef9217b27f17
cyber-security,Workplace Security Architect,Macquarie Group,Indonesia,https://id.jobstreet.com/id/job/92200495?type=standard&ref=search-standalone&origin=cardTitle#sol=1a8ecb7c39e26fb423ac9daa963a85b3a11b21a3
cyber-security,IT Quality & Compliance Manager,PT Shape-Up Indonesia,Jakarta Selatan,https://id.jobstreet.com/id/job/91616043?type=standard&ref=search-standalone&origin=cardTitle#sol=df9e47364f26bdaa6fc26042bc6286197ab4c585
cyber-security,IT Infrastructure,PT ASABA Digital Innotech,Setiabudi,https://id.jobstreet.com/id/job/92228274?type=standard&ref=search-standalone&origin=cardTitle#sol=b50cf8e0e0b0f77a20d984d5205357b10a6689f2
cyber-security,Cloud Engineer / DevOps Engineer,PT EVOLUSI TEKNOLOGI SOLUSI,Jakarta Pusat,https://id.jobstreet.com/id/job/91845778?type=standard&ref=search-standalone&origin=cardTitle#sol=479c318cc5b5b63e6a8ffe50556cc705de11a165
cyber-security,Senior Azure Engineer  (Entra ID),Avanade Malaysia Sdn Bhd,Jakarta Raya,https://id.jobstreet.com/id/job/91816106?type=standard&ref=search-standalone&origin=cardTitle#sol=1f73fcc06684fed6a21260e8dd7def258722d231
cyber-security,Presales Engineer (Microsoft Modern Workplace & Security),"PT. Metrodata Electronics, Tbk",Jakarta Raya,https://id.jobstreet.com/id/job/92028067?type=standard&ref=search-standalone&origin=cardTitle#sol=b60c43a98a272960d30f6a592b5b818059d950fb
cyber-security,Product & Presales (Cybersecurity),PT Intikom Berlian Mustika,Mampang Prapatan,https://id.jobstreet.com/id/job/91776988?type=standard&ref=search-standalone&origin=cardTitle#sol=e6b3e3b9b7f2beddaa3f1598e0c3a19e62f2037e
cyber-security,DevSecOps Engineer,"PT. BFI FINANCE INDONESIA, Tbk",Kecamatan Tangerang,https://id.jobstreet.com/id/job/91226710?type=standard&ref=search-standalone&origin=cardTitle#sol=743fb8b789db8c7f122b519afbf4c449bd43ceaa
cyber-security,DevOps Engineer,PT Digdaya Duta Digital,Setiabudi,https://id.jobstreet.com/id/job/91779286?type=standard&ref=search-standalone&origin=cardTitle#sol=4584b0af6053f0b9bbb00de013f4955752d18b44
cyber-security,Cloud Engineer,PT Lintas Media Danawa,Tangerang,https://id.jobstreet.com/id/job/91669387?type=standard&ref=search-standalone&origin=cardTitle#sol=4b0ee2b49302aed0b3645b41416e72658409bad5
cyber-security,Senior IT Auditor,PT Perisai Digital Indonesia,Jakarta Pusat,https://id.jobstreet.com/id/job/91910936?type=standard&ref=search-standalone&origin=cardTitle#sol=d42a9914f4c7eeace60922d7f92fa9003d588a6d
cyber-security,Fraud Security Researcher,PT Akulaku Silvrr Indonesia,Jakarta Pusat,https://id.jobstreet.com/id/job/91761073?type=standard&ref=search-standalone&origin=cardTitle#sol=ae10d9a2002533d51e5b7471ef52791ec7ccfb62
cyber-security,Head of Programmer,PT Netcom Scinergy Newsantara,Bekasi,https://id.jobstreet.com/id/job/91638003?type=standard&ref=search-standalone&origin=cardTitle#sol=297fe4e8a2dd16e991c70243a9130381213c6aa0
cyber-security,Manager Consultant (Cybersecurity),PT Veda Praxis,Jakarta Raya,https://id.jobstreet.com/id/job/91649211?type=standard&ref=search-standalone&origin=cardTitle#sol=e1464a8c2b0d072bb034711a6441848d9df385b5
cyber-security,Field Investigator Officer - Balikpapan & Samarinda,PT Indodana Multi Finance,Balikpapan,https://id.jobstreet.com/id/job/92067237?type=standard&ref=search-standalone&origin=cardTitle#sol=9c67a81568bd2e96586dd29010236adb811fa328
cyber-security,"Security Manager (Jakarta Raya, Indonesia)",GWS Enterprise Indonesia,Jakarta Raya,https://id.jobstreet.com/id/job/91942500?type=standard&ref=search-standalone&origin=cardTitle#sol=638094136097c8480ee6294f2a1b7ba22c84cd77
cyber-security,Security Engineer,Beyondtech,Jakarta Barat,https://id.jobstreet.com/id/job/91946573?type=standard&ref=search-standalone&origin=cardTitle#sol=2f8a74a7c7b5f63406edf6b14b23e4d22b44c9ff
cyber-security,AML-CFT Manager,PT Akulaku Silvrr Indonesia,Jakarta Pusat,https://id.jobstreet.com/id/job/91760183?type=standard&ref=search-standalone&origin=cardTitle#sol=2787005ee35078582705459de53d25bf629e0128
cyber-security,"AVP, IT Compliance & Regulatory, Technology",PT Bank DBS Indonesia,Jakarta Raya,https://id.jobstreet.com/id/job/91739957?type=standard&ref=search-standalone&origin=cardTitle#sol=1040883c6abab45af1736ca7f18eb3ce0970a6d9
cyber-security,Lead IT Auditor,PT GOTO GOJEK TOKOPEDIA TBK,Jakarta Raya,https://id.jobstreet.com/id/job/91896006?type=standard&ref=search-standalone&origin=cardTitle#sol=92a695c4c6b8910c337eff1ca59abffeccd5a928
cyber-security,Cloud Infrastructure Engineer,"PT. Metrodata Electronics, Tbk",Jakarta Raya,https://id.jobstreet.com/id/job/92138851?type=standard&ref=search-standalone&origin=cardTitle#sol=f852e7e71e08822cb555ab761b1ebad6cf266428
cyber-security,Product Manager (Security & Surveillance),Halo Robotics,Jakarta Selatan,https://id.jobstreet.com/id/job/92144189?type=standard&ref=search-standalone&origin=cardTitle#sol=a903886d593f34ae002259bf375a4aa796daf02a
cyber-security,DevOps Engineer,PT IDStar Cipta Teknologi,Jakarta Selatan,https://id.jobstreet.com/id/job/91334021?type=standard&ref=search-standalone&origin=cardTitle#sol=c82d6abc521e698462a7cf3cf21e0d7fa06c749e
cyber-security,Senior DevOps Engineer,"PT. Metrodata Electronics, Tbk",Jakarta Raya,https://id.jobstreet.com/id/job/92002680?type=standard&ref=search-standalone&origin=cardTitle#sol=1786fd65cbde5758cb2add30d7e52f8600522d7d
cyber-security,Risk / Data Protection Assistant Manager,Bali International Hospital,Bali,https://id.jobstreet.com/id/job/91990043?type=standard&ref=search-standalone&origin=cardTitle#sol=eb241456e0424c2acb7fc1117cfde7fb62ea2925
cyber-security,IT Risk & Compliance Analyst (Internal Control),PT Sinergi Daya Mitra,Jakarta Raya,https://id.jobstreet.com/id/job/91973957?type=standard&ref=search-standalone&origin=cardTitle#sol=728b5f544818e1a0e31dc3917a47e3d1ed62238e
cyber-security,Product Sales Manager,PT Tech Security Solution,Jakarta Selatan,https://id.jobstreet.com/id/job/91884536?type=standard&ref=search-standalone&origin=cardTitle#sol=d6585c543fb6131f4a5b9090baf0ea29977ef189
cyber-security,"Account Manager - IT Solutions Company - (Firewall, Security, Cloud, Network)",PT Adecco Personnel Indonesia,Tangerang Selatan,https://id.jobstreet.com/id/job/91652064?type=standard&ref=search-standalone&origin=cardTitle#sol=ebc52353b9e23d64c3c75c5a9b0b92295f18f7a5
cyber-security,Presales Specialist,MEDIATEK SOLUSINDO,Jakarta Raya,https://id.jobstreet.com/id/job/91642564?type=standard&ref=search-standalone&origin=cardTitle#sol=7b569b2f9f7a90edb16d766c763546a44cf564e5
cyber-security,Account Manager Enterprise,PT Netciti Persada,Padalarang,https://id.jobstreet.com/id/job/91710981?type=standard&ref=search-standalone&origin=cardTitle#sol=38ca29efcd825a3fbf6146a3dae7380de9a288c4
cyber-security,IT Audit Staff,PT Asuransi Jiwa Central Asia Raya (CAR),Jakarta Barat,https://id.jobstreet.com/id/job/91883367?type=standard&ref=search-standalone&origin=cardTitle#sol=b7f6467241ddb22facf9706b19e15ff5acc6b978
cyber-security,Field Investigator Officer - Bandung,PT Indodana Multi Finance,Bandung Barat,https://id.jobstreet.com/id/job/91949255?type=standard&ref=search-standalone&origin=cardTitle#sol=94e80f294b9664cda80a55abb92eef98a0b784ea
cyber-security,Project Manager (Cybersecurity),PT SOLUSI PERTAHANAN DIGITAL,Jakarta Raya,https://id.jobstreet.com/id/job/91764603?type=standard&ref=search-standalone&origin=cardTitle#sol=0ca648ce018876bb2689846be59cbf6e170df052
cyber-security,NETWORK & SECURITY ADMINISTRATOR L2,PT Jasuindo Tiga Perkasa Tbk,Sidoarjo,https://id.jobstreet.com/id/job/91650041?type=standard&ref=search-standalone&origin=cardTitle#sol=d69210f3ead407338880df05dd81bce18c5630af
cyber-security,DevOps Engineer,PT Asuransi Bina Dana Arta Tbk,Jakarta Selatan,https://id.jobstreet.com/id/job/91776698?type=standard&ref=search-standalone&origin=cardTitle#sol=9ad129bb00b4fa3441f8748b84141683be1e020e
cyber-security,IT Risk Management,PT. Elabram Systems,Jakarta Raya,https://id.jobstreet.com/id/job/91758791?type=standard&ref=search-standalone&origin=cardTitle#sol=5f988512bfff2bc13eadfca18873dc1a56660670
cyber-security,Senior System Engineer,PT. Wide Technologies Indonesia,Jakarta Selatan,https://id.jobstreet.com/id/job/91886309?type=standard&ref=search-standalone&origin=cardTitle#sol=9f9986125f0aad1f6ccb618ce0bf4543e91d1177
cyber-security,Cybersecurity (Microsoft),Siloam Hospitals Group (Tbk),Karawaci,https://id.jobstreet.com/id/job/91689047?type=standard&ref=search-standalone&origin=cardTitle#sol=e275bb75bbeef1dabec7dc078eb0a2bc5ab3114a
cyber-security,Director IT Operations & Innovations - F&B Business,PT Michael Page Internasional Indonesia,Jakarta Raya,https://id.jobstreet.com/id/job/92059593?type=standard&ref=search-standalone&origin=cardTitle#sol=ee208dd7b5e01987ee846bcd251ef951eec9e815
cyber-security,Security Manager,PT. ISAT,Kepulauan Riau,https://id.jobstreet.com/id/job/91644740?type=standard&ref=search-standalone&origin=cardTitle#sol=38a0f6e19040b224cdf78aaea1dd66ce148892c9
cyber-security,IT Infrastructure Project Manager,PT Netmarks Indonesia,Jakarta Utara,https://id.jobstreet.com/id/job/91948311?type=standard&ref=search-standalone&origin=cardTitle#sol=43b0bf01eaf29d205376f525d0de5747d6bf9d79
cyber-security,System Administrator,"PT. Metrodata Electronics, Tbk",Jakarta Raya,https://id.jobstreet.com/id/job/92143997?type=standard&ref=search-standalone&origin=cardTitle#sol=f4af82438ca382aea9fa1631ccb982701d8b3235
cyber-security,Enterprise Network Engineer,PT Intikom Berlian Mustika,Mampang Prapatan,https://id.jobstreet.com/id/job/91760922?type=standard&ref=search-standalone&origin=cardTitle#sol=1b12369ad24fbddc6555e256fbf717cdcf8ca867
cyber-security,IT Strategy & GRC Division Head,PT Bank Nano Syariah,Jakarta Raya,https://id.jobstreet.com/id/job/91970254?type=standard&ref=search-standalone&origin=cardTitle#sol=a173fcbfd6309cfded5dacc013c269294c8c5075
cyber-security,Project Manager,PT Neural Technologies Integrated Solutions,Jakarta Raya,https://id.jobstreet.com/id/job/92146607?type=standard&ref=search-standalone&origin=cardTitle#sol=2f82c118efd5cf853bccb832d7a6ec828da09a66
cyber-security,Pentester,LOGIQUE,Jakarta Selatan,https://id.jobstreet.com/id/job/91751136?type=standard&ref=search-standalone&origin=cardTitle#sol=bf158f62a6c8b95d0be5d871c14afe242ffecaba
cyber-security,IT Planning & Policy Officer,OTO Group,Jakarta Selatan,https://id.jobstreet.com/id/job/91805855?type=standard&ref=search-standalone&origin=cardTitle#sol=9d030afa80a1c2af2546e84a630c2d75f0d0c7f7
cyber-security,IT Engineer,PT Daya Cipta Mandiri Solusi,Jakarta Timur,https://id.jobstreet.com/id/job/91755706?type=standard&ref=search-standalone&origin=cardTitle#sol=a51b50e0080a9463d5e0bc531b67148477b59f6e
cyber-security,Security Supervisor (Semarang),PT Sigap Prima Astrea,Semarang,https://id.jobstreet.com/id/job/91716475?type=standard&ref=search-standalone&origin=cardTitle#sol=56c8093c53aa4d1a88b63696cca02a5fc6b505e2
cyber-security,IT Auditor Department Head,PT MNC Teknologi Nusantara (MotionPay),Jakarta Pusat,https://id.jobstreet.com/id/job/91811613?type=standard&ref=search-standalone&origin=cardTitle#sol=751e98f1263eed3c2e84943ca2ec544e6f9f8cf4
cyber-security,System Engineer,PT. Wide Technologies Indonesia,Jakarta Selatan,https://id.jobstreet.com/id/job/91753013?type=standard&ref=search-standalone&origin=cardTitle#sol=e329edb3fafbdb0861c660ab715cb31e33413992
cyber-security,IT Project Manager,PT Intikom Berlian Mustika - Talent Acquisition,Jakarta Raya,https://id.jobstreet.com/id/job/91652098?type=standard&ref=search-standalone&origin=cardTitle#sol=d8c3fa3a35c9c57da128170315740e10c65e6679
cyber-security,IT Telecomm Enginnering,PT Masmindo Dwi Area,Luwu,https://id.jobstreet.com/id/job/91785916?type=standard&ref=search-standalone&origin=cardTitle#sol=7f2b5e5fddae978ee6ca8537a8d78b49467fed6e
cyber-security,Security,CV Cahaya Prima Mandiri,Plumbon,https://id.jobstreet.com/id/job/91620427?type=standard&ref=search-standalone&origin=cardTitle#sol=03af81ed2593dd2715ae50537dbf7f70fa7e8aae
cyber-security,IT Staff,PT Alumindo Alloy Abadi,Jakarta Timur,https://id.jobstreet.com/id/job/91607639?type=standard&ref=search-standalone&origin=cardTitle#sol=8d89607cebcd27f6e120b342b1bfe228ceec4ddd
cyber-security,Network Solution Engineer,PT. Sinergi Innovate Pratama,Jakarta Selatan,https://id.jobstreet.com/id/job/91754622?type=standard&ref=search-standalone&origin=cardTitle#sol=60b3ce5ba20a9c00f21ba4159e80bca8c84cf22d
cyber-security,staff IT,Pengiklan Anonim,Medan Kota,https://id.jobstreet.com/id/job/91921740?type=standard&ref=search-standalone&origin=cardTitle#sol=afe4edb56d1000fbfc18f98ae84482afabdc9980
cyber-security,Network Engineer,PT. Sinergi Innovate Pratama,Jakarta Selatan,https://id.jobstreet.com/id/job/92039717?type=standard&ref=search-standalone&origin=cardTitle#sol=4f5e968de034b520a09bd24a3c2c32a8fa969a06
cyber-security,Database Security Administrator for Integra (Placement in Bandung),PT. Lintas Teknologi Indonesia,Bandung,https://id.jobstreet.com/id/job/91756169?type=standard&ref=search-standalone&origin=cardTitle#sol=64980e59339e9839e3ebc239d8c8e2b34e42ecf0
cyber-security,IT Manager (Group),Pengiklan Anonim,Jakarta Raya,https://id.jobstreet.com/id/job/92115723?type=standard&ref=search-standalone&origin=cardTitle#sol=123cf98db84d8ba070d77ab5dae11c8067b92f0b
cyber-security,Senior Network Engineer,PT Indowin Engineering Indonesia,Jakarta Utara,https://id.jobstreet.com/id/job/92048390?type=standard&ref=search-standalone&origin=cardTitle#sol=e0ad584fc538fa982246fbe2e2b1c1bf79f13a5c
cyber-security,Country General Manager Data Center,PT Trust Recruit Indonesia,Cikarang Pusat,https://id.jobstreet.com/id/job/91889770?type=standard&ref=search-standalone&origin=cardTitle#sol=420d72155a11ec57ed948be976b16d6475df9c26
cyber-security,IT ENGINEER,PT Changhong Electric Indonesia,Jakarta Pusat,https://id.jobstreet.com/id/job/91278350?type=standard&ref=search-standalone&origin=cardTitle#sol=2be8d4f0cd0c9eaca52114e30ba53ea2b1398db7
cyber-security,Network Engineer,PT Sangkuriang Internasional,Jakarta Selatan,https://id.jobstreet.com/id/job/91768253?type=standard&ref=search-standalone&origin=cardTitle#sol=b5905b6940880a7194e0081e6460c161938ac559
devops-engineer,DevOps Engineer,PT Daidan Aditama Yaksa,Jakarta Raya,https://id.jobstreet.com/id/job/92208486?type=standard&ref=search-standalone&origin=cardTitle#sol=7261c8dfc135a58c1a6b47d5148a026a6752408f
devops-engineer,Cloud & DevOps Engineer,PT Serasi Autoraya (Member of Astra),Jakarta Utara,https://id.jobstreet.com/id/job/92167353?type=standard&ref=search-standalone&origin=cardTitle#sol=554bbb6f94b13811fefe23f198c91599ebb86920
devops-engineer,DevOps Engineer (Full English Speaking),Eterna Indonesia,Jakarta Raya,https://id.jobstreet.com/id/job/92145326?type=standard&ref=search-standalone&origin=cardTitle#sol=717039fb24811756b7f27db93a720c227b32ceaa
devops-engineer,DevOps Engineer,"PT. Trimegah Sekuritas Indonesia, Tbk",Jakarta Selatan,https://id.jobstreet.com/id/job/92175212?type=standard&ref=search-standalone&origin=cardTitle#sol=f7a2ad8fc43dd49e1ef8962a50073dcb30c0315a
devops-engineer,Site Reliability Engineer DevOps,PT. AETHER DIGITAL INDONESIA,Jakarta Barat,https://id.jobstreet.com/id/job/92000043?type=standard&ref=search-standalone&origin=cardTitle#sol=ad0d646569f0d888f4a9e7c133fcd471ae7b9604
devops-engineer,DevOps Engineer,PT IDX Solusi Teknologi Informasi,Jakarta Selatan,https://id.jobstreet.com/id/job/91640660?type=standard&ref=search-standalone&origin=cardTitle#sol=f542a19a0ffc5bc9d5c34661540a0d346377a829
devops-engineer,DevOps Engineer,PT Digdaya Duta Digital,Setiabudi,https://id.jobstreet.com/id/job/91779286?type=standard&ref=search-standalone&origin=cardTitle#sol=58494784904b7393fd7f43df61d41cf2a67e3ae1
devops-engineer,Cloud Engineer / DevOps Engineer,PT EVOLUSI TEKNOLOGI SOLUSI,Jakarta Pusat,https://id.jobstreet.com/id/job/91845778?type=standard&ref=search-standalone&origin=cardTitle#sol=58caf7ba4d8fe92912ee1540033e0bd92099bc02
devops-engineer,DevOps Engineer,PT Sinergi Daya Mitra,Jakarta Raya,https://id.jobstreet.com/id/job/92129640?type=standard&ref=search-standalone&origin=cardTitle#sol=9323fc99f4251ef84960c114ab5cb5f3e1d086e7
devops-engineer,Devops Engineer (On Premise) - MNC Healthtech,PT Trust Recruit Indonesia,Jakarta Raya,https://id.jobstreet.com/id/job/92004540?type=standard&ref=search-standalone&origin=cardTitle#sol=78082ebd2e7b71a8968121ef6fcee7ac8a40121d
devops-engineer,DevOps Engineer,PT. TRANSNOVASI BANGUN PERSADA,Jakarta Timur,https://id.jobstreet.com/id/job/92060788?type=standard&ref=search-standalone&origin=cardTitle#sol=71fcd7691fdd146215b3df02591327f6e6c0051c
devops-engineer,DevOps / SRE,PT Karisma Zona Kreatifku,Bandung,https://id.jobstreet.com/id/job/92133369?type=standard&ref=search-standalone&origin=cardTitle#sol=657c9f256fbec91e6040abc00dfd938b1a21375f
devops-engineer,DevOps Engineer (3 Months Project Based),PT Lawencon Internasional,Jakarta Selatan,https://id.jobstreet.com/id/job/91880184?type=standard&ref=search-standalone&origin=cardTitle#sol=25e2b0b98869998cab77cfd01b3ea8ed75a2cd96
devops-engineer,Fullstack developer,PT Kodenusa Tekno Buana,Jakarta Barat,https://id.jobstreet.com/id/job/92141841?type=standard&ref=search-standalone&origin=cardTitle#sol=2b3302885d4d89743ade206645b4ba458d437202
devops-engineer,Associate Devops Engineer - RA,PT XL Axiata Tbk,Jakarta Raya,https://id.jobstreet.com/id/job/91895965?type=standard&ref=search-standalone&origin=cardTitle#sol=f597e6bf31857bce73e1c473fa751e7c117990ed
devops-engineer,Infrastructure Engineer,PT Istana Group Indonesia,Tangerang Selatan,https://id.jobstreet.com/id/job/91880012?type=standard&ref=search-standalone&origin=cardTitle#sol=66c4116c7a1b9bfe1bdbd449533667daa2feb716
devops-engineer,DevOps,PT. MONARCH INTI TEKNOLOGI,Jakarta Barat,https://id.jobstreet.com/id/job/91816714?type=standard&ref=search-standalone&origin=cardTitle#sol=73355aec765e7ad4c30a745e887bf39f7ddee0ad
devops-engineer,DevOps Engineer,PT Cashlez Worldwide Indonesia,Jakarta Pusat,https://id.jobstreet.com/id/job/92014765?type=standard&ref=search-standalone&origin=cardTitle#sol=2342bb8cab88e38ea559ece7a2b9e47c1288548f
devops-engineer,Senior Infrastructure Read Team Specialis,PT Kb Data Systems Indonesia,Jakarta Selatan,https://id.jobstreet.com/id/job/92220075?type=standard&ref=search-standalone&origin=cardTitle#sol=d28ef9edd210ae7ecad8feb2a945bef24d8c789d
devops-engineer,DevOps Engineer,PT IDStar Cipta Teknologi,Jakarta Selatan,https://id.jobstreet.com/id/job/91334021?type=standard&ref=search-standalone&origin=cardTitle#sol=c0180d711e9713769fc91bb43cb4ddfac140f631
devops-engineer,IT Infrastructure Supervisor,PT Aneka Search Indonesia,Setiabudi,https://id.jobstreet.com/id/job/92193122?type=standard&ref=search-standalone&origin=cardTitle#sol=d6fd2c59e22074040e70bc2772a2a5d71760ca57
devops-engineer,IT Capacity Planner,PT PERMODALAN NASIONAL MADANI,Jakarta Selatan,https://id.jobstreet.com/id/job/91968347?type=standard&ref=search-standalone&origin=cardTitle#sol=bee846acdfe3cee5c786681d206875988b43b37e
devops-engineer,DevOps Engineer,PT Hydrax Teknologi Indonesia,Jakarta Selatan,https://id.jobstreet.com/id/job/91803915?type=standard&ref=search-standalone&origin=cardTitle#sol=491727750da7d8119c77503c6850f9d15b457e9c
devops-engineer,DevOps Engineer,Pancaran Group,Jakarta Utara,https://id.jobstreet.com/id/job/91734683?type=standard&ref=search-standalone&origin=cardTitle#sol=2e09273376ce390102c1829852f9d46e68400f11
devops-engineer,DevOps Engineer,PT Asuransi Bina Dana Arta Tbk,Jakarta Selatan,https://id.jobstreet.com/id/job/91776698?type=standard&ref=search-standalone&origin=cardTitle#sol=27f16195968dd8f3bcb47bda1bc80a284de0ec3a
devops-engineer,DevOps Engineer (GCP),PT Karisma Zona Kreatifku,Bandung,https://id.jobstreet.com/id/job/91642649?type=standard&ref=search-standalone&origin=cardTitle#sol=33f72d0a9be0cf9fbeee18ad7017372c49e8c5c8
devops-engineer,Full Stack Engineer,PT DIGITAL XCELERATION NUSANTARA,Jakarta Selatan,https://id.jobstreet.com/id/job/91756596?type=standard&ref=search-standalone&origin=cardTitle#sol=fcb0c562d3b33d5adc55830110c600eaa4664d0c
devops-engineer,AWS Cloud Engineer,PT Exabytes Network Indonesia,Jakarta Raya,https://id.jobstreet.com/id/job/92192682?type=standard&ref=search-standalone&origin=cardTitle#sol=907f7dca75088f55cde84050059ee16059766a96
devops-engineer,"Infrastructure & Server Engineer (AWS, Monitoring, & MT5)",PT Usaha Kreatif Indonesia,Jakarta Utara,https://id.jobstreet.com/id/job/92201495?type=standard&ref=search-standalone&origin=cardTitle#sol=9ec84cbf2ef82277531d2b0722f5822d00121f10
devops-engineer,IT Senior Specialist/Manager,Pengiklan Anonim,Jakarta Raya,https://id.jobstreet.com/id/job/92193256?type=standard&ref=search-standalone&origin=cardTitle#sol=482b8c1336b92325558102bb3ca628ae852297c5
devops-engineer,Junior Software Engineer,PT Technet Vision Indonesia,Jakarta Raya,https://id.jobstreet.com/id/job/91648206?type=standard&ref=search-standalone&origin=cardTitle#sol=77064631b9d60d6cde1c2cff23d67ee12b5e75e3
devops-engineer,Data Center IT Expert,TITANICOM TECH LIMITED,Jakarta Raya,https://id.jobstreet.com/id/job/92117582?type=standard&ref=search-standalone&origin=cardTitle#sol=0c30b9f452b3a35163ec5af3e73754fb3b2cfaa5
devops-engineer,Project Engineer,Pengiklan Anonim,Jakarta Pusat,https://id.jobstreet.com/id/job/92219706?type=standard&ref=search-standalone&origin=cardTitle#sol=c2b9d8fa50fb123f88627165ceb6db3e38dc67af
devops-engineer,Senior DevOps Engineer,"PT. Metrodata Electronics, Tbk",Jakarta Raya,https://id.jobstreet.com/id/job/92002680?type=standard&ref=search-standalone&origin=cardTitle#sol=cd5324177090d83f80e103a613c880a66a0917c1
devops-engineer,Tier 2 Support Engineer,PT Artha Solutions Indonesia,Jakarta Pusat,https://id.jobstreet.com/id/job/92032944?type=standard&ref=search-standalone&origin=cardTitle#sol=8d21fbe8a4f33b7f65d12316e1f41799c18a8367
devops-engineer,DATA CENTER ENGINEER,PT Advanced Power Tech,Jakarta Utara,https://id.jobstreet.com/id/job/91700965?type=standard&ref=search-standalone&origin=cardTitle#sol=e45254a4ad3eed272ac757781df34a9dc9928455
devops-engineer,Back End Engineer,PT Falah Inovasi Teknologi,Jakarta Selatan,https://id.jobstreet.com/id/job/92087073?type=standard&ref=search-standalone&origin=cardTitle#sol=2b46eb82c23c95159bec6c8207ff7db9891e5c03
devops-engineer,Safety Technician (Data Center),Rahi Systems Pte. Ltd.,Bekasi,https://id.jobstreet.com/id/job/91623635?type=standard&ref=search-standalone&origin=cardTitle#sol=5d9f919137039b5a41b2ad29d4a7f4825f5c435e
devops-engineer,Senior endpoint security engineer (Trellix),PT. Lintas Teknologi Indonesia,Jakarta Raya,https://id.jobstreet.com/id/job/92210068?type=standard&ref=search-standalone&origin=cardTitle#sol=e413ded609a3d3305499b0ba73db95758d4345ed
devops-engineer,IT NETWORK & INFRASTRUCTURE STAFF,PT Agres Info Teknologi,Jakarta Utara,https://id.jobstreet.com/id/job/92218292?type=standard&ref=search-standalone&origin=cardTitle#sol=31061d031ffa1e4ccf16aed9453581407eb84bcb
devops-engineer,Data Center Warehouse Executive,TITANICOM TECH LIMITED,Jakarta Raya,https://id.jobstreet.com/id/job/92002714?type=standard&ref=search-standalone&origin=cardTitle#sol=c24f0d13f595753b9905600a1f50d0807b876d5a
devops-engineer,Cloud Engineer,PT. Nashta Global Utama,Depok,https://id.jobstreet.com/id/job/91640711?type=standard&ref=search-standalone&origin=cardTitle#sol=9c684529148cdda89110416dec6f1ce206bb3efb
devops-engineer,Cloud Infrastructure Engineer (Azure/AWS),Abrihet Teknobalhar Informa,Surabaya,https://id.jobstreet.com/id/job/91814323?type=standard&ref=search-standalone&origin=cardTitle#sol=c4cc460ab93b9ebbf420a08c50faeb48ae46a62a
devops-engineer,Presales - IT Server and Cloud,PT Network Data Sistem,Jakarta Selatan,https://id.jobstreet.com/id/job/91647812?type=standard&ref=search-standalone&origin=cardTitle#sol=4b5f8221e3923b8490cfe5d7342283e894cb6570
devops-engineer,Full Stack Developer (Python),Engine Room Global Pte Ltd.,Jakarta Selatan,https://id.jobstreet.com/id/job/91842732?type=standard&ref=search-standalone&origin=cardTitle#sol=a47989c404bd7b6323cc763f320185461fa41156
devops-engineer,Software Engineer (Backend Java),PT Rsystems Ibizcs International,Tangerang,https://id.jobstreet.com/id/job/92233595?type=standard&ref=search-standalone&origin=cardTitle#sol=fa279e6699226862d1e9f79e1a06c98f31fb7eb2
devops-engineer,Network Security Department Head,Pengiklan Anonim,Jakarta Selatan,https://id.jobstreet.com/id/job/91803680?type=standard&ref=search-standalone&origin=cardTitle#sol=024f6b2c3b70522b505e2bca78927d33ce41bb5b
devops-engineer,IT Infrastruktur,PT Prawathiya Karsa Pradipta,Jakarta Selatan,https://id.jobstreet.com/id/job/92138844?type=standard&ref=search-standalone&origin=cardTitle#sol=68f7a42740106485fb774ad374dc18efd59ad473
devops-engineer,IDC Structured Cabling Engineer （Fresh Graduate Welcomed!),TITANICOM TECH LIMITED,Jakarta Raya,https://id.jobstreet.com/id/job/91680912?type=standard&ref=search-standalone&origin=cardTitle#sol=2bec9bb2245c87d3dd4791d970c6f483b3c357a9
devops-engineer,GPON Engineer,PT Fiberhome Technologies Indonesia,Jakarta Barat,https://id.jobstreet.com/id/job/92176184?type=standard&ref=search-standalone&origin=cardTitle#sol=54410173483bcbab52601aec65c1e16a5858d193
devops-engineer,Chief Engineer - Data Center (CDCP Certified),PT Colliers International Indonesia,Jakarta Pusat,https://id.jobstreet.com/id/job/92064572?type=standard&ref=search-standalone&origin=cardTitle#sol=87ea8b53983570ebf0a951b415e8a66119c328cb
devops-engineer,Senior Software Engineer / Technical Lead - CMMS Platform,Kraanwerks Pte. Ltd.,Batam,https://id.jobstreet.com/id/job/91810237?type=standard&ref=search-standalone&origin=cardTitle#sol=792f84d947a3aab2b96b131e4ed901e8c61e70ea
devops-engineer,Data Engineer,PT Data Labs Analytics,Jakarta Pusat,https://id.jobstreet.com/id/job/92223379?type=standard&ref=search-standalone&origin=cardTitle#sol=f43905a14d7f808222815bbeb9bf98e28e8ec866
devops-engineer,IT Security Specialist,PT. Dwidaya World Wide,Jakarta Raya,https://id.jobstreet.com/id/job/92083976?type=standard&ref=search-standalone&origin=cardTitle#sol=3ec391028ae66e1c9b38e3152efaf35b9a1e119c
devops-engineer,Cloud Engineer,PT Lintas Media Danawa,Tangerang,https://id.jobstreet.com/id/job/91669387?type=standard&ref=search-standalone&origin=cardTitle#sol=73f52960935ae09f4f8c34a7da26562c3d525909
devops-engineer,System Developer,PT IDX Solusi Teknologi Informasi,Jakarta Selatan,https://id.jobstreet.com/id/job/91627716?type=standard&ref=search-standalone&origin=cardTitle#sol=4a5d501b1a087fdfc2043e0ff465e80ddf21d059
devops-engineer,Head of IT,PT SUNGAI KECIL SEJAHTERA,Kebon Jeruk,https://id.jobstreet.com/id/job/91839833?type=standard&ref=search-standalone&origin=cardTitle#sol=468d3876204c4b003199eeaa16cadb8d13805fe8
devops-engineer,Electrical Engineer,PT. Seven Gates Indonesia,Jakarta Selatan,https://id.jobstreet.com/id/job/92093951?type=standard&ref=search-standalone&origin=cardTitle#sol=95f71b60923b93dabb124016fa0179ce90c898b2
devops-engineer,Solution Architect,PT Dasa Aprilindo Sentosa,Jakarta Selatan,https://id.jobstreet.com/id/job/92196016?type=standard&ref=search-standalone&origin=cardTitle#sol=5a9922eadec2067e8aa0fa583c752799aa79c76c
devops-engineer,Lead Engineer,PT Digdaya Duta Digital,Setiabudi,https://id.jobstreet.com/id/job/91609710?type=standard&ref=search-standalone&origin=cardTitle#sol=167d0c9b7e9934c39428a8569c04851f2a54171b
devops-engineer,Team Lead Application Developer,PT Sigma Cipta Utama,Tangerang Selatan,https://id.jobstreet.com/id/job/91879829?type=standard&ref=search-standalone&origin=cardTitle#sol=e14adbfe3c9173549d523f41a994fb8e561adba7
devops-engineer,NOC Engineer,PT. Aviro Global Teknologi,Jakarta Raya,https://id.jobstreet.com/id/job/91667054?type=standard&ref=search-standalone&origin=cardTitle#sol=7664e56922ae3a072cc5d2e7d2987fc13ee72704
devops-engineer,Network Security Engineer,PT Net Sistem Infotama,Jakarta Barat,https://id.jobstreet.com/id/job/92039264?type=standard&ref=search-standalone&origin=cardTitle#sol=dc111d8f327cb52b1f88f04441663c85ff25edec
devops-engineer,Cloud Engineer,PT Metrocom Global Solusi,Jakarta Selatan,https://id.jobstreet.com/id/job/92144079?type=standard&ref=search-standalone&origin=cardTitle#sol=014abe0535f8da2a5eb848322861154d89b3d629
devops-engineer,AI Engineer,PT Digdaya Duta Digital,Setiabudi,https://id.jobstreet.com/id/job/91610319?type=standard&ref=search-standalone&origin=cardTitle#sol=0df1d727943b898f0da768f6e2a0ca7ede0e2a1e
devops-engineer,System Administrator,PT Kamoro Maxima Integra,Manyar,https://id.jobstreet.com/id/job/92056762?type=standard&ref=search-standalone&origin=cardTitle#sol=3ff05ec2dcd7d1551f2c949ec0c9cced8865a16f
devops-engineer,Full Stack Software Engineer (CAD Rooms Cloud PDM),Cavalry Collective Pte. Ltd,Jakarta Raya,https://id.jobstreet.com/id/job/91584877?type=standard&ref=search-standalone&origin=cardTitle#sol=85d24319474bf7b56d65506c5e7801204626366c
devops-engineer,DevOps Officer,PT Sangkuriang Internasional,Jakarta Raya,https://id.jobstreet.com/id/job/91767660?type=standard&ref=search-standalone&origin=cardTitle#sol=b8de9b238e55cce94406aa28c7315e5c93e0c8d1
devops-engineer,Junior Software Engineer (JAVA),PT Infinitium Solutions,Jakarta Raya,https://id.jobstreet.com/id/job/91564329?type=standard&ref=search-standalone&origin=cardTitle#sol=cb2ac6acaea26ef8f25d329344937d5529885ac8
devops-engineer,Senior DevOps,PT Pranala Ragam Karya,Yogyakarta,https://id.jobstreet.com/id/job/92042681?type=standard&ref=search-standalone&origin=cardTitle#sol=6038316c6a049adf51fdd0646d966954390caa65
devops-engineer,VP Design & Engineering,SM+,Jakarta Selatan,https://id.jobstreet.com/id/job/91610677?type=standard&ref=search-standalone&origin=cardTitle#sol=3a5a5302752293f0f60c02ce94ed77b235048f5c
devops-engineer,Cloud Infrastructure Engineer,"PT. Metrodata Electronics, Tbk",Jakarta Raya,https://id.jobstreet.com/id/job/92138851?type=standard&ref=search-standalone&origin=cardTitle#sol=a23d1d4790c038eb63370852b958074c7b2c9712
devops-engineer,Fullstack Developer,Elitez Pte Ltd,Jakarta Barat,https://id.jobstreet.com/id/job/92166533?type=standard&ref=search-standalone&origin=cardTitle#sol=f8143a3b7a759a1ee46e8b103daaddc39683fbec
devops-engineer,Software Engineer,PT Sentra Vidya Utama,Surabaya,https://id.jobstreet.com/id/job/92179879?type=standard&ref=search-standalone&origin=cardTitle#sol=d66b3eecd50b909a43c5b9f304af6d6b330579ea
devops-engineer,Head of IT Infrastructure and Security,PT Morula Indonesia,Jakarta Pusat,https://id.jobstreet.com/id/job/92179045?type=standard&ref=search-standalone&origin=cardTitle#sol=439cf1e1c2fed39968f4576293ac3735fbb9e4e0
devops-engineer,Golang Developer,PT Lawencon Internasional,Jakarta Selatan,https://id.jobstreet.com/id/job/92179241?type=standard&ref=search-standalone&origin=cardTitle#sol=dd8b735a14e7afd8fc1219f71d3936e117dbced8
devops-engineer,"VP, Cyber Security, Technology",PT Bank DBS Indonesia,Jakarta Raya,https://id.jobstreet.com/id/job/92211146?type=standard&ref=search-standalone&origin=cardTitle#sol=b5dbd0284a15c71c9f45ed751912633b35b3c669
devops-engineer,Development Security Operations (DevSecOps),PT Swadharma Duta Data,Jakarta Raya,https://id.jobstreet.com/id/job/92195342?type=standard&ref=search-standalone&origin=cardTitle#sol=b4ae27efc870b3846b503ec563f184be76ad30e6
devops-engineer,VP of Technology,Pengiklan Anonim,Jakarta Raya,https://id.jobstreet.com/id/job/91703463?type=standard&ref=search-standalone&origin=cardTitle#sol=4b57a7e34a3d7ff52b790698650ea2d75d2b4547
devops-engineer,DevOps,PT Intersolusi Teknologi Asia,Bandung,https://id.jobstreet.com/id/job/91752580?type=standard&ref=search-standalone&origin=cardTitle#sol=b1520449de5cc19a1d53e19105abe6d833d9c51a
devops-engineer,Electronic Engineer,PT Luwes Inovasi Mandiri (Depok),Depok,https://id.jobstreet.com/id/job/91880103?type=standard&ref=search-standalone&origin=cardTitle#sol=20efa7956090d1d176b2cf8f21dd52ff47ad9704
devops-engineer,Senior Azure Engineer - MS Office Apps,Avanade Malaysia Sdn Bhd,Jakarta Raya,https://id.jobstreet.com/id/job/91817369?type=standard&ref=search-standalone&origin=cardTitle#sol=82a9df756fa831ef416f19d3248734866701a795
devops-engineer,Pre-Sales Engineer – Network Energy,PT Fiberhome Technologies Indonesia,Jakarta Barat,https://id.jobstreet.com/id/job/91788713?type=standard&ref=search-standalone&origin=cardTitle#sol=562378529bbdc694e937e8f01e164b18730ddcc8
devops-engineer,Senior Azure Engineer  (Entra ID),Avanade Malaysia Sdn Bhd,Jakarta Raya,https://id.jobstreet.com/id/job/91816106?type=standard&ref=search-standalone&origin=cardTitle#sol=17a5d81d100bf48afd93f6f8ea003eea9484f7b6
devops-engineer,Senior Network Security Engineer,PT Dinamika Sistem Integrasi Solusi,Jakarta Selatan,https://id.jobstreet.com/id/job/91701733?type=standard&ref=search-standalone&origin=cardTitle#sol=3967cb584dd03280abc2045e2d212f1387770a08
devops-engineer,3rd Level Engineer (Network),PT Nusantara Compnet Integrator,Jakarta Barat,https://id.jobstreet.com/id/job/91763388?type=standard&ref=search-standalone&origin=cardTitle#sol=3518137d5aede8d124f52a718647b7bfd396bf33
devops-engineer,Senior Azure Engineer (Azure ARC),Avanade Malaysia Sdn Bhd,Jakarta Raya,https://id.jobstreet.com/id/job/91817297?type=standard&ref=search-standalone&origin=cardTitle#sol=d0331c596e4f68080a268e8222f52f5dce576039
devops-engineer,Engineer on Site,PT. TRIMEGA PRIMA TEKNOLOGI,Jakarta Timur,https://id.jobstreet.com/id/job/91934341?type=standard&ref=search-standalone&origin=cardTitle#sol=cf9f372c315248ea92644c60f4411b0560401456
devops-engineer,"Full Stack Developer (Node.js, React.js, SQL, AWS)",PT Kencana Jaya Kreasi Lestari,Jakarta Barat,https://id.jobstreet.com/id/job/91789576?type=standard&ref=search-standalone&origin=cardTitle#sol=7a9f5f456a3398b4caf479de124a0bf0c1990cc1
devops-engineer,Field Application Engineer,PT. Agros Global Indonesia,DI Yogyakarta,https://id.jobstreet.com/id/job/91670600?type=standard&ref=search-standalone&origin=cardTitle#sol=cb9166b611d57a21fadad34ca212f0ef92df07e6
devops-engineer,Golang Developer,PT IDStar Cipta Teknologi,Jakarta Selatan,https://id.jobstreet.com/id/job/92156596?type=standard&ref=search-standalone&origin=cardTitle#sol=e532ffccaf8a228877c31ff41bf79f3c8f2f7c20
devops-engineer,Cloud Infrastructure (Junior),PT. SIGMA GLOBAL TEKNOLOGI (SIGMATECH),Jakarta Selatan,https://id.jobstreet.com/id/job/91677068?type=standard&ref=search-standalone&origin=cardTitle#sol=ff3d4deeb32ba58c766e05a1ef34981396bb5465
devops-engineer,Java Developer,PT Karisma Zona Kreatifku,Jakarta Raya,https://id.jobstreet.com/id/job/92015869?type=standard&ref=search-standalone&origin=cardTitle#sol=ae1c13ddeae3c9577c2a01e9e7928a27edfcb17c
devops-engineer,Head of IT Infrastructure & Operational,Orang Tua Group,Jakarta Barat,https://id.jobstreet.com/id/job/92129130?type=standard&ref=search-standalone&origin=cardTitle#sol=d55a9dacea60798f8559a6d72559d0c14e0d300f
devops-engineer,IT Infrastructure,PT ASABA Digital Innotech,Setiabudi,https://id.jobstreet.com/id/job/92228274?type=standard&ref=search-standalone&origin=cardTitle#sol=65c6acec4512e8758a46c50a42d936265431d089
devops-engineer,Senior Technical Account Manager（Indonesia）,PT Tencent Technology Indonesia,Jakarta Raya,https://id.jobstreet.com/id/job/91869962?type=standard&ref=search-standalone&origin=cardTitle#sol=9625b399892990a3f97e291ad0a34944dc3802bb
devops-engineer,Network Engineer,PT. Sinergi Innovate Pratama,Jakarta Selatan,https://id.jobstreet.com/id/job/92039717?type=standard&ref=search-standalone&origin=cardTitle#sol=d342d5e41f5f17453f2d94ad370fb4ebf5c4f075
devops-engineer,Network Engineer,PT Era Awan Digital,Jakarta Pusat,https://id.jobstreet.com/id/job/92026331?type=standard&ref=search-standalone&origin=cardTitle#sol=a251182b996a381b35d8cf95e291f9e7136cd358
devops-engineer,Network & Security Engineer,Dirga Bahari Perkasa,Jakarta Selatan,https://id.jobstreet.com/id/job/91700921?type=standard&ref=search-standalone&origin=cardTitle#sol=f3acd26b2943128e787b3331c4754cbca1662e86
devops-engineer,IT Engineer,PT Daya Cipta Mandiri Solusi,Jakarta Timur,https://id.jobstreet.com/id/job/91755706?type=standard&ref=search-standalone&origin=cardTitle#sol=3de566642d2b82d7bda41215ecd5604aee24c317
devops-engineer,Site Reliability Engineer,PT Akulaku Silvrr Indonesia,Jakarta Raya,https://id.jobstreet.com/id/job/91705334?type=standard&ref=search-standalone&origin=cardTitle#sol=fb0c0f48e0a221a30b25f8f825f32fbb0908aaed
devops-engineer,Server Storage & Backup Engineer,"PT. Metrodata Electronics, Tbk",Kalideres,https://id.jobstreet.com/id/job/92208529?type=standard&ref=search-standalone&origin=cardTitle#sol=68d8b8c27c528dce57850a3791744014ae468147
devops-engineer,Cloud Solution Architect - Cloud & AI Infrastructure,Microsoft,Jakarta Raya,https://id.jobstreet.com/id/job/91933954?type=standard&ref=search-standalone&origin=cardTitle#sol=53a1bf08c9a385aa1cc4995d47b94f7fbae23297
devops-engineer,DevSecOps Engineer,"PT. BFI FINANCE INDONESIA, Tbk",Kecamatan Tangerang,https://id.jobstreet.com/id/job/91226710?type=standard&ref=search-standalone&origin=cardTitle#sol=e5b29ca00e6f7db799dcea7a9b58085aa81b4200
devops-engineer,Data Engineer Lead,Kawan Lama Group,Jakarta Raya,https://id.jobstreet.com/id/job/91795475?type=standard&ref=search-standalone&origin=cardTitle#sol=98777b17a34eed03abd70c14e7d11cb75877a81a
devops-engineer,System Architect,"PT. BFI FINANCE INDONESIA, Tbk",Kecamatan Tangerang,https://id.jobstreet.com/id/job/92114359?type=standard&ref=search-standalone&origin=cardTitle#sol=0926f557bd1b2bb4d9173526941b88447dd51d21
devops-engineer,Security Engineer,Johnson Controls,Jakarta Raya,https://id.jobstreet.com/id/job/91426421?type=standard&ref=search-standalone&origin=cardTitle#sol=12f6a4be2536a57f1729d6c6977b3006ac817f46
devops-engineer,Cloud Security (Middle Level),PT. SIGMA GLOBAL TEKNOLOGI (SIGMATECH),Jakarta Selatan,https://id.jobstreet.com/id/job/91677199?type=standard&ref=search-standalone&origin=cardTitle#sol=37554c5bc886f4b528dd17e72ae239e86c15ef11
devops-engineer,Site Reliability Engineer,PT Ako Media Asia,Jakarta Barat,https://id.jobstreet.com/id/job/91628354?type=standard&ref=search-standalone&origin=cardTitle#sol=c4fc30cb77f917398eaab76c6614b0c58a04c8a3
devops-engineer,"Lead Engineer, AI Agents & Backend Platforms",PT Solusi Transportasi Indonesia,Kebayoran Lama,https://id.jobstreet.com/id/job/91128120?type=standard&ref=search-standalone&origin=cardTitle#sol=49d4ad0fc2e27bae184a749b51d56ab88943951d
devops-engineer,Tencent Cloud- Big Data Migration Architect (Indonesia),PT Tencent Technology Indonesia,Jakarta Raya,https://id.jobstreet.com/id/job/91224313?type=standard&ref=search-standalone&origin=cardTitle#sol=5d8053838e4b349086bd7bbc2735151646ba03af
devops-engineer,Security Architect & Engineering,"PT. BFI FINANCE INDONESIA, Tbk",Kecamatan Tangerang,https://id.jobstreet.com/id/job/91226705?type=standard&ref=search-standalone&origin=cardTitle#sol=4872c58d3c6ce3919b6593c0b9fdc2d46e377836
devops-engineer,Software Engineer in Test - Insurance,PT Solusi Transportasi Indonesia,Kebayoran Lama,https://id.jobstreet.com/id/job/91992802?type=standard&ref=search-standalone&origin=cardTitle#sol=66c20dc52f60eb6f7b50cfeae2b5081bc9bb08f3
devops-engineer,System Engineer - Linux,PT. Berca Hardayaperkasa,Jakarta Raya,https://id.jobstreet.com/id/job/92062394?type=standard&ref=search-standalone&origin=cardTitle#sol=4c4829835d84208a28a5423350434660c4a0d24f
devops-engineer,"Senior Software Engineer, Backend",PT Solusi Transportasi Indonesia,Kebayoran Lama,https://id.jobstreet.com/id/job/91402389?type=standard&ref=search-standalone&origin=cardTitle#sol=bcf50652556afe2a937d434d78aca0d050d15c68
devops-engineer,IT Manager – ERP & Digital Systems,PT HORMEL PRONAS NUSANTARA,Batang,https://id.jobstreet.com/id/job/91559142?type=standard&ref=search-standalone&origin=cardTitle#sol=f3054a614b8dce64b1f39f9fd4d5380940e761a6
devops-engineer,Senior .NET Full Stack Engineer (English Speaker),PT Artha Solutions Indonesia,Jakarta Raya,https://id.jobstreet.com/id/job/91619703?type=standard&ref=search-standalone&origin=cardTitle#sol=9eba6ba3c4a5a0d4573c114ea43f1cac163d6619
devops-engineer,AI Engineer,PT ILOGO INFRALOGY,Kebon Jeruk,https://id.jobstreet.com/id/job/92062006?type=standard&ref=search-standalone&origin=cardTitle#sol=29ce587b5aa3ec235072b5b90697172a4730e0d7
devops-engineer,Security Engineer,Beyondtech,Jakarta Barat,https://id.jobstreet.com/id/job/91946573?type=standard&ref=search-standalone&origin=cardTitle#sol=ad89d84f7d87238b484a82959fb60877f1adbaa2
devops-engineer,SAP ABAP Developer - Global IT Consulting Company,PT Adecco Personnel Indonesia,Jakarta Raya,https://id.jobstreet.com/id/job/91813545?type=standard&ref=search-standalone&origin=cardTitle#sol=91dff8c060baa4a1bcc31c71ab53a6020a5c83f2
devops-engineer,Senior System Engineer,PT. Wide Technologies Indonesia,Jakarta Selatan,https://id.jobstreet.com/id/job/91886309?type=standard&ref=search-standalone&origin=cardTitle#sol=8c6a42b6c2108e5b51f0c02e8f28759f6e4effc4
devops-engineer,Critical Environment Technician,Microsoft,Jakarta Raya,https://id.jobstreet.com/id/job/91805487?type=standard&ref=search-standalone&origin=cardTitle#sol=bba00dfd9d6cfb3b16a850ef122df3a9040c8d0b
devops-engineer,IT Security Engineer,Deep Symbolics Indonesia,Jakarta Raya,https://id.jobstreet.com/id/job/91964701?type=standard&ref=search-standalone&origin=cardTitle#sol=87a49ec8425cfad84631a3e6ebbe579fdd1d891b
devops-engineer,Backend Engineer - Go,PT Sentra Vidya Utama,Surabaya,https://id.jobstreet.com/id/job/92029857?type=standard&ref=search-standalone&origin=cardTitle#sol=b5f798f49483286059383ee4a417b46f27ac1f28
devops-engineer,L2 MS Security Engineer (Firewall),PT. Elabram Systems,Jakarta Raya,https://id.jobstreet.com/id/job/91998922?type=standard&ref=search-standalone&origin=cardTitle#sol=0542c40d691679dc86bb5e8a1db9e1866218bd11
devops-engineer,EPLAN Implementation Engineer,PT Tempindo Jasatama (Divisi Jakarta Temp),Jakarta Raya,https://id.jobstreet.com/id/job/91892904?type=standard&ref=search-standalone&origin=cardTitle#sol=4ea6ba2afd0b3d9e8be7b5cfb98df4a14ec6739d
devops-engineer,Full Stack IT Developer Kubernetes Specialist (Development & Infrastructure),PT. JAGAD AMAN PRIMA,Kelapa Gading,https://id.jobstreet.com/id/job/91400406?type=standard&ref=search-standalone&origin=cardTitle#sol=39125af45ed0d3b059ccb8a63904b8f0fbbb8ec6
devops-engineer,Voip Engineer,PT Stanindo Gemilang,Jakarta Utara,https://id.jobstreet.com/id/job/91908565?type=standard&ref=search-standalone&origin=cardTitle#sol=db99319793157bd53dc5227df812d9bf05e48017
devops-engineer,Security Engineer,PT Infokes Indonesia (Bandung),Bandung,https://id.jobstreet.com/id/job/92055911?type=standard&ref=search-standalone&origin=cardTitle#sol=36976c557295405cb8e478e96164ac892fa86760
devops-engineer,Presales IT Security,Cyber Sinergi Indonesia,Jakarta Selatan,https://id.jobstreet.com/id/job/91530036?type=standard&ref=search-standalone&origin=cardTitle#sol=71710f4d9b7d9235f7bbacfb48bfeac04017506c
devops-engineer,Cyber Security Onsite Engineer,PT. Magnus Sedaya Selaras,Jakarta Raya,https://id.jobstreet.com/id/job/91760302?type=standard&ref=search-standalone&origin=cardTitle#sol=57f56044ae0b521c256afea74f63d75626fda2ee
devops-engineer,"Cloud Consultant, Data Analytics, Google Cloud (Bahasa)",Google,Jakarta Raya,https://id.jobstreet.com/id/job/91947715?type=standard&ref=search-standalone&origin=cardTitle#sol=c55236185e98a5a92f1a63bb722964ed60750365
devops-engineer,IT Security Specialist,PT Monotaro Indonesia,Jakarta Pusat,https://id.jobstreet.com/id/job/92002031?type=standard&ref=search-standalone&origin=cardTitle#sol=5ffc3cb8739969d99264e2582066e553bb567a5a
devops-engineer,Mine Plan Engineer Specialist,Pengiklan Anonim,Morowali,https://id.jobstreet.com/id/job/91948541?type=standard&ref=search-standalone&origin=cardTitle#sol=020e1c34f071052276de32ba51d376e868cdc977
devops-engineer,BTS Engineer,PT Fiberhome Technologies Indonesia,Jakarta Raya,https://id.jobstreet.com/id/job/92040502?type=standard&ref=search-standalone&origin=cardTitle#sol=5676f1ae9b18b8f1857bd6e5fd12bd664c0db91c
devops-engineer,IT Developer & Infrastructure,PT TRIMITRA FABRIKASI ENGINEERING,Cilegon,https://id.jobstreet.com/id/job/91916840?type=standard&ref=search-standalone&origin=cardTitle#sol=1fa85ac77d5ef65ee0c29956fffd80136078d9b4
devops-engineer,Middleware Junior & Middle,PT. SIGMA GLOBAL TEKNOLOGI (SIGMATECH),Jakarta Selatan,https://id.jobstreet.com/id/job/91655132?type=standard&ref=search-standalone&origin=cardTitle#sol=a024517a9f8d1295cf4feee92ebd323f971ccc53
devops-engineer,IT Security Manager,PT Mitra Solusi Telematika,Cilandak,https://id.jobstreet.com/id/job/91886654?type=standard&ref=search-standalone&origin=cardTitle#sol=3af16a3a28c77898a8361dc8287e9a694d015563
devops-engineer,Cyber Security Engineer & Governance (Specialist),PT Central Mega Kencana,Jakarta Selatan,https://id.jobstreet.com/id/job/91891435?type=standard&ref=search-standalone&origin=cardTitle#sol=ace55b56f6b8e57a540bad24d53e18daf6e9ddae
devops-engineer,Data Engineer,PT Graha Karya Informasi,Jakarta Raya,https://id.jobstreet.com/id/job/92092041?type=standard&ref=search-standalone&origin=cardTitle#sol=7c5fbf1a512345f3ec1339d3437720cf2c294cb5
devops-engineer,IT Infrastructure Project Manager,PT Netmarks Indonesia,Jakarta Utara,https://id.jobstreet.com/id/job/91948311?type=standard&ref=search-standalone&origin=cardTitle#sol=404485b7528473246ee6cd1c1401c0a065648861
devops-engineer,L1 MS Engineer (Firewall) - Shifting,PT. Elabram Systems,Jakarta Raya,https://id.jobstreet.com/id/job/91944733?type=standard&ref=search-standalone&origin=cardTitle#sol=22e76ae52d2ff1e714777d618cb083bf477e4fb2
devops-engineer,System Administrator,"PT. Metrodata Electronics, Tbk",Jakarta Raya,https://id.jobstreet.com/id/job/92143997?type=standard&ref=search-standalone&origin=cardTitle#sol=bf7005157cd1ef6e67e4ba1190d92394a037fe93
devops-engineer,Digital Apps Developer (Blockchain),"PT SMART,Tbk",Jakarta Raya,https://id.jobstreet.com/id/job/91828033?type=standard&ref=search-standalone&origin=cardTitle#sol=6c2f64ef35481c2e19d14323c89c4961fb451a4b
devops-engineer,System Engineer,PT. Wide Technologies Indonesia,Jakarta Selatan,https://id.jobstreet.com/id/job/91753013?type=standard&ref=search-standalone&origin=cardTitle#sol=96be409a458f6e78720cf3340774e4285b00a6d3
devops-engineer,Data Engineer,PT Indocyber Global Teknologi,Jakarta Raya,https://id.jobstreet.com/id/job/91844498?type=standard&ref=search-standalone&origin=cardTitle#sol=b092f2fe96b58117ced429a80adf6eaacc060a96
devops-engineer,Exploration Technology Specialist,Pengiklan Anonim,Jakarta Raya,https://id.jobstreet.com/id/job/91754202?type=standard&ref=search-standalone&origin=cardTitle#sol=0c9287fb9add04e172226e50e8e92580ab8ff240
devops-engineer,Data Engineer,PT IDStar Cipta Teknologi,Jakarta Raya,https://id.jobstreet.com/id/job/91788461?type=standard&ref=search-standalone&origin=cardTitle#sol=5aadf93c15bd25a2a6a573d240d056ffc1822ea5
devops-engineer,Fullstack Engineer,PT MNC Teknologi Nusantara (MotionPay),Jakarta Pusat,https://id.jobstreet.com/id/job/91763572?type=standard&ref=search-standalone&origin=cardTitle#sol=bbad01620c00e12e5922da0b00b445f1e86a62eb
devops-engineer,Senior Backend Engineer,PT Panin Sekuritas Tbk,Jakarta Selatan,https://id.jobstreet.com/id/job/91755487?type=standard&ref=search-standalone&origin=cardTitle#sol=f2963a05b7e7b7b21a85bfeb7840af7c76283ea8
devops-engineer,Data Engineering,PT Bina Artha Ventura,Jakarta Pusat,https://id.jobstreet.com/id/job/91834813?type=standard&ref=search-standalone&origin=cardTitle#sol=14d986c47fdca69ee19773a69eb1113d8230bd53
devops-engineer,Fullstack Developer (Javaspringboot & VueJS),PT Karisma Zona Kreatifku,Jakarta Barat,https://id.jobstreet.com/id/job/91742984?type=standard&ref=search-standalone&origin=cardTitle#sol=5873a19d4c1062fe04039a37c72390873313cac1
devops-engineer,Software Developer,PT Swadharma Duta Data,Jakarta Raya,https://id.jobstreet.com/id/job/91908572?type=standard&ref=search-standalone&origin=cardTitle#sol=feefb4686190322002741f622f30920ae5fdb518
devops-engineer,IT Server Storage Engineer Trainee,PT. Berca Hardayaperkasa,Jakarta Pusat,https://id.jobstreet.com/id/job/91346658?type=standard&ref=search-standalone&origin=cardTitle#sol=b7b3264281740077746999d965d3980f484c976a
devops-engineer,Senior Backend Engineer (Application),PT Panin Sekuritas Tbk,Jakarta Selatan,https://id.jobstreet.com/id/job/91801297?type=standard&ref=search-standalone&origin=cardTitle#sol=4fb1449d7a01d1a896bbce8ff5c9e4dd1258c097
devops-engineer,Software Developer (Project Base),PT Mitra Solusi Telematika,Jakarta Selatan,https://id.jobstreet.com/id/job/91781035?type=standard&ref=search-standalone&origin=cardTitle#sol=ef3068066459b8ee2188e47f66a30d59e4bac9e0
devops-engineer,NOC Engineer Support - Project,PT Harrisma Informatika Jaya,Jakarta Barat,https://id.jobstreet.com/id/job/92005416?type=standard&ref=search-standalone&origin=cardTitle#sol=190bd7a266653fd5deab8ccb134dac4553710699
devops-engineer,Infrastructure & Support Services Superintendent,Pengiklan Anonim,Sulawesi Tenggara,https://id.jobstreet.com/id/job/91667824?type=standard&ref=search-standalone&origin=cardTitle#sol=e3fc3a78d05176e92d0cfcd1c7442be4cce2d997
devops-engineer,Full Stack Team Lead/Engineering Manager,PT Oyika Energi Indonesia,Cisauk,https://id.jobstreet.com/id/job/91842535?type=standard&ref=search-standalone&origin=cardTitle#sol=7bce218f2e0a70175976b436e8601fc52fd5ad5d
devops-engineer,Middle IOT Engineer,PT Fan Integrasi Teknologi,Bandung,https://id.jobstreet.com/id/job/91844115?type=standard&ref=search-standalone&origin=cardTitle#sol=44843437be5735526c7288b2f348fb45a467ac2d
machine-learning,Machine Learning Engineering Section Head,OLX Indonesia,Jakarta Selatan,https://id.jobstreet.com/id/job/91673562?type=standard&ref=search-standalone&origin=cardTitle#sol=1589ba1f897f231b464b6901f5cbbeecc9f2f2c8
machine-learning,Data Engineer,TUNTUN SEKURITAS INDONESIA,Jakarta Utara,https://id.jobstreet.com/id/job/92218017?type=standard&ref=search-standalone&origin=cardTitle#sol=e05df0664954bd8067fac1817bc8222c1d712fda
machine-learning,AI Engineer,TUNTUN SEKURITAS INDONESIA,Jakarta Utara,https://id.jobstreet.com/id/job/92217979?type=standard&ref=search-standalone&origin=cardTitle#sol=2297621f099b03315b6037f42828717baf19cc7f
machine-learning,Staff Data Analyst,PT Mensana Aneka Satwa,Bekasi,https://id.jobstreet.com/id/job/92027787?type=standard&ref=search-standalone&origin=cardTitle#sol=4eddc4b6605b53b26378dd2b5b14f752c3bee39b
machine-learning,IT Functional,PT. INTISUMBER BAJASAKTI,Jakarta Utara,https://id.jobstreet.com/id/job/92220525?type=standard&ref=search-standalone&origin=cardTitle#sol=2dab562282ce380acf6a1747ad69670a33cf244f
machine-learning,Data Engineer,PT Sigmantara Alfindo,Tangerang,https://id.jobstreet.com/id/job/92200793?type=standard&ref=search-standalone&origin=cardTitle#sol=c4f23011805cfcf23810e78f6a6435f1bb4f9b55
machine-learning,Data Engineer,Pengiklan Anonim,Jakarta Raya,https://id.jobstreet.com/id/job/92193038?type=standard&ref=search-standalone&origin=cardTitle#sol=b58139c3a805759932bbbb40038d71489b9eaacf
machine-learning,Supervisor Data Analyst,PT Indako Trading Coy,Sumatera Utara,https://id.jobstreet.com/id/job/92061067?type=standard&ref=search-standalone&origin=cardTitle#sol=de37034b559f9e80430f58cc0a3f06d0784db727
machine-learning,Senior Machine Learning Engineer,Tetra Data Teknologi,Jakarta Pusat,https://id.jobstreet.com/id/job/91701420?type=standard&ref=search-standalone&origin=cardTitle#sol=136e126eb387449d29e8507149f65bb811eb42b9
machine-learning,Data Science & Portfolio Manager,PT Sejahtera Sama Kita,Jakarta Raya,https://id.jobstreet.com/id/job/92175888?type=standard&ref=search-standalone&origin=cardTitle#sol=6fe803c55f1871a142bb1898e49536feea6fd51f
machine-learning,Staff AI Operation Engineer,PT Industrial Multi Fan,Jakarta Utara,https://id.jobstreet.com/id/job/92206377?type=standard&ref=search-standalone&origin=cardTitle#sol=cc0d03c10a38d360526efef2a0b16f6dbc34f776
machine-learning,DATA ANALYST,PT Mitra Saruta Indonesia,Surabaya,https://id.jobstreet.com/id/job/91735710?type=standard&ref=search-standalone&origin=cardTitle#sol=f3bb26e6e5a926508dfb66fecf10b2ab9f083527
machine-learning,Data Engineer,PT Data Labs Analytics,Jakarta Pusat,https://id.jobstreet.com/id/job/92223379?type=standard&ref=search-standalone&origin=cardTitle#sol=84926ef7e498b71241eafdbdad185a29e9e528bd
machine-learning,Data Scientist,PT Sharing Vision Indonesia,Jakarta Pusat,https://id.jobstreet.com/id/job/92033644?type=standard&ref=search-standalone&origin=cardTitle#sol=695e37401a5e819161084020b30b9f7874df4009
machine-learning,Agentic AI Engineer,PT ADIDAYA RISET INSTRUMEN INDONESIA,Jakarta Selatan,https://id.jobstreet.com/id/job/91884754?type=standard&ref=search-standalone&origin=cardTitle#sol=12416eade8d410a1d98fb6d06d25857f849ed936
machine-learning,AI Engineer,AME Mineral Economics Pty Ltd,Jakarta Selatan,https://id.jobstreet.com/id/job/91724919?type=standard&ref=search-standalone&origin=cardTitle#sol=74618a36467fcca5bce5bc26853c29364736be71
machine-learning,Data Scientist,MEDITAP,Tangerang,https://id.jobstreet.com/id/job/91765554?type=standard&ref=search-standalone&origin=cardTitle#sol=ff9dda1822eee7be9d5908c3a4c5423a1c1f4274
machine-learning,Senior Data Engineer,PT Sentra Vidya Utama,Surabaya,https://id.jobstreet.com/id/job/92199079?type=standard&ref=search-standalone&origin=cardTitle#sol=dc5a2531863d86bce22f65c40f566d92896f6656
machine-learning,AI Engineer,PT Digdaya Duta Digital,Setiabudi,https://id.jobstreet.com/id/job/91610319?type=standard&ref=search-standalone&origin=cardTitle#sol=6f633164fca94fa8a2751f6fc6b4a99245c37546
machine-learning,Data Engineer,Beyondtech,Jakarta Barat,https://id.jobstreet.com/id/job/92206456?type=standard&ref=search-standalone&origin=cardTitle#sol=18084c3ffaa47cdb8a3aed092876d5cbe59c0d5a
machine-learning,IT Functional,PT. INTISUMBER BAJASAKTI,Jakarta Utara,https://id.jobstreet.com/id/job/91650996?type=standard&ref=search-standalone&origin=cardTitle#sol=5875249808c3a516514878668c1ea0b124d9ea3c
machine-learning,Software Engineer Internship,OPPO Indonesia,Tangerang,https://id.jobstreet.com/id/job/91761487?type=standard&ref=search-standalone&origin=cardTitle#sol=596c49b860f8308254313f70a274e5a02f42ad9f
machine-learning,Junior Data Scientist,PT Akulaku Silvrr Indonesia,Jakarta Pusat,https://id.jobstreet.com/id/job/92064964?type=standard&ref=search-standalone&origin=cardTitle#sol=cbd21e756ff5d8de1df420393bf465b18157064b
machine-learning,Lead Engineer,PT Digdaya Duta Digital,Setiabudi,https://id.jobstreet.com/id/job/91609710?type=standard&ref=search-standalone&origin=cardTitle#sol=186893a815baa2455de534264d53e3728fd4efa5
machine-learning,Data Analyst,PT Bersaudara Inti Corpora,Jakarta Barat,https://id.jobstreet.com/id/job/92028378?type=standard&ref=search-standalone&origin=cardTitle#sol=e397835912085492545760f5c0e65d16f7bc973b
machine-learning,Data Engineer (Contract 12 Months),"PT ZURICH ASURANSI INDONESIA, Tbk",Jakarta Selatan,https://id.jobstreet.com/id/job/91791657?type=standard&ref=search-standalone&origin=cardTitle#sol=b166bc218420c7bca59c41fd51426494d021015b
machine-learning,Master Data Engineer (Analyst),Abrihet Teknobalhar Informa,Surabaya,https://id.jobstreet.com/id/job/92028957?type=standard&ref=search-standalone&origin=cardTitle#sol=6db4b1c234b515f9218aa1307eb361ed11a0846c
machine-learning,Junior Software Engineer,PT Technet Vision Indonesia,Jakarta Raya,https://id.jobstreet.com/id/job/91648206?type=standard&ref=search-standalone&origin=cardTitle#sol=e3dfd7c50946d091672a784751b16967f43e91f1
machine-learning,"MYP AI, Coding & Digital Curriculum Specialist (ICT) - BINUS SCHOOL Simprug",Yayasan Bina Nusantara,Jakarta Selatan,https://id.jobstreet.com/id/job/92220581?type=standard&ref=search-standalone&origin=cardTitle#sol=4257488b9bf6b8d3f62994d03c420df8fa84c4b1
machine-learning,Data Scientist,PT Eka Jaya Internasional,Tangerang Selatan,https://id.jobstreet.com/id/job/91695817?type=standard&ref=search-standalone&origin=cardTitle#sol=552e7a17326b5a0288335aaeb349a5b5cc8cc97a
machine-learning,AI & Automation Specialist - Corporate Pollux Group,PT Mega Kuningan Pinnacle,Jakarta Selatan,https://id.jobstreet.com/id/job/92164733?type=standard&ref=search-standalone&origin=cardTitle#sol=b3b824a9c5845b36a086be0a74245b1ce0153dc5
machine-learning,Senior AI Programmer / Architect,"PT Tera Data Indonusa, Tbk",Cakung,https://id.jobstreet.com/id/job/92089340?type=standard&ref=search-standalone&origin=cardTitle#sol=9a0f30e23c73816a37d7503044ff1feba61a5131
machine-learning,Full-Stack Data Engineer (Fleet),PRIMA GROUP,Tangerang,https://id.jobstreet.com/id/job/91624812?type=standard&ref=search-standalone&origin=cardTitle#sol=af0a5a6586252713e1d231eff53edad35437e9c1
machine-learning,Full-Stack & Mobile Developer (AI/ML Skills),Pengiklan Anonim,Medan,https://id.jobstreet.com/id/job/91733518?type=standard&ref=search-standalone&origin=cardTitle#sol=c8ea001cf66624846211ca853cfd8b0c2ad6d672
machine-learning,Data Scientist,PT. Berca Hardayaperkasa,Jakarta Pusat,https://id.jobstreet.com/id/job/91585412?type=standard&ref=search-standalone&origin=cardTitle#sol=98a8a5b31c9f833883390bc1809c96429f84961c
machine-learning,IT Functional,PT. INTISUMBER BAJASAKTI,Medan,https://id.jobstreet.com/id/job/91638302?type=standard&ref=search-standalone&origin=cardTitle#sol=a3bf4b364908f91f7faa38cf7b7a8fb37b0daa3d
machine-learning,Applied AI,COMBIPHAR Group,Jakarta Selatan,https://id.jobstreet.com/id/job/91666318?type=standard&ref=search-standalone&origin=cardTitle#sol=d31e72bb319786c422ebfeacdbfbfb014804a461
machine-learning,AI Engineer,PT Graha Karya Informasi,Jakarta Pusat,https://id.jobstreet.com/id/job/91484065?type=standard&ref=search-standalone&origin=cardTitle#sol=a133839a2fafac7ebe9f9b88226a1d88e6587b28
machine-learning,Python Developer - AI Solutions Company - Remote,PT Adecco Personnel Indonesia,Jakarta Raya,https://id.jobstreet.com/id/job/91761819?type=standard&ref=search-standalone&origin=cardTitle#sol=e197163cf18966052bfc9491632800ac6f6ea244
machine-learning,AI Engineer,PT JELAJAH DATA SEMESTA,Jakarta Pusat,https://id.jobstreet.com/id/job/91766185?type=standard&ref=search-standalone&origin=cardTitle#sol=a3f1c33d2203cf9bc9c2eeacb974c731e0b5e678
machine-learning,AI Engineer,ADR Group Of Companies (PT Selamat Sempurna Tbk.),Tangerang,https://id.jobstreet.com/id/job/91971264?type=standard&ref=search-standalone&origin=cardTitle#sol=94ce5c567398eb1624da07cd762f45e75e4f58ca
machine-learning,Senior Data Scientist (Analytics) - GFin,PT Solusi Transportasi Indonesia,Kebayoran Lama,https://id.jobstreet.com/id/job/91595491?type=standard&ref=search-standalone&origin=cardTitle#sol=f0747ba4a7f1dd38b7c7e9627fc6939488d1e237
machine-learning,Data Engineer,PT Mitra Informatika,Surabaya,https://id.jobstreet.com/id/job/91907033?type=standard&ref=search-standalone&origin=cardTitle#sol=064504b76abc638a4686589e70e7b398fa19b48d
machine-learning,Data Engineer,Dorskin_id,Tangerang,https://id.jobstreet.com/id/job/91830715?type=standard&ref=search-standalone&origin=cardTitle#sol=9524bfb11ae1d18bd65cfb5bc9b57c4dc085b190
machine-learning,Middle AI Engineer,PT Fata Organa Solusi,Banten,https://id.jobstreet.com/id/job/91915991?type=standard&ref=search-standalone&origin=cardTitle#sol=fa4b521896116fe1e599ca0a2cb910bcd4d087a3
machine-learning,Data Analytic (Tableau),PT Lawencon Internasional,Jakarta Selatan,https://id.jobstreet.com/id/job/91627018?type=standard&ref=search-standalone&origin=cardTitle#sol=13e78132dd2ac7660c71fc132b8a2c4933e906ae
machine-learning,Senior Software Engineering (AI),Karunia Prima Nastari (KPN CORP.),Jakarta Selatan,https://id.jobstreet.com/id/job/92230733?type=standard&ref=search-standalone&origin=cardTitle#sol=a8954aa0cc56c0a62fd2bc25f19a907a6b9fa91e
machine-learning,Data Engineer,PT Digdaya Duta Digital,Setiabudi,https://id.jobstreet.com/id/job/91610707?type=standard&ref=search-standalone&origin=cardTitle#sol=3fe720c471d12c7cf8a88b1fc6098b9646af10e2
machine-learning,Data Analyst,Pengiklan Anonim,Bandung,https://id.jobstreet.com/id/job/91924415?type=standard&ref=search-standalone&origin=cardTitle#sol=61ace47ac26f1bd8cb11b7ed1ddcc756567563f9
machine-learning,Data Scientist Intern,PT GOTO GOJEK TOKOPEDIA TBK,Jakarta Raya,https://id.jobstreet.com/id/job/91924068?type=standard&ref=search-standalone&origin=cardTitle#sol=36637d55d37704b82ef92a8aac7bcf815ecf3b4b
machine-learning,Python Developer - Django (Experienced),PT Hashmicro Solusi Indonesia,Jakarta Raya,https://id.jobstreet.com/id/job/91815155?type=standard&ref=search-standalone&origin=cardTitle#sol=d557a9987aca16a601e16aec13760b8b751805b8
machine-learning,Data Engineer,PT Graha Karya Informasi,Jakarta Raya,https://id.jobstreet.com/id/job/92092041?type=standard&ref=search-standalone&origin=cardTitle#sol=4a31e35d2c02c5d8e24586ccba8cc616a3d52186
machine-learning,Data Engineer,PT IDStar Cipta Teknologi,Jakarta Raya,https://id.jobstreet.com/id/job/91788461?type=standard&ref=search-standalone&origin=cardTitle#sol=7f2d9de16b2aa31acd4bbcdecb9c5b2a51682a66
machine-learning,Data Engineer,PT Anggana Catur Prima,Jakarta Raya,https://id.jobstreet.com/id/job/91714826?type=standard&ref=search-standalone&origin=cardTitle#sol=d152b22b25cc626b2f29d1be6e6c54ffeec5162f
machine-learning,Artificial Intellegence (AI) Specialist,PT Allure Alluminio,Kelapa Gading,https://id.jobstreet.com/id/job/91907888?type=standard&ref=search-standalone&origin=cardTitle#sol=6a18b609fab35b4274c398200b18d6d85e45ee64
machine-learning,Artificial Intelligence Engineer,PT Mitra Solusi Telematika,Cilandak,https://id.jobstreet.com/id/job/91350847?type=standard&ref=search-standalone&origin=cardTitle#sol=c3959db7fdd42206b36ca1080cc240e0899db8e1
machine-learning,Data Engineer,PT Kencana Taraswin Indonesia,Jakarta Selatan,https://id.jobstreet.com/id/job/91945196?type=standard&ref=search-standalone&origin=cardTitle#sol=878046d69064ea019bb05f2d96576832d4dbe717
machine-learning,AI Workflow Engineer (Developer),PT Sinar Jernih Suksesindo,Jakarta Raya,https://id.jobstreet.com/id/job/91680025?type=standard&ref=search-standalone&origin=cardTitle#sol=9202bd2d6ca41550bb5a3acdd26d645bdfabe95e
machine-learning,Senior Data Engineer,PT DAPUR SEHAT INDONESIA,Tangerang,https://id.jobstreet.com/id/job/91767618?type=standard&ref=search-standalone&origin=cardTitle#sol=7d9ba03efb18ed4b5a29aad1cee5ea7987098a76
machine-learning,Senior Data Scientist (Analytics) - Grab Financial Services,PT Solusi Transportasi Indonesia,Kebayoran Lama,https://id.jobstreet.com/id/job/91402368?type=standard&ref=search-standalone&origin=cardTitle#sol=73ac3da51f7d5ee436f3f80ffefe9c7a1bd03265
machine-learning,DATA ENGINEER STAFF,PT Sarwa Manggalla Raya,Jakarta Utara,https://id.jobstreet.com/id/job/92028809?type=standard&ref=search-standalone&origin=cardTitle#sol=4ef309301857337ef4e085b923c308e97271d724
machine-learning,"Cloud Consultant, Data Analytics, Google Cloud (Bahasa)",Google,Jakarta Raya,https://id.jobstreet.com/id/job/91947715?type=standard&ref=search-standalone&origin=cardTitle#sol=b3491989dd68832d3c7bc66e1bead0a7eb427f89
machine-learning,Project Manager,PT Neural Technologies Integrated Solutions,Jakarta Raya,https://id.jobstreet.com/id/job/92146607?type=standard&ref=search-standalone&origin=cardTitle#sol=0bd340c4ababeed5bf9df2a6a930e726b6d8f2c1
machine-learning,Data Engineer,PT Indocyber Global Teknologi,Jakarta Raya,https://id.jobstreet.com/id/job/91844498?type=standard&ref=search-standalone&origin=cardTitle#sol=c374b4c13e7935b276665ae2eb5d8c5234f2b678
machine-learning,AI/ML Engineer - Jakarta - WFO,PT PERSOL RECRUITMENT INDONESIA,Jakarta Barat,https://id.jobstreet.com/id/job/91701722?type=standard&ref=search-standalone&origin=cardTitle#sol=fdd4f12fd4a2da288f66cc4c94da6c4dfc932a39
machine-learning,AI Expert,PT Eka Jaya Internasional,Tangerang Selatan,https://id.jobstreet.com/id/job/91938649?type=standard&ref=search-standalone&origin=cardTitle#sol=ccce42f2d4bc83444a657c29c6395d025a13a132
machine-learning,AI Engineer,PT CARSURIN Tbk,Jakarta Raya,https://id.jobstreet.com/id/job/91703072?type=standard&ref=search-standalone&origin=cardTitle#sol=bbe62d39b9dee11dd9a9a84d9f18662e7a326db2
machine-learning,Guru Koding dan Kecerdasan Artifisial,Yayasan Surya Telaga Cendikia,Caringin,https://id.jobstreet.com/id/job/92131758?type=standard&ref=search-standalone&origin=cardTitle#sol=88b17a4ea7fc3f2379ec0fa9fb171e523428e85a
machine-learning,AI Agent Developer / AI Automation Engineer,PT Mitra Distribusi Utama,Kabupaten Tangerang,https://id.jobstreet.com/id/job/91764576?type=standard&ref=search-standalone&origin=cardTitle#sol=06e07c5491ff2f376f15879a77396d6311e9d230
machine-learning,Lead Developer (Python),PT Hashmicro Solusi Indonesia,Jakarta Raya,https://id.jobstreet.com/id/job/91945009?type=standard&ref=search-standalone&origin=cardTitle#sol=f743425d345bda1f24b6789e793b7713bd1a89c5
machine-learning,IT Staff (Web Developer),PT Tirtakencana Tatawarna (Head Office),Surabaya,https://id.jobstreet.com/id/job/91841585?type=standard&ref=search-standalone&origin=cardTitle#sol=f56435c685ce50d1ab85ca0c740f3a5c2247b00a
machine-learning,Officer Programmer Python,PT Administrasi Medika,Jakarta Pusat,https://id.jobstreet.com/id/job/91893807?type=standard&ref=search-standalone&origin=cardTitle#sol=4809a8636d29e9748fcfd5f0092a8b06b140cb38
machine-learning,Data Engineer Lead,Kawan Lama Group,Jakarta Raya,https://id.jobstreet.com/id/job/91795475?type=standard&ref=search-standalone&origin=cardTitle#sol=d8ceae458ab95f6a4fd60db33764163232ab8027
machine-learning,Data Engineer,Collaborative Excellence Indonesia,Surabaya,https://id.jobstreet.com/id/job/91628529?type=standard&ref=search-standalone&origin=cardTitle#sol=fa13115675c57efa0c8c54591d784e795b555988
machine-learning,AI Engineer,Pengiklan Anonim,Jakarta Timur,https://id.jobstreet.com/id/job/91714406?type=standard&ref=search-standalone&origin=cardTitle#sol=01eb3b0acece4c481184f6fd952dd44689c4848f
machine-learning,Head/VP of Engineering,PT Amartha Mikro Fintek (Jakarta),Kebayoran Lama,https://id.jobstreet.com/id/job/88988011?type=standard&ref=search-standalone&origin=cardTitle#sol=ca91265776e13503845ae66d75ff8220f73af912
machine-learning,DATA ANALYST,PT Bringin Jati Indah,Semarang,https://id.jobstreet.com/id/job/91988557?type=standard&ref=search-standalone&origin=cardTitle#sol=315633c7aebc2a92e2c323fd2ab327b1292d4b80
machine-learning,ASISTEN MANAGER DATA & STATISTIK,Citra Borneo Indah,Kalimantan Tengah,https://id.jobstreet.com/id/job/91729521?type=standard&ref=search-standalone&origin=cardTitle#sol=7e609dd0ecc0f56d3b64205e6663f0f6460f6be8
machine-learning,IT Security Engineer,Deep Symbolics Indonesia,Jakarta Raya,https://id.jobstreet.com/id/job/91964701?type=standard&ref=search-standalone&origin=cardTitle#sol=65aecaca98236d2a9743ca6d318f8381db7aa534
machine-learning,Credit Scoring Officer,PT KB Finansia Multi Finance,Jakarta Selatan,https://id.jobstreet.com/id/job/91762486?type=standard&ref=search-standalone&origin=cardTitle#sol=cb9e07435b8be482eb608f65ecbd3de13ebc8687
machine-learning,Odoo Developer (Odoo ERP mandatory),PT DOODEX JAYA MAKMUR,Sleman,https://id.jobstreet.com/id/job/91499713?type=standard&ref=search-standalone&origin=cardTitle#sol=6666342848d898c864c250f9f60371367e76d83d
machine-learning,Deployment Strategist - Global AI Start Up,PT Michael Page Internasional Indonesia,Jakarta Raya,https://id.jobstreet.com/id/job/92041562?type=standard&ref=search-standalone&origin=cardTitle#sol=fb61995ff9fcdf7384ff057ab10db85e14ea04f1
machine-learning,Chief Technology Officer,Pengiklan Anonim,Tangerang Selatan,https://id.jobstreet.com/id/job/91689908?type=standard&ref=search-standalone&origin=cardTitle#sol=80f0f5ba8e31ce63f8d9469a4748c1bf5394633d
machine-learning,IT Project Management,PT Karisma Zona Kreatifku,Jakarta Selatan,https://id.jobstreet.com/id/job/91721430?type=standard&ref=search-standalone&origin=cardTitle#sol=b8710385ca2096dca3bcaaae9e9e64a76471654a
machine-learning,AI Solutions Architect,(2124) PT IBM Delivery Indonesia,Jakarta Raya,https://id.jobstreet.com/id/job/90107337?type=standard&ref=search-standalone&origin=cardTitle#sol=a1628316c9d71a78045f98a311f450ee6cd1c3a7
machine-learning,Data Manager,PT Trinusa Travelindo,Kecamatan Tangerang,https://id.jobstreet.com/id/job/91236141?type=standard&ref=search-standalone&origin=cardTitle#sol=e994405b2d3d163f26b3fe993d6b2d9896e12a3c
machine-learning,Data Engineer (Databricks / Azure Data Factory)-Insurance,PT Intikom Berlian Mustika - Talent Acquisition,Jakarta Selatan,https://id.jobstreet.com/id/job/92060607?type=standard&ref=search-standalone&origin=cardTitle#sol=e8912873f0287fbb640eff1dee15e30737a0962d
machine-learning,Market Data Engineer,Macquarie Group,Indonesia,https://id.jobstreet.com/id/job/91733351?type=standard&ref=search-standalone&origin=cardTitle#sol=a21e5c7d3c4fde143ee2ebcf24599022e167ae82
machine-learning,Lowongan Kerja Data Engineer Mandarin Spekaer,Sinar Mas Group,Jakarta Raya,https://id.jobstreet.com/id/job/90622611?type=standard&ref=search-standalone&origin=cardTitle#sol=e0f158868dcc09b5a69f657f635f9a4b4998e15b
machine-learning,Data Scientist,PT Cycent Inovasi Kaizen,Jakarta Selatan,https://id.jobstreet.com/id/job/92132709?type=standard&ref=search-standalone&origin=cardTitle#sol=5186c09fb4784ba789467731ac95c0a3fdfd22d4
machine-learning,Jr. Data Scientist,IlmuOne Data,Kalideres,https://id.jobstreet.com/id/job/92153365?type=standard&ref=search-standalone&origin=cardTitle#sol=3547222fd69f4ef0c283aa05a12a3248daaf6a00
machine-learning,IT Data Engineer,UCoal Sumberdaya,Jakarta Pusat,https://id.jobstreet.com/id/job/92218588?type=standard&ref=search-standalone&origin=cardTitle#sol=f2e95235ae0ccafec8eceaba1d65e0f7d81b6422
machine-learning,AI/ML Engineer,"PT Allo Bank Indonesia, Tbk",Jakarta Raya,https://id.jobstreet.com/id/job/91978379?type=standard&ref=search-standalone&origin=cardTitle#sol=1ccc329e6e9d11c651fa0941246ce1564dc580c6
machine-learning,Data Analyst,Kompas Gramedia - KG Media,Purwakarta,https://id.jobstreet.com/id/job/92207506?type=standard&ref=search-standalone&origin=cardTitle#sol=e07a7fdb874492f90929b4787063769a48a3bf98
machine-learning,Data Engineer,PT Deptech Digital Indonesia,Kebayoran Lama,https://id.jobstreet.com/id/job/92207495?type=standard&ref=search-standalone&origin=cardTitle#sol=290fa6d9203021ced183ae69494b2f6f2bb90845
machine-learning,AI & Data Optimization,PT Main Games Indonesia (Jakarta),Jakarta Selatan,https://id.jobstreet.com/id/job/91908092?type=standard&ref=search-standalone&origin=cardTitle#sol=388aa94d00914fd6b3525799963566ab86bda4c1
machine-learning,AI Workflow Engineer,PT Bumi Amartha Teknologi Mandiri,Kemayoran,https://id.jobstreet.com/id/job/92178528?type=standard&ref=search-standalone&origin=cardTitle#sol=ebc61f7a3f478c6d623bb05f9e51609eff5276ca
machine-learning,AI ENGINEER,PT. Platinum Ceramics Industry,Surabaya,https://id.jobstreet.com/id/job/92137536?type=standard&ref=search-standalone&origin=cardTitle#sol=65c5990956846f51cc506becd6b1a41eb87bffe6
machine-learning,Data Scientist - AI,Maekersuite,Denpasar,https://id.jobstreet.com/id/job/91402143?type=standard&ref=search-standalone&origin=cardTitle#sol=0895a4602b17fe935f7ef5f7d679a426c81f0e44
machine-learning,Research Assistant (AI/IT/Machine Learning),Yayasan Bina Nusantara,Jakarta Raya,https://id.jobstreet.com/id/job/91733202?type=standard&ref=search-standalone&origin=cardTitle#sol=03d57e5afd2be8b3193f55f865ed7e837817cb9d
machine-learning,AI Officer,Omni Wellnes club,Badung,https://id.jobstreet.com/id/job/92049891?type=standard&ref=search-standalone&origin=cardTitle#sol=da23e75f16f806c682fb7431f2b6849f4ad9cdeb
machine-learning,Data Science & AI/ML,detikcom,Jakarta Raya,https://id.jobstreet.com/id/job/91240882?type=standard&ref=search-standalone&origin=cardTitle#sol=5b08ce306d361c9ebc07c53a41ace88b536624be
machine-learning,AI R&D Department Head,Advance Innovations - AdIns,Jakarta Raya,https://id.jobstreet.com/id/job/91821592?type=standard&ref=search-standalone&origin=cardTitle#sol=ac2b3bcf10e5893830ff35c4bf64ed543b0706f0
machine-learning,IT Data Scientist,PT Platinumetrix Global Inovasi,Jakarta Raya,https://id.jobstreet.com/id/job/91838868?type=standard&ref=search-standalone&origin=cardTitle#sol=3e9cafdf37ba9bd6be66d9ddc3fd76cf83aea6c7
machine-learning,"Python, SQL, and AI/ML Developer",Mataram Consultancy,Jakarta Utara,https://id.jobstreet.com/id/job/91681301?type=standard&ref=search-standalone&origin=cardTitle#sol=a1eaba6ddac5a15c013c98940a549231da46d28c
machine-learning,Data Scientist - Risk Platform,PT Dwi Cermat Indonesia,Jakarta Raya,https://id.jobstreet.com/id/job/92063631?type=standard&ref=search-standalone&origin=cardTitle#sol=87a0e06cf57a72c4269a1888b043f9113b68848b
machine-learning,Lead Data Scientist,Populix,Jakarta Raya,https://id.jobstreet.com/id/job/90684300?type=standard&ref=search-standalone&origin=cardTitle#sol=af59cb7ddcc10f4d7000c49b0c9b0d95e3f0abf0
machine-learning,IT Internship – Artificial Intelligence,PT. Platinum Ceramics Industry,Surabaya,https://id.jobstreet.com/id/job/92138498?type=standard&ref=search-standalone&origin=cardTitle#sol=6e8f149ad6d2d3abc506e74454f7f5b8673399e6
machine-learning,Data Scientist | Model & AI Risk,Macquarie Group,Indonesia,https://id.jobstreet.com/id/job/91927421?type=standard&ref=search-standalone&origin=cardTitle#sol=9434cd5eae076c112c0e3045788d6901b06d0b84
machine-learning,Staff Data Engineer (Managerial Level),Populix,Jakarta Raya,https://id.jobstreet.com/id/job/91399187?type=standard&ref=search-standalone&origin=cardTitle#sol=1804515fd463d52321cfe67954ca92d183c65b7a
machine-learning,Business Analyst,PT Sutra Management Consultancies,Jakarta Raya,https://id.jobstreet.com/id/job/92170248?type=standard&ref=search-standalone&origin=cardTitle#sol=c6a91b749a695be6af835084c0830eeaf5b2a77f
machine-learning,Data analyst,PT Platinumetrix Global Inovasi,Jakarta Selatan,https://id.jobstreet.com/id/job/92175636?type=standard&ref=search-standalone&origin=cardTitle#sol=22b3227c59088ff86a7f02ef38d2f8b0e2a0514a
machine-learning,AI Engineer,PT Harmoni Dinamik Indonesia,Kemayoran,https://id.jobstreet.com/id/job/91584316?type=standard&ref=search-standalone&origin=cardTitle#sol=679a943ef3bda81fe1fc654083c9d325d1f87247
machine-learning,Data Scientist,Enterprise Digital Technology Services - EDTS,Jakarta Raya,https://id.jobstreet.com/id/job/91764061?type=standard&ref=search-standalone&origin=cardTitle#sol=848c134812bd7adde25d45c69486af0e7460d0b8
machine-learning,Data Scientist,PT Mid Solusi Nusantara (MEKARI),Indonesia,https://id.jobstreet.com/id/job/86604922?type=standard&ref=search-standalone&origin=cardTitle#sol=0ebb59f0b6cdf51040ab515683b4da6473d660fb
machine-learning,Python Developer,PT Bumi Amartha Teknologi Mandiri,Kemayoran,https://id.jobstreet.com/id/job/91924739?type=standard&ref=search-standalone&origin=cardTitle#sol=2553ab3c9fbe7d09a4219b8476a16b4df4f4797b
machine-learning,Junior Data Engineer,PT Paragon Pratama Teknologi,Kemayoran,https://id.jobstreet.com/id/job/91348222?type=standard&ref=search-standalone&origin=cardTitle#sol=11a4d88b065de7ebe445904b3ea4541ba19abeca
machine-learning,AI & Databricks Engineer – Databricks Experience Required,PT Simplify Consulting Indonesia,Jakarta Raya,https://id.jobstreet.com/id/job/91787734?type=standard&ref=search-standalone&origin=cardTitle#sol=e6b1bf8be434694afcf48ae337dd0738ef289fef
machine-learning,JUNIOR AI ENGINEER,WIRATEK SOLUSI ASIA,Purwokerto Selatan,https://id.jobstreet.com/id/job/92090278?type=standard&ref=search-standalone&origin=cardTitle#sol=a37834e0e99f491ed7cb91855842db963c119b50
machine-learning,AI Engineering,PT Intinusa Teknik Sejahtera,Jakarta Raya,https://id.jobstreet.com/id/job/92053045?type=standard&ref=search-standalone&origin=cardTitle#sol=dfb01c62401ce71ecd56d89d26affeda07d0a67e
machine-learning,AI ENGINEER,Penyetan Cok Waru,Waru,https://id.jobstreet.com/id/job/91934662?type=standard&ref=search-standalone&origin=cardTitle#sol=c65de6a3dd88ca59319e5f9ac90d494f528f9949
machine-learning,AI Engineer,PT.  Universal Eco Pasific,Jakarta Raya,https://id.jobstreet.com/id/job/91914095?type=standard&ref=search-standalone&origin=cardTitle#sol=18a75b389a0c8865cf5efca800fc667b6cc0db59
machine-learning,AI ML Data Operation Manager,Stedi Talent Solution,Jakarta Raya,https://id.jobstreet.com/id/job/91996870?type=standard&ref=search-standalone&origin=cardTitle#sol=ae98def425195a8a1703792296e654579c0f2b29
machine-learning,Data Analyst,CV Global Inti Vede,Jakarta Barat,https://id.jobstreet.com/id/job/92140971?type=standard&ref=search-standalone&origin=cardTitle#sol=fa271f14ea9f3c92e7995a4d7a81b9f99239829a
machine-learning,Chief Technology Officer & Chief AI Officer (CTO + CAIO position),Talent Search Recruitment Consultant,Jakarta Raya,https://id.jobstreet.com/id/job/92008985?type=standard&ref=search-standalone&origin=cardTitle#sol=8333fcb920f25d923ad5ef0d398bc6a57c045df6
machine-learning,Data Engineer,PT Platinumetrix Global Inovasi,Jakarta Raya,https://id.jobstreet.com/id/job/91948839?type=standard&ref=search-standalone&origin=cardTitle#sol=2284efda1ec64303dc6390cfe0c24910aed2a301
machine-learning,DATA ANALIS,PT. Cosmo Technology Indonesia,Surabaya,https://id.jobstreet.com/id/job/92039176?type=standard&ref=search-standalone&origin=cardTitle#sol=9a92fbbdae238e447ae0a66063a01d91a932739a
machine-learning,Odoo Developer (Python Programmer),PT Lincah Cipta Harapan,Bandung,https://id.jobstreet.com/id/job/91780808?type=standard&ref=search-standalone&origin=cardTitle#sol=1d8e3af877d55a92fd1cbbc19bb2d89d699a46ec
machine-learning,JUNIOR DATA ANALYST,WIRATEK SOLUSI ASIA,Purwokerto Selatan,https://id.jobstreet.com/id/job/92090693?type=standard&ref=search-standalone&origin=cardTitle#sol=81fc45609bb7cea14c07d04345923ce9108eb1e9
machine-learning,Data Engineer,PT Sari Baut Net,Jakarta Selatan,https://id.jobstreet.com/id/job/91978016?type=standard&ref=search-standalone&origin=cardTitle#sol=08ae6b5884b8cb43e517da7bae0b5bf41c6f5020
machine-learning,Data Engineer (Fintech Industry),Pengiklan Anonim,Jakarta Selatan,https://id.jobstreet.com/id/job/91996607?type=standard&ref=search-standalone&origin=cardTitle#sol=2ff53fe1b7717c8cc4d195a9a44886ec10c4178a
machine-learning,Intern Data Engineer,kumparan,Jakarta Raya,https://id.jobstreet.com/id/job/91899231?type=standard&ref=search-standalone&origin=cardTitle#sol=2c0af36d172030342dcf743f3ed714013d21e3c7
machine-learning,Data Engineer,PT Simian Technologies,Jakarta Pusat,https://id.jobstreet.com/id/job/91948910?type=standard&ref=search-standalone&origin=cardTitle#sol=38ad303453be713d899e54c2093f8ef859d807cd
machine-learning,IT Data Analyst,Pengiklan Anonim,Kabupaten Bogor,https://id.jobstreet.com/id/job/92023279?type=standard&ref=search-standalone&origin=cardTitle#sol=634e7b46187edeb95982bf12dbbc51d21e6b66ee
machine-learning,Senior Data Scientist,Vida,Jakarta Raya,https://id.jobstreet.com/id/job/88049021?type=standard&ref=search-standalone&origin=cardTitle#sol=9837fe357dc98b7d88241d68f91132b522b26676
machine-learning,AI Engineer,PT. Lantabura Media,Yogyakarta,https://id.jobstreet.com/id/job/92056492?type=standard&ref=search-standalone&origin=cardTitle#sol=797c7d0ec4e08065295c738eb5def20282aac16b
machine-learning,Data Analytics Manager,"Asiacruit BPO, Inc",Kebon Jeruk,https://id.jobstreet.com/id/job/91960153?type=standard&ref=search-standalone&origin=cardTitle#sol=71ae09fbadae2d84e10e833c0f4c1326034f48b5
machine-learning,Data Scientist Specialist,Super Bank Indonesia,Jakarta Raya,https://id.jobstreet.com/id/job/91513082?type=standard&ref=search-standalone&origin=cardTitle#sol=18944a20d4caccf346459e04c941fa9ac9383068
machine-learning,AI R&D Senior Engineer (Team Leader),Advance Innovations - AdIns,Jakarta Raya,https://id.jobstreet.com/id/job/91889002?type=standard&ref=search-standalone&origin=cardTitle#sol=097452190166169053d41170064c41010abc248d
machine-learning,Data Engineer (Contract Based),mGanik Group Career Site,Kalideres,https://id.jobstreet.com/id/job/92070695?type=standard&ref=search-standalone&origin=cardTitle#sol=62baca0ea3fbcc3c28442d2508bd565263e7cabc
machine-learning,Data Engineer Supervisor,FKS Group,Tangerang,https://id.jobstreet.com/id/job/91972611?type=standard&ref=search-standalone&origin=cardTitle#sol=cc0c5f50d4722a03441a361200b7b859e791965d
machine-learning,Data Engineer,Karya Bahana Group,Bekasi,https://id.jobstreet.com/id/job/91641976?type=standard&ref=search-standalone&origin=cardTitle#sol=1ae954eafcb24aa819f488293c046354edf89364
machine-learning,DATA ANALIS,PT. Prima Multi Usaha Indonesia,Kabupaten Pemalang,https://id.jobstreet.com/id/job/92135763?type=standard&ref=search-standalone&origin=cardTitle#sol=bd05bf6374c624f55d372826ef9942cc3cbf086c
machine-learning,Data Engineer,PT Indocyber Global Teknologi,Jakarta Raya,https://id.jobstreet.com/id/job/91683389?type=standard&ref=search-standalone&origin=cardTitle#sol=4c72d313333e32545b4afff92b0d24764afc391d
machine-learning,Senior Data Scientist (Analytics) - GFin,Data Analytics,Jakarta Raya,https://id.jobstreet.com/id/job/91595068?type=standard&ref=search-standalone&origin=cardTitle#sol=a9bc888569ae925bcb00d7ee89cb641c07f2394e
machine-learning,System Automation & Assurance,PT Sea Group,Indonesia,https://id.jobstreet.com/id/job/91771593?type=standard&ref=search-standalone&origin=cardTitle#sol=2ae30b1482bff9b9a4f70afc8bf96323d40639b2
machine-learning,Senior Data Engineer,Pengiklan Anonim,Jakarta Raya,https://id.jobstreet.com/id/job/91654287?type=standard&ref=search-standalone&origin=cardTitle#sol=ef9a6ab9dad95f58f2e5abe8350917f200fa755f
machine-learning,Artificial Intelligence Engineer - AI Platform,PT Fliptech Lentera Inspirasi Pertiwi,Jakarta Raya,https://id.jobstreet.com/id/job/91822258?type=standard&ref=search-standalone&origin=cardTitle#sol=9375864a0a267bf6ed30d06882b62009fcdd4a89
machine-learning,Data Engineer - Amazon Redshift,Macquarie Group,Indonesia,https://id.jobstreet.com/id/job/91731802?type=standard&ref=search-standalone&origin=cardTitle#sol=4db80b1af3818349fffebff991ac31f0737979b2
machine-learning,Research Intern - AI for Science,PT Sea Group,Indonesia,https://id.jobstreet.com/id/job/91456298?type=standard&ref=search-standalone&origin=cardTitle#sol=d5c0a188376ae6b0130342636e53067cdc91e026
machine-learning,Data Engineer Yogyakarta,PT Akhdani Reka Solusi,Yogyakarta,https://id.jobstreet.com/id/job/92032138?type=standard&ref=search-standalone&origin=cardTitle#sol=aa46b286d2b584f3ad65225ea9df5dfce608cc35
machine-learning,Data Scientist | Risk Management,Macquarie Group,Indonesia,https://id.jobstreet.com/id/job/92088315?type=standard&ref=search-standalone&origin=cardTitle#sol=15f48f1c7ed684d8b8ea8d237f3354de14af1f95
machine-learning,Applied AI Engineer,Advance Innovations - AdIns,Jakarta Raya,https://id.jobstreet.com/id/job/91889015?type=standard&ref=search-standalone&origin=cardTitle#sol=a7c435bd147b7aa4e270de4d21a0182a5925cb18
machine-learning,AI Builder / Automation Specialist,PT Callindo Solusi Indonesia,Jakarta Raya,https://id.jobstreet.com/id/job/91617200?type=standard&ref=search-standalone&origin=cardTitle#sol=e6b81cce2f8fc24cdc6a8e7b460bcfb361aceb6c
machine-learning,Data Engineer,Sagara Technology Group,Jakarta Raya,https://id.jobstreet.com/id/job/91759959?type=standard&ref=search-standalone&origin=cardTitle#sol=b6f43b4cd689900f3ae0e56eee10c02b32711d0b
machine-learning,"Engineer, Data Analyst",PT Sea Group,Indonesia,https://id.jobstreet.com/id/job/92010153?type=standard&ref=search-standalone&origin=cardTitle#sol=4ea4e30ecef49b73a1cbadfce57f25681c44e950
machine-learning,Data Engineer,Vida,Jakarta Raya,https://id.jobstreet.com/id/job/87275279?type=standard&ref=search-standalone&origin=cardTitle#sol=387b456b8683073001effea2e753d1ba99cf1f3e
machine-learning,AI Operator,PT LUXFELINE GLOBAL TECHNOLOGY,Jakarta Utara,https://id.jobstreet.com/id/job/92091173?type=standard&ref=search-standalone&origin=cardTitle#sol=4bccfddc52bd51a5fbcadee3eee683d8087d552a
machine-learning,IT Trainer,AION Group International,Bali,https://id.jobstreet.com/id/job/91964934?type=standard&ref=search-standalone&origin=cardTitle#sol=6778716bdcafe9ae317f9d7a1a9810cc903130d4
machine-learning,Data Engineer,PT. LOTTE INNOVATE INDONESIA,Cilegon,https://id.jobstreet.com/id/job/91670484?type=standard&ref=search-standalone&origin=cardTitle#sol=a15bf7001f429e4e2b83fbd5454c36905c8d0178
