Job_ID,Kategori_Pencarian,Domain_Compana,Posisi,Perusahaan,Skill_Name
JOB_0001,data-scientist,data_science,CRM and Supply Chain Data Scientist,PT Balarama Prajakarsaka Indonesia,Python
JOB_0001,data-scientist,data_science,CRM and Supply Chain Data Scientist,PT Balarama Prajakarsaka Indonesia,SQL
JOB_0001,data-scientist,data_science,CRM and Supply Chain Data Scientist,PT Balarama Prajakarsaka Indonesia,R
JOB_0001,data-scientist,data_science,CRM and Supply Chain Data Scientist,PT Balarama Prajakarsaka Indonesia,Tableau
JOB_0001,data-scientist,data_science,CRM and Supply Chain Data Scientist,PT Balarama Prajakarsaka Indonesia,Power BI
JOB_0001,data-scientist,data_science,CRM and Supply Chain Data Scientist,PT Balarama Prajakarsaka Indonesia,Excel
JOB_0001,data-scientist,data_science,CRM and Supply Chain Data Scientist,PT Balarama Prajakarsaka Indonesia,REST API
JOB_0002,data-scientist,data_science,Data Analyst,Brilliant Think Center,Python
JOB_0002,data-scientist,data_science,Data Analyst,Brilliant Think Center,SQL
JOB_0002,data-scientist,data_science,Data Analyst,Brilliant Think Center,R
JOB_0002,data-scientist,data_science,Data Analyst,Brilliant Think Center,Excel
JOB_0002,data-scientist,data_science,Data Analyst,Brilliant Think Center,TypeScript
JOB_0003,data-scientist,data_science,Data Scientist,PT Sharing Vision Indonesia,Python
JOB_0003,data-scientist,data_science,Data Scientist,PT Sharing Vision Indonesia,SQL
JOB_0003,data-scientist,data_science,Data Scientist,PT Sharing Vision Indonesia,Tableau
JOB_0003,data-scientist,data_science,Data Scientist,PT Sharing Vision Indonesia,Machine Learning
JOB_0003,data-scientist,data_science,Data Scientist,PT Sharing Vision Indonesia,Spark
JOB_0003,data-scientist,data_science,Data Scientist,PT Sharing Vision Indonesia,Azure
JOB_0004,data-scientist,data_science,DATA ANALYST,PT Mitra Saruta Indonesia,SQL
JOB_0004,data-scientist,data_science,DATA ANALYST,PT Mitra Saruta Indonesia,Tableau
JOB_0004,data-scientist,data_science,DATA ANALYST,PT Mitra Saruta Indonesia,Power BI
JOB_0004,data-scientist,data_science,DATA ANALYST,PT Mitra Saruta Indonesia,Excel
JOB_0004,data-scientist,data_science,DATA ANALYST,PT Mitra Saruta Indonesia,TypeScript
JOB_0004,data-scientist,data_science,DATA ANALYST,PT Mitra Saruta Indonesia,Problem Solving
JOB_0005,data-scientist,data_science,Staff Data Analyst,PT Mensana Aneka Satwa,Tableau
JOB_0005,data-scientist,data_science,Staff Data Analyst,PT Mensana Aneka Satwa,Power BI
JOB_0005,data-scientist,data_science,Staff Data Analyst,PT Mensana Aneka Satwa,Excel
JOB_0006,data-scientist,data_science,Data Engineer,TUNTUN SEKURITAS INDONESIA,Python
JOB_0006,data-scientist,data_science,Data Engineer,TUNTUN SEKURITAS INDONESIA,SQL
JOB_0006,data-scientist,data_science,Data Engineer,TUNTUN SEKURITAS INDONESIA,Machine Learning
JOB_0006,data-scientist,data_science,Data Engineer,TUNTUN SEKURITAS INDONESIA,Data Modeling
JOB_0006,data-scientist,data_science,Data Engineer,TUNTUN SEKURITAS INDONESIA,ETL
JOB_0006,data-scientist,data_science,Data Engineer,TUNTUN SEKURITAS INDONESIA,HTML
JOB_0006,data-scientist,data_science,Data Engineer,TUNTUN SEKURITAS INDONESIA,TypeScript
JOB_0006,data-scientist,data_science,Data Engineer,TUNTUN SEKURITAS INDONESIA,Java
JOB_0006,data-scientist,data_science,Data Engineer,TUNTUN SEKURITAS INDONESIA,REST API
JOB_0007,data-scientist,data_science,Data Scientist Intern,PT GOTO GOJEK TOKOPEDIA TBK,Machine Learning
JOB_0007,data-scientist,data_science,Data Scientist Intern,PT GOTO GOJEK TOKOPEDIA TBK,Deep Learning
JOB_0007,data-scientist,data_science,Data Scientist Intern,PT GOTO GOJEK TOKOPEDIA TBK,TypeScript
JOB_0007,data-scientist,data_science,Data Scientist Intern,PT GOTO GOJEK TOKOPEDIA TBK,Golang
JOB_0008,data-scientist,data_science,IT Quality & Data Integrity Officer,PT. Kalbio Global Medika,TypeScript
JOB_0009,data-scientist,data_science,Supervisor Data Analyst,PT Indako Trading Coy,SQL
JOB_0009,data-scientist,data_science,Supervisor Data Analyst,PT Indako Trading Coy,Power BI
JOB_0009,data-scientist,data_science,Supervisor Data Analyst,PT Indako Trading Coy,Problem Solving
JOB_0010,data-scientist,data_science,Data Analyst Revenue Staff,Taman Safari Indonesia,Excel
JOB_0013,data-scientist,data_science,Unit Head – Batch Data Engineering,"PT Bank Permata, Tbk",SQL
JOB_0013,data-scientist,data_science,Unit Head – Batch Data Engineering,"PT Bank Permata, Tbk",Excel
JOB_0013,data-scientist,data_science,Unit Head – Batch Data Engineering,"PT Bank Permata, Tbk",ETL
JOB_0013,data-scientist,data_science,Unit Head – Batch Data Engineering,"PT Bank Permata, Tbk",TypeScript
JOB_0013,data-scientist,data_science,Unit Head – Batch Data Engineering,"PT Bank Permata, Tbk",CI/CD
JOB_0013,data-scientist,data_science,Unit Head – Batch Data Engineering,"PT Bank Permata, Tbk",Git
JOB_0014,data-scientist,data_science,Junior Data Scientist,PT Akulaku Silvrr Indonesia,Python
JOB_0014,data-scientist,data_science,Junior Data Scientist,PT Akulaku Silvrr Indonesia,SQL
JOB_0014,data-scientist,data_science,Junior Data Scientist,PT Akulaku Silvrr Indonesia,Excel
JOB_0014,data-scientist,data_science,Junior Data Scientist,PT Akulaku Silvrr Indonesia,TypeScript
JOB_0015,data-scientist,data_science,Data Science & Portfolio Manager,PT Sejahtera Sama Kita,Python
JOB_0015,data-scientist,data_science,Data Science & Portfolio Manager,PT Sejahtera Sama Kita,SQL
JOB_0015,data-scientist,data_science,Data Science & Portfolio Manager,PT Sejahtera Sama Kita,Machine Learning
JOB_0015,data-scientist,data_science,Data Science & Portfolio Manager,PT Sejahtera Sama Kita,TypeScript
JOB_0016,data-scientist,data_science,Data Scientist,PT Eka Jaya Internasional,Python
JOB_0016,data-scientist,data_science,Data Scientist,PT Eka Jaya Internasional,Excel
JOB_0016,data-scientist,data_science,Data Scientist,PT Eka Jaya Internasional,Machine Learning
JOB_0016,data-scientist,data_science,Data Scientist,PT Eka Jaya Internasional,TensorFlow
JOB_0016,data-scientist,data_science,Data Scientist,PT Eka Jaya Internasional,Scikit-Learn
JOB_0016,data-scientist,data_science,Data Scientist,PT Eka Jaya Internasional,Spark
JOB_0016,data-scientist,data_science,Data Scientist,PT Eka Jaya Internasional,ETL
JOB_0016,data-scientist,data_science,Data Scientist,PT Eka Jaya Internasional,TypeScript
JOB_0016,data-scientist,data_science,Data Scientist,PT Eka Jaya Internasional,Java
JOB_0017,data-scientist,data_science,Data Analyst,PT Bersaudara Inti Corpora,Python
JOB_0017,data-scientist,data_science,Data Analyst,PT Bersaudara Inti Corpora,SQL
JOB_0017,data-scientist,data_science,Data Analyst,PT Bersaudara Inti Corpora,R
JOB_0017,data-scientist,data_science,Data Analyst,PT Bersaudara Inti Corpora,Power BI
JOB_0017,data-scientist,data_science,Data Analyst,PT Bersaudara Inti Corpora,Excel
JOB_0017,data-scientist,data_science,Data Analyst,PT Bersaudara Inti Corpora,Machine Learning
JOB_0017,data-scientist,data_science,Data Analyst,PT Bersaudara Inti Corpora,TypeScript
JOB_0018,data-scientist,data_science,Data Engineer,Pengiklan Anonim,Python
JOB_0018,data-scientist,data_science,Data Engineer,Pengiklan Anonim,R
JOB_0018,data-scientist,data_science,Data Engineer,Pengiklan Anonim,PostgreSQL
JOB_0018,data-scientist,data_science,Data Engineer,Pengiklan Anonim,MySQL
JOB_0018,data-scientist,data_science,Data Engineer,Pengiklan Anonim,MongoDB
JOB_0018,data-scientist,data_science,Data Engineer,Pengiklan Anonim,Tableau
JOB_0018,data-scientist,data_science,Data Engineer,Pengiklan Anonim,Power BI
JOB_0018,data-scientist,data_science,Data Engineer,Pengiklan Anonim,Data Modeling
JOB_0018,data-scientist,data_science,Data Engineer,Pengiklan Anonim,ETL
JOB_0019,data-scientist,data_science,Data Analyst,Pengiklan Anonim,SQL
JOB_0019,data-scientist,data_science,Data Analyst,Pengiklan Anonim,Tableau
JOB_0019,data-scientist,data_science,Data Analyst,Pengiklan Anonim,Power BI
JOB_0019,data-scientist,data_science,Data Analyst,Pengiklan Anonim,Excel
JOB_0020,data-scientist,data_science,Product Analyst,PT Tjitra Selaras Sampoerno,TypeScript
JOB_0021,data-scientist,data_science,Growth Analyst,Jago Coffee,SQL
JOB_0021,data-scientist,data_science,Growth Analyst,Jago Coffee,Excel
JOB_0021,data-scientist,data_science,Growth Analyst,Jago Coffee,TypeScript
JOB_0021,data-scientist,data_science,Growth Analyst,Jago Coffee,Golang
JOB_0022,data-scientist,data_science,Data & Project Support Section Head,PT Depoguna Bangunan Online,Golang
JOB_0023,data-scientist,data_science,Data Analyst,Jago Coffee,Python
JOB_0023,data-scientist,data_science,Data Analyst,Jago Coffee,SQL
JOB_0023,data-scientist,data_science,Data Analyst,Jago Coffee,Excel
JOB_0023,data-scientist,data_science,Data Analyst,Jago Coffee,TypeScript
JOB_0023,data-scientist,data_science,Data Analyst,Jago Coffee,Golang
JOB_0024,data-scientist,data_science,Specialist AI Data Governance,"PT Bank Permata, Tbk",Excel
JOB_0024,data-scientist,data_science,Specialist AI Data Governance,"PT Bank Permata, Tbk",Machine Learning
JOB_0024,data-scientist,data_science,Specialist AI Data Governance,"PT Bank Permata, Tbk",TypeScript
JOB_0025,data-scientist,data_science,Data Analyst - Cost Management Logistik,PT JET TRANSPORT SERVICES,Tableau
JOB_0025,data-scientist,data_science,Data Analyst - Cost Management Logistik,PT JET TRANSPORT SERVICES,Power BI
JOB_0025,data-scientist,data_science,Data Analyst - Cost Management Logistik,PT JET TRANSPORT SERVICES,Excel
JOB_0025,data-scientist,data_science,Data Analyst - Cost Management Logistik,PT JET TRANSPORT SERVICES,TypeScript
JOB_0025,data-scientist,data_science,Data Analyst - Cost Management Logistik,PT JET TRANSPORT SERVICES,Problem Solving
JOB_0026,data-scientist,data_science,AI Engineer,TUNTUN SEKURITAS INDONESIA,Python
JOB_0026,data-scientist,data_science,AI Engineer,TUNTUN SEKURITAS INDONESIA,Machine Learning
JOB_0026,data-scientist,data_science,AI Engineer,TUNTUN SEKURITAS INDONESIA,Deep Learning
JOB_0026,data-scientist,data_science,AI Engineer,TUNTUN SEKURITAS INDONESIA,TensorFlow
JOB_0026,data-scientist,data_science,AI Engineer,TUNTUN SEKURITAS INDONESIA,PyTorch
JOB_0026,data-scientist,data_science,AI Engineer,TUNTUN SEKURITAS INDONESIA,JavaScript
JOB_0026,data-scientist,data_science,AI Engineer,TUNTUN SEKURITAS INDONESIA,TypeScript
JOB_0026,data-scientist,data_science,AI Engineer,TUNTUN SEKURITAS INDONESIA,Node.js
JOB_0026,data-scientist,data_science,AI Engineer,TUNTUN SEKURITAS INDONESIA,Golang
JOB_0026,data-scientist,data_science,AI Engineer,TUNTUN SEKURITAS INDONESIA,Java
JOB_0027,data-scientist,data_science,Senior Data Scientist (Analytics) - Grab Financial Services,PT Solusi Transportasi Indonesia,Python
JOB_0027,data-scientist,data_science,Senior Data Scientist (Analytics) - Grab Financial Services,PT Solusi Transportasi Indonesia,SQL
JOB_0027,data-scientist,data_science,Senior Data Scientist (Analytics) - Grab Financial Services,PT Solusi Transportasi Indonesia,Power BI
JOB_0027,data-scientist,data_science,Senior Data Scientist (Analytics) - Grab Financial Services,PT Solusi Transportasi Indonesia,Excel
JOB_0027,data-scientist,data_science,Senior Data Scientist (Analytics) - Grab Financial Services,PT Solusi Transportasi Indonesia,JavaScript
JOB_0027,data-scientist,data_science,Senior Data Scientist (Analytics) - Grab Financial Services,PT Solusi Transportasi Indonesia,TypeScript
JOB_0027,data-scientist,data_science,Senior Data Scientist (Analytics) - Grab Financial Services,PT Solusi Transportasi Indonesia,REST API
JOB_0027,data-scientist,data_science,Senior Data Scientist (Analytics) - Grab Financial Services,PT Solusi Transportasi Indonesia,UI/UX
JOB_0028,data-scientist,data_science,Data Scientist,MEDITAP,Python
JOB_0028,data-scientist,data_science,Data Scientist,MEDITAP,Machine Learning
JOB_0028,data-scientist,data_science,Data Scientist,MEDITAP,TypeScript
JOB_0029,data-scientist,data_science,Document Controller,Datalec Precision Installations Pte Ltd,Excel
JOB_0029,data-scientist,data_science,Document Controller,Datalec Precision Installations Pte Ltd,TypeScript
JOB_0029,data-scientist,data_science,Document Controller,Datalec Precision Installations Pte Ltd,Golang
JOB_0030,data-scientist,data_science,Data Engineer,PT Data Labs Analytics,Python
JOB_0030,data-scientist,data_science,Data Engineer,PT Data Labs Analytics,SQL
JOB_0030,data-scientist,data_science,Data Engineer,PT Data Labs Analytics,BigQuery
JOB_0030,data-scientist,data_science,Data Engineer,PT Data Labs Analytics,Data Modeling
JOB_0030,data-scientist,data_science,Data Engineer,PT Data Labs Analytics,ETL
JOB_0030,data-scientist,data_science,Data Engineer,PT Data Labs Analytics,TypeScript
JOB_0030,data-scientist,data_science,Data Engineer,PT Data Labs Analytics,Java
JOB_0030,data-scientist,data_science,Data Engineer,PT Data Labs Analytics,AWS
JOB_0030,data-scientist,data_science,Data Engineer,PT Data Labs Analytics,GCP
JOB_0030,data-scientist,data_science,Data Engineer,PT Data Labs Analytics,Azure
JOB_0031,data-scientist,data_science,Data Warehouse and Reporting Specialist,PT Bina Karya Prima,SQL
JOB_0031,data-scientist,data_science,Data Warehouse and Reporting Specialist,PT Bina Karya Prima,Power BI
JOB_0031,data-scientist,data_science,Data Warehouse and Reporting Specialist,PT Bina Karya Prima,ETL
JOB_0032,data-scientist,data_science,Senior Data Scientist (Analytics) - GFin,PT Solusi Transportasi Indonesia,Python
JOB_0032,data-scientist,data_science,Senior Data Scientist (Analytics) - GFin,PT Solusi Transportasi Indonesia,SQL
JOB_0032,data-scientist,data_science,Senior Data Scientist (Analytics) - GFin,PT Solusi Transportasi Indonesia,R
JOB_0032,data-scientist,data_science,Senior Data Scientist (Analytics) - GFin,PT Solusi Transportasi Indonesia,Excel
JOB_0032,data-scientist,data_science,Senior Data Scientist (Analytics) - GFin,PT Solusi Transportasi Indonesia,TypeScript
JOB_0032,data-scientist,data_science,Senior Data Scientist (Analytics) - GFin,PT Solusi Transportasi Indonesia,REST API
JOB_0032,data-scientist,data_science,Senior Data Scientist (Analytics) - GFin,PT Solusi Transportasi Indonesia,UI/UX
JOB_0034,data-scientist,data_science,Data Engineer,PT Sigmantara Alfindo,Python
JOB_0034,data-scientist,data_science,Data Engineer,PT Sigmantara Alfindo,SQL
JOB_0034,data-scientist,data_science,Data Engineer,PT Sigmantara Alfindo,Tableau
JOB_0034,data-scientist,data_science,Data Engineer,PT Sigmantara Alfindo,Power BI
JOB_0034,data-scientist,data_science,Data Engineer,PT Sigmantara Alfindo,BigQuery
JOB_0034,data-scientist,data_science,Data Engineer,PT Sigmantara Alfindo,Snowflake
JOB_0034,data-scientist,data_science,Data Engineer,PT Sigmantara Alfindo,Data Modeling
JOB_0034,data-scientist,data_science,Data Engineer,PT Sigmantara Alfindo,ETL
JOB_0034,data-scientist,data_science,Data Engineer,PT Sigmantara Alfindo,TypeScript
JOB_0034,data-scientist,data_science,Data Engineer,PT Sigmantara Alfindo,Java
JOB_0034,data-scientist,data_science,Data Engineer,PT Sigmantara Alfindo,Docker
JOB_0034,data-scientist,data_science,Data Engineer,PT Sigmantara Alfindo,Kubernetes
JOB_0034,data-scientist,data_science,Data Engineer,PT Sigmantara Alfindo,AWS
JOB_0034,data-scientist,data_science,Data Engineer,PT Sigmantara Alfindo,GCP
JOB_0034,data-scientist,data_science,Data Engineer,PT Sigmantara Alfindo,Azure
JOB_0034,data-scientist,data_science,Data Engineer,PT Sigmantara Alfindo,CI/CD
JOB_0035,data-scientist,data_science,Data Process Lead,Cargill Tropical Palm,Excel
JOB_0035,data-scientist,data_science,Data Process Lead,Cargill Tropical Palm,TypeScript
JOB_0036,data-scientist,data_science,Junior Analyst (Project),sns.ac,Excel
JOB_0037,data-scientist,data_science,Sistem Analis,PT BANGUNPERKASA  ADHITAMASENTRA,SQL
JOB_0037,data-scientist,data_science,Sistem Analis,PT BANGUNPERKASA  ADHITAMASENTRA,Machine Learning
JOB_0037,data-scientist,data_science,Sistem Analis,PT BANGUNPERKASA  ADHITAMASENTRA,REST API
JOB_0037,data-scientist,data_science,Sistem Analis,PT BANGUNPERKASA  ADHITAMASENTRA,Agile/Scrum
JOB_0037,data-scientist,data_science,Sistem Analis,PT BANGUNPERKASA  ADHITAMASENTRA,Problem Solving
JOB_0039,data-scientist,data_science,Staff AI Operation Engineer,PT Industrial Multi Fan,Python
JOB_0039,data-scientist,data_science,Staff AI Operation Engineer,PT Industrial Multi Fan,SQL
JOB_0039,data-scientist,data_science,Staff AI Operation Engineer,PT Industrial Multi Fan,Excel
JOB_0039,data-scientist,data_science,Staff AI Operation Engineer,PT Industrial Multi Fan,Machine Learning
JOB_0039,data-scientist,data_science,Staff AI Operation Engineer,PT Industrial Multi Fan,TypeScript
JOB_0039,data-scientist,data_science,Staff AI Operation Engineer,PT Industrial Multi Fan,REST API
JOB_0040,data-scientist,data_science,DATA CENTER ENGINEER,PT Advanced Power Tech,JavaScript
JOB_0040,data-scientist,data_science,DATA CENTER ENGINEER,PT Advanced Power Tech,Problem Solving
JOB_0041,data-scientist,data_science,Associate Data Planning Analyst,PT Indocater,Excel
JOB_0042,data-scientist,data_science,Marketing Intelligence Staff,Yayasan Bina Nusantara,Excel
JOB_0042,data-scientist,data_science,Marketing Intelligence Staff,Yayasan Bina Nusantara,TypeScript
JOB_0043,data-scientist,data_science,Business Analyst,PT Mitra Andal Sejati,SQL
JOB_0043,data-scientist,data_science,Business Analyst,PT Mitra Andal Sejati,Tableau
JOB_0043,data-scientist,data_science,Business Analyst,PT Mitra Andal Sejati,Excel
JOB_0043,data-scientist,data_science,Business Analyst,PT Mitra Andal Sejati,TypeScript
JOB_0044,data-scientist,data_science,Data Engineer,Beyondtech,Python
JOB_0044,data-scientist,data_science,Data Engineer,Beyondtech,SQL
JOB_0044,data-scientist,data_science,Data Engineer,Beyondtech,PostgreSQL
JOB_0044,data-scientist,data_science,Data Engineer,Beyondtech,MySQL
JOB_0044,data-scientist,data_science,Data Engineer,Beyondtech,Tableau
JOB_0044,data-scientist,data_science,Data Engineer,Beyondtech,Power BI
JOB_0044,data-scientist,data_science,Data Engineer,Beyondtech,BigQuery
JOB_0044,data-scientist,data_science,Data Engineer,Beyondtech,Snowflake
JOB_0044,data-scientist,data_science,Data Engineer,Beyondtech,Data Modeling
JOB_0044,data-scientist,data_science,Data Engineer,Beyondtech,ETL
JOB_0044,data-scientist,data_science,Data Engineer,Beyondtech,TypeScript
JOB_0044,data-scientist,data_science,Data Engineer,Beyondtech,AWS
JOB_0045,data-scientist,data_science,Senior Data Engineer,PT Sentra Vidya Utama,Python
JOB_0045,data-scientist,data_science,Senior Data Engineer,PT Sentra Vidya Utama,SQL
JOB_0045,data-scientist,data_science,Senior Data Engineer,PT Sentra Vidya Utama,Tableau
JOB_0045,data-scientist,data_science,Senior Data Engineer,PT Sentra Vidya Utama,Power BI
JOB_0045,data-scientist,data_science,Senior Data Engineer,PT Sentra Vidya Utama,REST API
JOB_0046,data-scientist,data_science,PMO Administrator,Datalec Precision Installations Pte Ltd,Excel
JOB_0046,data-scientist,data_science,PMO Administrator,Datalec Precision Installations Pte Ltd,TypeScript
JOB_0046,data-scientist,data_science,PMO Administrator,Datalec Precision Installations Pte Ltd,Golang
JOB_0047,data-scientist,data_science,Master Data Engineer (Analyst),Abrihet Teknobalhar Informa,SQL
JOB_0047,data-scientist,data_science,Master Data Engineer (Analyst),Abrihet Teknobalhar Informa,Power BI
JOB_0047,data-scientist,data_science,Master Data Engineer (Analyst),Abrihet Teknobalhar Informa,Excel
JOB_0047,data-scientist,data_science,Master Data Engineer (Analyst),Abrihet Teknobalhar Informa,ETL
JOB_0047,data-scientist,data_science,Master Data Engineer (Analyst),Abrihet Teknobalhar Informa,TypeScript
JOB_0047,data-scientist,data_science,Master Data Engineer (Analyst),Abrihet Teknobalhar Informa,Java
JOB_0047,data-scientist,data_science,Master Data Engineer (Analyst),Abrihet Teknobalhar Informa,Azure
JOB_0048,data-scientist,data_science,"Interns (Data Analyst Intern, Digital Media Intern, IT Intern)",PT Himalaya Wellness Indonesia,Excel
JOB_0048,data-scientist,data_science,"Interns (Data Analyst Intern, Digital Media Intern, IT Intern)",PT Himalaya Wellness Indonesia,TypeScript
JOB_0049,data-scientist,data_science,DATA ANALYST OFFICER,PT Indocipta Wisesa,R
JOB_0049,data-scientist,data_science,DATA ANALYST OFFICER,PT Indocipta Wisesa,Power BI
JOB_0049,data-scientist,data_science,DATA ANALYST OFFICER,PT Indocipta Wisesa,Excel
JOB_0049,data-scientist,data_science,DATA ANALYST OFFICER,PT Indocipta Wisesa,JavaScript
JOB_0050,data-scientist,data_science,Data Analyst Staff (Bali Jakarta Surabaya),PT Pantja Artha Niaga,Excel
JOB_0050,data-scientist,data_science,Data Analyst Staff (Bali Jakarta Surabaya),PT Pantja Artha Niaga,TypeScript
JOB_0051,data-scientist,data_science,Data Analyst (Retail Groceries),PT. LIPPO KARAWACI TBK,Python
JOB_0051,data-scientist,data_science,Data Analyst (Retail Groceries),PT. LIPPO KARAWACI TBK,Power BI
JOB_0051,data-scientist,data_science,Data Analyst (Retail Groceries),PT. LIPPO KARAWACI TBK,TypeScript
JOB_0052,data-scientist,data_science,Data Analyst,PT LANGGENG SUKSES ABADI TEKHNOLOGI,Python
JOB_0052,data-scientist,data_science,Data Analyst,PT LANGGENG SUKSES ABADI TEKHNOLOGI,SQL
JOB_0052,data-scientist,data_science,Data Analyst,PT LANGGENG SUKSES ABADI TEKHNOLOGI,PostgreSQL
JOB_0052,data-scientist,data_science,Data Analyst,PT LANGGENG SUKSES ABADI TEKHNOLOGI,MySQL
JOB_0052,data-scientist,data_science,Data Analyst,PT LANGGENG SUKSES ABADI TEKHNOLOGI,Power BI
JOB_0052,data-scientist,data_science,Data Analyst,PT LANGGENG SUKSES ABADI TEKHNOLOGI,Excel
JOB_0052,data-scientist,data_science,Data Analyst,PT LANGGENG SUKSES ABADI TEKHNOLOGI,BigQuery
JOB_0052,data-scientist,data_science,Data Analyst,PT LANGGENG SUKSES ABADI TEKHNOLOGI,Data Modeling
JOB_0052,data-scientist,data_science,Data Analyst,PT LANGGENG SUKSES ABADI TEKHNOLOGI,ETL
JOB_0052,data-scientist,data_science,Data Analyst,PT LANGGENG SUKSES ABADI TEKHNOLOGI,TypeScript
JOB_0052,data-scientist,data_science,Data Analyst,PT LANGGENG SUKSES ABADI TEKHNOLOGI,REST API
JOB_0054,data-scientist,data_science,Data Engineer (Contract 12 Months),"PT ZURICH ASURANSI INDONESIA, Tbk",Python
JOB_0054,data-scientist,data_science,Data Engineer (Contract 12 Months),"PT ZURICH ASURANSI INDONESIA, Tbk",SQL
JOB_0054,data-scientist,data_science,Data Engineer (Contract 12 Months),"PT ZURICH ASURANSI INDONESIA, Tbk",Spark
JOB_0054,data-scientist,data_science,Data Engineer (Contract 12 Months),"PT ZURICH ASURANSI INDONESIA, Tbk",ETL
JOB_0054,data-scientist,data_science,Data Engineer (Contract 12 Months),"PT ZURICH ASURANSI INDONESIA, Tbk",TypeScript
JOB_0054,data-scientist,data_science,Data Engineer (Contract 12 Months),"PT ZURICH ASURANSI INDONESIA, Tbk",AWS
JOB_0054,data-scientist,data_science,Data Engineer (Contract 12 Months),"PT ZURICH ASURANSI INDONESIA, Tbk",GCP
JOB_0054,data-scientist,data_science,Data Engineer (Contract 12 Months),"PT ZURICH ASURANSI INDONESIA, Tbk",Azure
JOB_0054,data-scientist,data_science,Data Engineer (Contract 12 Months),"PT ZURICH ASURANSI INDONESIA, Tbk",CI/CD
JOB_0054,data-scientist,data_science,Data Engineer (Contract 12 Months),"PT ZURICH ASURANSI INDONESIA, Tbk",Git
JOB_0055,data-scientist,data_science,Data Entry,PT Daya Karsa Abadi,Excel
JOB_0057,data-scientist,data_science,SEO Analyst,OLX Indonesia,JavaScript
JOB_0057,data-scientist,data_science,SEO Analyst,OLX Indonesia,TypeScript
JOB_0058,data-scientist,data_science,Data Analyst,PT Nusantara Sakti Group (JAKARTA),SQL
JOB_0058,data-scientist,data_science,Data Analyst,PT Nusantara Sakti Group (JAKARTA),Power BI
JOB_0058,data-scientist,data_science,Data Analyst,PT Nusantara Sakti Group (JAKARTA),Excel
JOB_0058,data-scientist,data_science,Data Analyst,PT Nusantara Sakti Group (JAKARTA),Problem Solving
JOB_0059,data-scientist,data_science,Presales - IT Server and Cloud,PT Network Data Sistem,AWS
JOB_0059,data-scientist,data_science,Presales - IT Server and Cloud,PT Network Data Sistem,GCP
JOB_0059,data-scientist,data_science,Presales - IT Server and Cloud,PT Network Data Sistem,Azure
JOB_0060,data-scientist,data_science,Finance Data Analyst,PT Propan Raya Industrial Coating Chemicals,Excel
JOB_0061,data-scientist,data_science,Data Analyst Staff,PT Asuransi Umum Bumiputera Muda 1967,Excel
JOB_0062,data-scientist,data_science,Data Implementor,PT Pratesis,SQL
JOB_0062,data-scientist,data_science,Data Implementor,PT Pratesis,TypeScript
JOB_0062,data-scientist,data_science,Data Implementor,PT Pratesis,Golang
JOB_0063,data-scientist,data_science,Full Stack Developer (Python),Engine Room Global Pte Ltd.,Python
JOB_0063,data-scientist,data_science,Full Stack Developer (Python),Engine Room Global Pte Ltd.,SQL
JOB_0063,data-scientist,data_science,Full Stack Developer (Python),Engine Room Global Pte Ltd.,ETL
JOB_0063,data-scientist,data_science,Full Stack Developer (Python),Engine Room Global Pte Ltd.,JavaScript
JOB_0063,data-scientist,data_science,Full Stack Developer (Python),Engine Room Global Pte Ltd.,TypeScript
JOB_0063,data-scientist,data_science,Full Stack Developer (Python),Engine Room Global Pte Ltd.,React.js
JOB_0063,data-scientist,data_science,Full Stack Developer (Python),Engine Room Global Pte Ltd.,Next.js
JOB_0063,data-scientist,data_science,Full Stack Developer (Python),Engine Room Global Pte Ltd.,Golang
JOB_0063,data-scientist,data_science,Full Stack Developer (Python),Engine Room Global Pte Ltd.,Django
JOB_0063,data-scientist,data_science,Full Stack Developer (Python),Engine Room Global Pte Ltd.,FastAPI
JOB_0063,data-scientist,data_science,Full Stack Developer (Python),Engine Room Global Pte Ltd.,REST API
JOB_0063,data-scientist,data_science,Full Stack Developer (Python),Engine Room Global Pte Ltd.,AWS
JOB_0063,data-scientist,data_science,Full Stack Developer (Python),Engine Room Global Pte Ltd.,GCP
JOB_0063,data-scientist,data_science,Full Stack Developer (Python),Engine Room Global Pte Ltd.,Azure
JOB_0063,data-scientist,data_science,Full Stack Developer (Python),Engine Room Global Pte Ltd.,Git
JOB_0064,data-scientist,data_science,Business Analyst Intern,PT Upartners Sukses Bersama,Python
JOB_0064,data-scientist,data_science,Business Analyst Intern,PT Upartners Sukses Bersama,SQL
JOB_0064,data-scientist,data_science,Business Analyst Intern,PT Upartners Sukses Bersama,Tableau
JOB_0064,data-scientist,data_science,Business Analyst Intern,PT Upartners Sukses Bersama,Power BI
JOB_0064,data-scientist,data_science,Business Analyst Intern,PT Upartners Sukses Bersama,Excel
JOB_0064,data-scientist,data_science,Business Analyst Intern,PT Upartners Sukses Bersama,TypeScript
JOB_0065,data-scientist,data_science,Admin Distribusi (Data Analis),PT Sentralsari Primasentosa,Excel
JOB_0066,data-scientist,data_science,Asst Marketing Data & Insight Manager,Kawan Lama Group,TypeScript
JOB_0067,data-scientist,data_science,Product Manager – Consumer Tech & E-Commerce Monetization,PT S D Indonesia (Streetdirectory),TypeScript
JOB_0068,data-scientist,data_science,Data Lead,PT Haju Medical Indonesia,Tableau
JOB_0068,data-scientist,data_science,Data Lead,PT Haju Medical Indonesia,Power BI
JOB_0068,data-scientist,data_science,Data Lead,PT Haju Medical Indonesia,Excel
JOB_0068,data-scientist,data_science,Data Lead,PT Haju Medical Indonesia,TypeScript
JOB_0068,data-scientist,data_science,Data Lead,PT Haju Medical Indonesia,Problem Solving
JOB_0069,data-scientist,data_science,Data Analyst,Pengiklan Anonim,Excel
JOB_0071,data-scientist,data_science,Mine Analyst,PT. Berkat Maritim Abadi,Tableau
JOB_0071,data-scientist,data_science,Mine Analyst,PT. Berkat Maritim Abadi,Power BI
JOB_0071,data-scientist,data_science,Mine Analyst,PT. Berkat Maritim Abadi,Excel
JOB_0072,data-scientist,data_science,Data Analyst,PT Rsystems Ibizcs International,SQL
JOB_0072,data-scientist,data_science,Data Analyst,PT Rsystems Ibizcs International,Power BI
JOB_0072,data-scientist,data_science,Data Analyst,PT Rsystems Ibizcs International,GCP
JOB_0073,data-scientist,data_science,Database Administrator,PT Karisma Zona Kreatifku,PostgreSQL
JOB_0073,data-scientist,data_science,Database Administrator,PT Karisma Zona Kreatifku,MySQL
JOB_0073,data-scientist,data_science,Database Administrator,PT Karisma Zona Kreatifku,ETL
JOB_0073,data-scientist,data_science,Database Administrator,PT Karisma Zona Kreatifku,TypeScript
JOB_0073,data-scientist,data_science,Database Administrator,PT Karisma Zona Kreatifku,AWS
JOB_0073,data-scientist,data_science,Database Administrator,PT Karisma Zona Kreatifku,Linux
JOB_0074,data-scientist,data_science,IT Manager (Enterprise Systems & Data),CV Unitech Indonesia,SQL
JOB_0074,data-scientist,data_science,IT Manager (Enterprise Systems & Data),CV Unitech Indonesia,ETL
JOB_0074,data-scientist,data_science,IT Manager (Enterprise Systems & Data),CV Unitech Indonesia,JavaScript
JOB_0074,data-scientist,data_science,IT Manager (Enterprise Systems & Data),CV Unitech Indonesia,TypeScript
JOB_0074,data-scientist,data_science,IT Manager (Enterprise Systems & Data),CV Unitech Indonesia,React.js
JOB_0074,data-scientist,data_science,IT Manager (Enterprise Systems & Data),CV Unitech Indonesia,Next.js
JOB_0074,data-scientist,data_science,IT Manager (Enterprise Systems & Data),CV Unitech Indonesia,Vue.js
JOB_0074,data-scientist,data_science,IT Manager (Enterprise Systems & Data),CV Unitech Indonesia,Node.js
JOB_0074,data-scientist,data_science,IT Manager (Enterprise Systems & Data),CV Unitech Indonesia,REST API
JOB_0074,data-scientist,data_science,IT Manager (Enterprise Systems & Data),CV Unitech Indonesia,Docker
JOB_0074,data-scientist,data_science,IT Manager (Enterprise Systems & Data),CV Unitech Indonesia,CI/CD
JOB_0074,data-scientist,data_science,IT Manager (Enterprise Systems & Data),CV Unitech Indonesia,Linux
JOB_0075,data-scientist,data_science,Database Engineer,PT. Circleka Indonesia Utama,SQL
JOB_0075,data-scientist,data_science,Database Engineer,PT. Circleka Indonesia Utama,Tableau
JOB_0075,data-scientist,data_science,Database Engineer,PT. Circleka Indonesia Utama,ETL
JOB_0075,data-scientist,data_science,Database Engineer,PT. Circleka Indonesia Utama,TypeScript
JOB_0075,data-scientist,data_science,Database Engineer,PT. Circleka Indonesia Utama,Docker
JOB_0076,data-scientist,data_science,Data Analyst Staff,Orang Tua Group,SQL
JOB_0077,data-scientist,data_science,AI Engineer,AME Mineral Economics Pty Ltd,Python
JOB_0077,data-scientist,data_science,AI Engineer,AME Mineral Economics Pty Ltd,Excel
JOB_0077,data-scientist,data_science,AI Engineer,AME Mineral Economics Pty Ltd,Machine Learning
JOB_0077,data-scientist,data_science,AI Engineer,AME Mineral Economics Pty Ltd,TypeScript
JOB_0077,data-scientist,data_science,AI Engineer,AME Mineral Economics Pty Ltd,REST API
JOB_0077,data-scientist,data_science,AI Engineer,AME Mineral Economics Pty Ltd,Azure
JOB_0077,data-scientist,data_science,AI Engineer,AME Mineral Economics Pty Ltd,CI/CD
JOB_0077,data-scientist,data_science,AI Engineer,AME Mineral Economics Pty Ltd,Git
JOB_0078,data-scientist,data_science,Program Analyst – SQL & Reporting,PT AMC Bintan,SQL
JOB_0078,data-scientist,data_science,Program Analyst – SQL & Reporting,PT AMC Bintan,Excel
JOB_0078,data-scientist,data_science,Program Analyst – SQL & Reporting,PT AMC Bintan,Data Modeling
JOB_0078,data-scientist,data_science,Program Analyst – SQL & Reporting,PT AMC Bintan,TypeScript
JOB_0079,data-scientist,data_science,Admin Operasional & Sistem,PT. Sinergi Innovate Pratama,Excel
JOB_0079,data-scientist,data_science,Admin Operasional & Sistem,PT. Sinergi Innovate Pratama,TypeScript
JOB_0080,data-scientist,data_science,Data Engineer (ETL),PT Lawencon Internasional,SQL
JOB_0080,data-scientist,data_science,Data Engineer (ETL),PT Lawencon Internasional,PostgreSQL
JOB_0080,data-scientist,data_science,Data Engineer (ETL),PT Lawencon Internasional,Hadoop
JOB_0080,data-scientist,data_science,Data Engineer (ETL),PT Lawencon Internasional,Data Modeling
JOB_0080,data-scientist,data_science,Data Engineer (ETL),PT Lawencon Internasional,ETL
JOB_0080,data-scientist,data_science,Data Engineer (ETL),PT Lawencon Internasional,TypeScript
JOB_0083,data-scientist,data_science,Sr. Resource Geologist GC,PT Masmindo Dwi Area,TypeScript
JOB_0084,data-scientist,data_science,"MYP AI, Coding & Digital Curriculum Specialist (ICT) - BINUS SCHOOL Simprug",Yayasan Bina Nusantara,Python
JOB_0084,data-scientist,data_science,"MYP AI, Coding & Digital Curriculum Specialist (ICT) - BINUS SCHOOL Simprug",Yayasan Bina Nusantara,Excel
JOB_0084,data-scientist,data_science,"MYP AI, Coding & Digital Curriculum Specialist (ICT) - BINUS SCHOOL Simprug",Yayasan Bina Nusantara,TypeScript
JOB_0085,data-scientist,data_science,Data Analyst Intern,PT Sejahtera Sama Kita,Python
JOB_0085,data-scientist,data_science,Data Analyst Intern,PT Sejahtera Sama Kita,SQL
JOB_0085,data-scientist,data_science,Data Analyst Intern,PT Sejahtera Sama Kita,Excel
JOB_0085,data-scientist,data_science,Data Analyst Intern,PT Sejahtera Sama Kita,TypeScript
JOB_0086,data-scientist,data_science,Digital Business Data Analyst,"PT. BFI FINANCE INDONESIA, Tbk",Python
JOB_0086,data-scientist,data_science,Digital Business Data Analyst,"PT. BFI FINANCE INDONESIA, Tbk",SQL
JOB_0086,data-scientist,data_science,Digital Business Data Analyst,"PT. BFI FINANCE INDONESIA, Tbk",TypeScript
JOB_0088,data-scientist,data_science,DATA ANALYST,PT Bringin Jati Indah,Python
JOB_0088,data-scientist,data_science,DATA ANALYST,PT Bringin Jati Indah,SQL
JOB_0088,data-scientist,data_science,DATA ANALYST,PT Bringin Jati Indah,R
JOB_0088,data-scientist,data_science,DATA ANALYST,PT Bringin Jati Indah,Tableau
JOB_0088,data-scientist,data_science,DATA ANALYST,PT Bringin Jati Indah,Power BI
JOB_0088,data-scientist,data_science,DATA ANALYST,PT Bringin Jati Indah,Excel
JOB_0088,data-scientist,data_science,DATA ANALYST,PT Bringin Jati Indah,Machine Learning
JOB_0088,data-scientist,data_science,DATA ANALYST,PT Bringin Jati Indah,TypeScript
JOB_0088,data-scientist,data_science,DATA ANALYST,PT Bringin Jati Indah,Java
JOB_0090,data-scientist,data_science,Market Analyst Staff,PT Aion Indomobil Distribution Indonesia,Excel
JOB_0090,data-scientist,data_science,Market Analyst Staff,PT Aion Indomobil Distribution Indonesia,TypeScript
JOB_0091,data-scientist,data_science,INTELLIGENCE AND INVESTIGATION,PT Trans Dana Profitri,Excel
JOB_0092,data-scientist,data_science,AI & Automation Specialist - Corporate Pollux Group,PT Mega Kuningan Pinnacle,Python
JOB_0092,data-scientist,data_science,AI & Automation Specialist - Corporate Pollux Group,PT Mega Kuningan Pinnacle,SQL
JOB_0092,data-scientist,data_science,AI & Automation Specialist - Corporate Pollux Group,PT Mega Kuningan Pinnacle,Power BI
JOB_0092,data-scientist,data_science,AI & Automation Specialist - Corporate Pollux Group,PT Mega Kuningan Pinnacle,TypeScript
JOB_0093,data-scientist,data_science,GM of Sales - Diagnostic & Measurement,PT Trust Recruit Indonesia,Excel
JOB_0093,data-scientist,data_science,GM of Sales - Diagnostic & Measurement,PT Trust Recruit Indonesia,TypeScript
JOB_0094,data-scientist,data_science,Integrated Pest Management Associate Scientist,PT Mars Symbioscience Indonesia,TypeScript
JOB_0094,data-scientist,data_science,Integrated Pest Management Associate Scientist,PT Mars Symbioscience Indonesia,Problem Solving
JOB_0095,data-scientist,data_science,Data Analyst Supervisor,Thamrin Group,SQL
JOB_0095,data-scientist,data_science,Data Analyst Supervisor,Thamrin Group,Tableau
JOB_0095,data-scientist,data_science,Data Analyst Supervisor,Thamrin Group,Power BI
JOB_0095,data-scientist,data_science,Data Analyst Supervisor,Thamrin Group,Excel
JOB_0095,data-scientist,data_science,Data Analyst Supervisor,Thamrin Group,TypeScript
JOB_0095,data-scientist,data_science,Data Analyst Supervisor,Thamrin Group,Golang
JOB_0096,data-scientist,data_science,Database Administrator,PT Data Integrasi Inovasi,Python
JOB_0096,data-scientist,data_science,Database Administrator,PT Data Integrasi Inovasi,SQL
JOB_0096,data-scientist,data_science,Database Administrator,PT Data Integrasi Inovasi,PostgreSQL
JOB_0096,data-scientist,data_science,Database Administrator,PT Data Integrasi Inovasi,MongoDB
JOB_0096,data-scientist,data_science,Database Administrator,PT Data Integrasi Inovasi,Excel
JOB_0096,data-scientist,data_science,Database Administrator,PT Data Integrasi Inovasi,TypeScript
JOB_0097,data-scientist,data_science,Data Engineer,PT Anggana Catur Prima,Python
JOB_0097,data-scientist,data_science,Data Engineer,PT Anggana Catur Prima,SQL
JOB_0097,data-scientist,data_science,Data Engineer,PT Anggana Catur Prima,Power BI
JOB_0097,data-scientist,data_science,Data Engineer,PT Anggana Catur Prima,Excel
JOB_0097,data-scientist,data_science,Data Engineer,PT Anggana Catur Prima,TypeScript
JOB_0097,data-scientist,data_science,Data Engineer,PT Anggana Catur Prima,Docker
JOB_0097,data-scientist,data_science,Data Engineer,PT Anggana Catur Prima,Linux
JOB_0098,data-scientist,data_science,Data Engineer,PT Mitra Informatika,Python
JOB_0098,data-scientist,data_science,Data Engineer,PT Mitra Informatika,Excel
JOB_0098,data-scientist,data_science,Data Engineer,PT Mitra Informatika,Data Modeling
JOB_0098,data-scientist,data_science,Data Engineer,PT Mitra Informatika,ETL
JOB_0098,data-scientist,data_science,Data Engineer,PT Mitra Informatika,TypeScript
JOB_0098,data-scientist,data_science,Data Engineer,PT Mitra Informatika,Java
JOB_0098,data-scientist,data_science,Data Engineer,PT Mitra Informatika,Linux
JOB_0099,data-scientist,data_science,IT Data Internship,PT. Kalbe Farma Tbk. (International Division),Python
JOB_0099,data-scientist,data_science,IT Data Internship,PT. Kalbe Farma Tbk. (International Division),SQL
JOB_0099,data-scientist,data_science,IT Data Internship,PT. Kalbe Farma Tbk. (International Division),Tableau
JOB_0099,data-scientist,data_science,IT Data Internship,PT. Kalbe Farma Tbk. (International Division),Power BI
JOB_0099,data-scientist,data_science,IT Data Internship,PT. Kalbe Farma Tbk. (International Division),ETL
JOB_0099,data-scientist,data_science,IT Data Internship,PT. Kalbe Farma Tbk. (International Division),TypeScript
JOB_0100,data-scientist,data_science,Machine Learning Engineering Section Head,OLX Indonesia,Excel
JOB_0100,data-scientist,data_science,Machine Learning Engineering Section Head,OLX Indonesia,Machine Learning
JOB_0100,data-scientist,data_science,Machine Learning Engineering Section Head,OLX Indonesia,Deep Learning
JOB_0100,data-scientist,data_science,Machine Learning Engineering Section Head,OLX Indonesia,TypeScript
JOB_0100,data-scientist,data_science,Machine Learning Engineering Section Head,OLX Indonesia,CI/CD
JOB_0101,data-scientist,data_science,Senior Machine Learning Engineer,Tetra Data Teknologi,Python
JOB_0101,data-scientist,data_science,Senior Machine Learning Engineer,Tetra Data Teknologi,Machine Learning
JOB_0101,data-scientist,data_science,Senior Machine Learning Engineer,Tetra Data Teknologi,Deep Learning
JOB_0101,data-scientist,data_science,Senior Machine Learning Engineer,Tetra Data Teknologi,TensorFlow
JOB_0101,data-scientist,data_science,Senior Machine Learning Engineer,Tetra Data Teknologi,PyTorch
JOB_0101,data-scientist,data_science,Senior Machine Learning Engineer,Tetra Data Teknologi,TypeScript
JOB_0101,data-scientist,data_science,Senior Machine Learning Engineer,Tetra Data Teknologi,REST API
JOB_0101,data-scientist,data_science,Senior Machine Learning Engineer,Tetra Data Teknologi,Docker
JOB_0101,data-scientist,data_science,Senior Machine Learning Engineer,Tetra Data Teknologi,CI/CD
JOB_0101,data-scientist,data_science,Senior Machine Learning Engineer,Tetra Data Teknologi,Git
JOB_0101,data-scientist,data_science,Senior Machine Learning Engineer,Tetra Data Teknologi,Linux
JOB_0101,data-scientist,data_science,Senior Machine Learning Engineer,Tetra Data Teknologi,Microservices
JOB_0102,data-scientist,data_science,Senior Data Engineer,PT DAPUR SEHAT INDONESIA,Python
JOB_0102,data-scientist,data_science,Senior Data Engineer,PT DAPUR SEHAT INDONESIA,SQL
JOB_0102,data-scientist,data_science,Senior Data Engineer,PT DAPUR SEHAT INDONESIA,R
JOB_0102,data-scientist,data_science,Senior Data Engineer,PT DAPUR SEHAT INDONESIA,BigQuery
JOB_0102,data-scientist,data_science,Senior Data Engineer,PT DAPUR SEHAT INDONESIA,Snowflake
JOB_0102,data-scientist,data_science,Senior Data Engineer,PT DAPUR SEHAT INDONESIA,TypeScript
JOB_0103,data-scientist,data_science,Data Engineer Lead,Kawan Lama Group,Python
JOB_0103,data-scientist,data_science,Data Engineer Lead,Kawan Lama Group,SQL
JOB_0103,data-scientist,data_science,Data Engineer Lead,Kawan Lama Group,Snowflake
JOB_0103,data-scientist,data_science,Data Engineer Lead,Kawan Lama Group,Spark
JOB_0103,data-scientist,data_science,Data Engineer Lead,Kawan Lama Group,Data Modeling
JOB_0103,data-scientist,data_science,Data Engineer Lead,Kawan Lama Group,ETL
JOB_0103,data-scientist,data_science,Data Engineer Lead,Kawan Lama Group,TypeScript
JOB_0103,data-scientist,data_science,Data Engineer Lead,Kawan Lama Group,Docker
JOB_0103,data-scientist,data_science,Data Engineer Lead,Kawan Lama Group,Kubernetes
JOB_0103,data-scientist,data_science,Data Engineer Lead,Kawan Lama Group,AWS
JOB_0103,data-scientist,data_science,Data Engineer Lead,Kawan Lama Group,CI/CD
JOB_0104,data-scientist,data_science,Senior Data Architect,Yayasan Bina Nusantara,SQL
JOB_0104,data-scientist,data_science,Senior Data Architect,Yayasan Bina Nusantara,Data Modeling
JOB_0104,data-scientist,data_science,Senior Data Architect,Yayasan Bina Nusantara,TypeScript
JOB_0105,data-scientist,data_science,IT Finance Data & Analytics Partner,PT Bahari Eka Nusantara (Ben Line Agencies),Power BI
JOB_0105,data-scientist,data_science,IT Finance Data & Analytics Partner,PT Bahari Eka Nusantara (Ben Line Agencies),Excel
JOB_0105,data-scientist,data_science,IT Finance Data & Analytics Partner,PT Bahari Eka Nusantara (Ben Line Agencies),TypeScript
JOB_0106,data-scientist,data_science,ETL Pentaho Developer,PT. BUSINESS ECLOUD INDONESIA INFORMATION TECHNOLOGY,Python
JOB_0106,data-scientist,data_science,ETL Pentaho Developer,PT. BUSINESS ECLOUD INDONESIA INFORMATION TECHNOLOGY,Machine Learning
JOB_0106,data-scientist,data_science,ETL Pentaho Developer,PT. BUSINESS ECLOUD INDONESIA INFORMATION TECHNOLOGY,ETL
JOB_0106,data-scientist,data_science,ETL Pentaho Developer,PT. BUSINESS ECLOUD INDONESIA INFORMATION TECHNOLOGY,HTML
JOB_0106,data-scientist,data_science,ETL Pentaho Developer,PT. BUSINESS ECLOUD INDONESIA INFORMATION TECHNOLOGY,JavaScript
JOB_0106,data-scientist,data_science,ETL Pentaho Developer,PT. BUSINESS ECLOUD INDONESIA INFORMATION TECHNOLOGY,TypeScript
JOB_0106,data-scientist,data_science,ETL Pentaho Developer,PT. BUSINESS ECLOUD INDONESIA INFORMATION TECHNOLOGY,Linux
JOB_0107,data-scientist,data_science,Data Manager,PT Trinusa Travelindo,SQL
JOB_0107,data-scientist,data_science,Data Manager,PT Trinusa Travelindo,Tableau
JOB_0107,data-scientist,data_science,Data Manager,PT Trinusa Travelindo,Excel
JOB_0107,data-scientist,data_science,Data Manager,PT Trinusa Travelindo,Machine Learning
JOB_0107,data-scientist,data_science,Data Manager,PT Trinusa Travelindo,TypeScript
JOB_0107,data-scientist,data_science,Data Manager,PT Trinusa Travelindo,GCP
JOB_0108,data-scientist,data_science,Junior Project Manager – AI & Computer Vision,Pengiklan Anonim,PyTorch
JOB_0109,data-scientist,data_science,Tencent Cloud- Big Data Migration Architect (Indonesia),PT Tencent Technology Indonesia,Python
JOB_0109,data-scientist,data_science,Tencent Cloud- Big Data Migration Architect (Indonesia),PT Tencent Technology Indonesia,SQL
JOB_0109,data-scientist,data_science,Tencent Cloud- Big Data Migration Architect (Indonesia),PT Tencent Technology Indonesia,Excel
JOB_0109,data-scientist,data_science,Tencent Cloud- Big Data Migration Architect (Indonesia),PT Tencent Technology Indonesia,BigQuery
JOB_0109,data-scientist,data_science,Tencent Cloud- Big Data Migration Architect (Indonesia),PT Tencent Technology Indonesia,Snowflake
JOB_0109,data-scientist,data_science,Tencent Cloud- Big Data Migration Architect (Indonesia),PT Tencent Technology Indonesia,Hadoop
JOB_0109,data-scientist,data_science,Tencent Cloud- Big Data Migration Architect (Indonesia),PT Tencent Technology Indonesia,Spark
JOB_0109,data-scientist,data_science,Tencent Cloud- Big Data Migration Architect (Indonesia),PT Tencent Technology Indonesia,TypeScript
JOB_0109,data-scientist,data_science,Tencent Cloud- Big Data Migration Architect (Indonesia),PT Tencent Technology Indonesia,Java
JOB_0110,data-scientist,data_science,Deployment Strategist - Global AI Start Up,PT Michael Page Internasional Indonesia,TypeScript
JOB_0111,data-scientist,data_science,Product Owner,PT Digdaya Duta Digital,Excel
JOB_0111,data-scientist,data_science,Product Owner,PT Digdaya Duta Digital,TypeScript
JOB_0112,data-scientist,data_science,Mathematics,Prime One School,TypeScript
JOB_0113,data-scientist,data_science,Data Centre Solutions – Sales Manager,PT Advancednet Indonesia,TypeScript
JOB_0114,data-scientist,data_science,Timeliness Analyst (Mandarin Speaker),PT Global Yimi Cargo (J&T Cargo),Excel
JOB_0114,data-scientist,data_science,Timeliness Analyst (Mandarin Speaker),PT Global Yimi Cargo (J&T Cargo),TypeScript
JOB_0114,data-scientist,data_science,Timeliness Analyst (Mandarin Speaker),PT Global Yimi Cargo (J&T Cargo),Problem Solving
JOB_0116,data-scientist,data_science,Data Engineer,PT Indocyber Global Teknologi,Python
JOB_0116,data-scientist,data_science,Data Engineer,PT Indocyber Global Teknologi,Tableau
JOB_0116,data-scientist,data_science,Data Engineer,PT Indocyber Global Teknologi,Power BI
JOB_0116,data-scientist,data_science,Data Engineer,PT Indocyber Global Teknologi,ETL
JOB_0116,data-scientist,data_science,Data Engineer,PT Indocyber Global Teknologi,TypeScript
JOB_0116,data-scientist,data_science,Data Engineer,PT Indocyber Global Teknologi,AWS
JOB_0116,data-scientist,data_science,Data Engineer,PT Indocyber Global Teknologi,Azure
JOB_0117,data-scientist,data_science,Data Engineer,PT Graha Karya Informasi,SQL
JOB_0117,data-scientist,data_science,Data Engineer,PT Graha Karya Informasi,PostgreSQL
JOB_0117,data-scientist,data_science,Data Engineer,PT Graha Karya Informasi,BigQuery
JOB_0117,data-scientist,data_science,Data Engineer,PT Graha Karya Informasi,ETL
JOB_0117,data-scientist,data_science,Data Engineer,PT Graha Karya Informasi,TypeScript
JOB_0117,data-scientist,data_science,Data Engineer,PT Graha Karya Informasi,Azure
JOB_0117,data-scientist,data_science,Data Engineer,PT Graha Karya Informasi,Agile/Scrum
JOB_0118,data-scientist,data_science,Data Analyst ( Mandarin Speaker),"PT Kirana Megatara, Tbk (Triputra Group)",Excel
JOB_0118,data-scientist,data_science,Data Analyst ( Mandarin Speaker),"PT Kirana Megatara, Tbk (Triputra Group)",TypeScript
JOB_0118,data-scientist,data_science,Data Analyst ( Mandarin Speaker),"PT Kirana Megatara, Tbk (Triputra Group)",Problem Solving
JOB_0119,data-scientist,data_science,Data Engineer,PT Kencana Taraswin Indonesia,Python
JOB_0119,data-scientist,data_science,Data Engineer,PT Kencana Taraswin Indonesia,SQL
JOB_0119,data-scientist,data_science,Data Engineer,PT Kencana Taraswin Indonesia,PostgreSQL
JOB_0119,data-scientist,data_science,Data Engineer,PT Kencana Taraswin Indonesia,MySQL
JOB_0119,data-scientist,data_science,Data Engineer,PT Kencana Taraswin Indonesia,Excel
JOB_0119,data-scientist,data_science,Data Engineer,PT Kencana Taraswin Indonesia,BigQuery
JOB_0119,data-scientist,data_science,Data Engineer,PT Kencana Taraswin Indonesia,Snowflake
JOB_0119,data-scientist,data_science,Data Engineer,PT Kencana Taraswin Indonesia,Data Modeling
JOB_0119,data-scientist,data_science,Data Engineer,PT Kencana Taraswin Indonesia,ETL
JOB_0119,data-scientist,data_science,Data Engineer,PT Kencana Taraswin Indonesia,TypeScript
JOB_0119,data-scientist,data_science,Data Engineer,PT Kencana Taraswin Indonesia,REST API
JOB_0120,data-scientist,data_science,"Cloud Consultant, Data Analytics, Google Cloud (Bahasa)",Google,Python
JOB_0120,data-scientist,data_science,"Cloud Consultant, Data Analytics, Google Cloud (Bahasa)",Google,SQL
JOB_0120,data-scientist,data_science,"Cloud Consultant, Data Analytics, Google Cloud (Bahasa)",Google,PostgreSQL
JOB_0120,data-scientist,data_science,"Cloud Consultant, Data Analytics, Google Cloud (Bahasa)",Google,MySQL
JOB_0120,data-scientist,data_science,"Cloud Consultant, Data Analytics, Google Cloud (Bahasa)",Google,MongoDB
JOB_0120,data-scientist,data_science,"Cloud Consultant, Data Analytics, Google Cloud (Bahasa)",Google,Excel
JOB_0120,data-scientist,data_science,"Cloud Consultant, Data Analytics, Google Cloud (Bahasa)",Google,Hadoop
JOB_0120,data-scientist,data_science,"Cloud Consultant, Data Analytics, Google Cloud (Bahasa)",Google,Spark
JOB_0120,data-scientist,data_science,"Cloud Consultant, Data Analytics, Google Cloud (Bahasa)",Google,Data Modeling
JOB_0120,data-scientist,data_science,"Cloud Consultant, Data Analytics, Google Cloud (Bahasa)",Google,JavaScript
JOB_0120,data-scientist,data_science,"Cloud Consultant, Data Analytics, Google Cloud (Bahasa)",Google,TypeScript
JOB_0120,data-scientist,data_science,"Cloud Consultant, Data Analytics, Google Cloud (Bahasa)",Google,Golang
JOB_0120,data-scientist,data_science,"Cloud Consultant, Data Analytics, Google Cloud (Bahasa)",Google,Java
JOB_0120,data-scientist,data_science,"Cloud Consultant, Data Analytics, Google Cloud (Bahasa)",Google,GCP
JOB_0121,data-scientist,data_science,DATA ENGINEER STAFF,PT Sarwa Manggalla Raya,Python
JOB_0121,data-scientist,data_science,DATA ENGINEER STAFF,PT Sarwa Manggalla Raya,SQL
JOB_0121,data-scientist,data_science,DATA ENGINEER STAFF,PT Sarwa Manggalla Raya,PostgreSQL
JOB_0121,data-scientist,data_science,DATA ENGINEER STAFF,PT Sarwa Manggalla Raya,MySQL
JOB_0121,data-scientist,data_science,DATA ENGINEER STAFF,PT Sarwa Manggalla Raya,Power BI
JOB_0121,data-scientist,data_science,DATA ENGINEER STAFF,PT Sarwa Manggalla Raya,Excel
JOB_0121,data-scientist,data_science,DATA ENGINEER STAFF,PT Sarwa Manggalla Raya,ETL
JOB_0122,data-scientist,data_science,Data Engineer,PT IDStar Cipta Teknologi,SQL
JOB_0122,data-scientist,data_science,Data Engineer,PT IDStar Cipta Teknologi,Machine Learning
JOB_0122,data-scientist,data_science,Data Engineer,PT IDStar Cipta Teknologi,BigQuery
JOB_0122,data-scientist,data_science,Data Engineer,PT IDStar Cipta Teknologi,Data Modeling
JOB_0122,data-scientist,data_science,Data Engineer,PT IDStar Cipta Teknologi,ETL
JOB_0122,data-scientist,data_science,Data Engineer,PT IDStar Cipta Teknologi,TypeScript
JOB_0122,data-scientist,data_science,Data Engineer,PT IDStar Cipta Teknologi,GCP
JOB_0123,data-scientist,data_science,AI Engineer,Pengiklan Anonim,Python
JOB_0123,data-scientist,data_science,AI Engineer,Pengiklan Anonim,Machine Learning
JOB_0123,data-scientist,data_science,AI Engineer,Pengiklan Anonim,TypeScript
JOB_0124,data-scientist,data_science,AI Engineer,PT Graha Karya Informasi,Python
JOB_0124,data-scientist,data_science,AI Engineer,PT Graha Karya Informasi,Machine Learning
JOB_0124,data-scientist,data_science,AI Engineer,PT Graha Karya Informasi,TensorFlow
JOB_0124,data-scientist,data_science,AI Engineer,PT Graha Karya Informasi,PyTorch
JOB_0124,data-scientist,data_science,AI Engineer,PT Graha Karya Informasi,TypeScript
JOB_0124,data-scientist,data_science,AI Engineer,PT Graha Karya Informasi,REST API
JOB_0124,data-scientist,data_science,AI Engineer,PT Graha Karya Informasi,Docker
JOB_0124,data-scientist,data_science,AI Engineer,PT Graha Karya Informasi,Kubernetes
JOB_0124,data-scientist,data_science,AI Engineer,PT Graha Karya Informasi,AWS
JOB_0124,data-scientist,data_science,AI Engineer,PT Graha Karya Informasi,GCP
JOB_0124,data-scientist,data_science,AI Engineer,PT Graha Karya Informasi,Azure
JOB_0124,data-scientist,data_science,AI Engineer,PT Graha Karya Informasi,CI/CD
JOB_0124,data-scientist,data_science,AI Engineer,PT Graha Karya Informasi,Microservices
JOB_0125,data-scientist,data_science,Artificial Intelligence Engineer,PT Mitra Solusi Telematika,Python
JOB_0125,data-scientist,data_science,Artificial Intelligence Engineer,PT Mitra Solusi Telematika,Excel
JOB_0125,data-scientist,data_science,Artificial Intelligence Engineer,PT Mitra Solusi Telematika,Machine Learning
JOB_0125,data-scientist,data_science,Artificial Intelligence Engineer,PT Mitra Solusi Telematika,JavaScript
JOB_0125,data-scientist,data_science,Artificial Intelligence Engineer,PT Mitra Solusi Telematika,TypeScript
JOB_0125,data-scientist,data_science,Artificial Intelligence Engineer,PT Mitra Solusi Telematika,React.js
JOB_0125,data-scientist,data_science,Artificial Intelligence Engineer,PT Mitra Solusi Telematika,Node.js
JOB_0125,data-scientist,data_science,Artificial Intelligence Engineer,PT Mitra Solusi Telematika,REST API
JOB_0125,data-scientist,data_science,Artificial Intelligence Engineer,PT Mitra Solusi Telematika,Docker
JOB_0125,data-scientist,data_science,Artificial Intelligence Engineer,PT Mitra Solusi Telematika,Kubernetes
JOB_0125,data-scientist,data_science,Artificial Intelligence Engineer,PT Mitra Solusi Telematika,AWS
JOB_0125,data-scientist,data_science,Artificial Intelligence Engineer,PT Mitra Solusi Telematika,Azure
JOB_0125,data-scientist,data_science,Artificial Intelligence Engineer,PT Mitra Solusi Telematika,CI/CD
JOB_0126,data-scientist,data_science,Data Analyst ( Head Level),Pengiklan Anonim,Python
JOB_0126,data-scientist,data_science,Data Analyst ( Head Level),Pengiklan Anonim,R
JOB_0126,data-scientist,data_science,Data Analyst ( Head Level),Pengiklan Anonim,Excel
JOB_0126,data-scientist,data_science,Data Analyst ( Head Level),Pengiklan Anonim,TypeScript
JOB_0126,data-scientist,data_science,Data Analyst ( Head Level),Pengiklan Anonim,REST API
JOB_0126,data-scientist,data_science,Data Analyst ( Head Level),Pengiklan Anonim,Problem Solving
JOB_0127,data-scientist,data_science,AI Engineer,ADR Group Of Companies (PT Selamat Sempurna Tbk.),Machine Learning
JOB_0128,data-scientist,data_science,Artificial Intellegence (AI) Specialist,PT Allure Alluminio,Excel
JOB_0128,data-scientist,data_science,Artificial Intellegence (AI) Specialist,PT Allure Alluminio,TypeScript
JOB_0130,data-scientist,data_science,AI Engineer,PT JELAJAH DATA SEMESTA,Python
JOB_0130,data-scientist,data_science,AI Engineer,PT JELAJAH DATA SEMESTA,Machine Learning
JOB_0130,data-scientist,data_science,AI Engineer,PT JELAJAH DATA SEMESTA,Deep Learning
JOB_0130,data-scientist,data_science,AI Engineer,PT JELAJAH DATA SEMESTA,TensorFlow
JOB_0130,data-scientist,data_science,AI Engineer,PT JELAJAH DATA SEMESTA,PyTorch
JOB_0130,data-scientist,data_science,AI Engineer,PT JELAJAH DATA SEMESTA,TypeScript
JOB_0130,data-scientist,data_science,AI Engineer,PT JELAJAH DATA SEMESTA,Docker
JOB_0130,data-scientist,data_science,AI Engineer,PT JELAJAH DATA SEMESTA,Linux
JOB_0131,data-scientist,data_science,Product Specialist,PT. Berca Hardayaperkasa,TypeScript
JOB_0132,data-scientist,data_science,IT AI engineer - Medical Equipment - Jakarta (B-130289),RGF HR Agent Indonesia,TypeScript
JOB_0133,data-scientist,data_science,Python Developer - Django (Experienced),PT Hashmicro Solusi Indonesia,Python
JOB_0133,data-scientist,data_science,Python Developer - Django (Experienced),PT Hashmicro Solusi Indonesia,PostgreSQL
JOB_0133,data-scientist,data_science,Python Developer - Django (Experienced),PT Hashmicro Solusi Indonesia,Excel
JOB_0133,data-scientist,data_science,Python Developer - Django (Experienced),PT Hashmicro Solusi Indonesia,TypeScript
JOB_0133,data-scientist,data_science,Python Developer - Django (Experienced),PT Hashmicro Solusi Indonesia,Golang
JOB_0133,data-scientist,data_science,Python Developer - Django (Experienced),PT Hashmicro Solusi Indonesia,Django
JOB_0133,data-scientist,data_science,Python Developer - Django (Experienced),PT Hashmicro Solusi Indonesia,REST API
JOB_0133,data-scientist,data_science,Python Developer - Django (Experienced),PT Hashmicro Solusi Indonesia,Microservices
JOB_0134,data-scientist,data_science,AI Engineer,PT ILOGO INFRALOGY,SQL
JOB_0134,data-scientist,data_science,AI Engineer,PT ILOGO INFRALOGY,PostgreSQL
JOB_0134,data-scientist,data_science,AI Engineer,PT ILOGO INFRALOGY,MySQL
JOB_0134,data-scientist,data_science,AI Engineer,PT ILOGO INFRALOGY,Data Modeling
JOB_0134,data-scientist,data_science,AI Engineer,PT ILOGO INFRALOGY,JavaScript
JOB_0134,data-scientist,data_science,AI Engineer,PT ILOGO INFRALOGY,TypeScript
JOB_0134,data-scientist,data_science,AI Engineer,PT ILOGO INFRALOGY,React.js
JOB_0134,data-scientist,data_science,AI Engineer,PT ILOGO INFRALOGY,Next.js
JOB_0134,data-scientist,data_science,AI Engineer,PT ILOGO INFRALOGY,Vue.js
JOB_0134,data-scientist,data_science,AI Engineer,PT ILOGO INFRALOGY,Svelte
JOB_0134,data-scientist,data_science,AI Engineer,PT ILOGO INFRALOGY,Golang
JOB_0134,data-scientist,data_science,AI Engineer,PT ILOGO INFRALOGY,REST API
JOB_0134,data-scientist,data_science,AI Engineer,PT ILOGO INFRALOGY,GraphQL
JOB_0134,data-scientist,data_science,AI Engineer,PT ILOGO INFRALOGY,Docker
JOB_0134,data-scientist,data_science,AI Engineer,PT ILOGO INFRALOGY,CI/CD
JOB_0134,data-scientist,data_science,AI Engineer,PT ILOGO INFRALOGY,Git
JOB_0134,data-scientist,data_science,AI Engineer,PT ILOGO INFRALOGY,Microservices
JOB_0135,data-scientist,data_science,AI Expert,PT Eka Jaya Internasional,Python
JOB_0135,data-scientist,data_science,AI Expert,PT Eka Jaya Internasional,SQL
JOB_0135,data-scientist,data_science,AI Expert,PT Eka Jaya Internasional,Machine Learning
JOB_0135,data-scientist,data_science,AI Expert,PT Eka Jaya Internasional,TypeScript
JOB_0135,data-scientist,data_science,AI Expert,PT Eka Jaya Internasional,REST API
JOB_0135,data-scientist,data_science,AI Expert,PT Eka Jaya Internasional,AWS
JOB_0135,data-scientist,data_science,AI Expert,PT Eka Jaya Internasional,GCP
JOB_0135,data-scientist,data_science,AI Expert,PT Eka Jaya Internasional,Azure
JOB_0136,data-scientist,data_science,Data Engineer,Dorskin_id,Python
JOB_0136,data-scientist,data_science,Data Engineer,Dorskin_id,SQL
JOB_0136,data-scientist,data_science,Data Engineer,Dorskin_id,REST API
JOB_0137,data-scientist,data_science,Brand Marketing Analyst,PT. Karya Nuansa Bahagia,Excel
JOB_0137,data-scientist,data_science,Brand Marketing Analyst,PT. Karya Nuansa Bahagia,TypeScript
JOB_0137,data-scientist,data_science,Brand Marketing Analyst,PT. Karya Nuansa Bahagia,Golang
JOB_0138,data-scientist,data_science,AI Workflow Engineer (Developer),PT Sinar Jernih Suksesindo,Python
JOB_0138,data-scientist,data_science,AI Workflow Engineer (Developer),PT Sinar Jernih Suksesindo,SQL
JOB_0138,data-scientist,data_science,AI Workflow Engineer (Developer),PT Sinar Jernih Suksesindo,MySQL
JOB_0138,data-scientist,data_science,AI Workflow Engineer (Developer),PT Sinar Jernih Suksesindo,Machine Learning
JOB_0138,data-scientist,data_science,AI Workflow Engineer (Developer),PT Sinar Jernih Suksesindo,Java
JOB_0138,data-scientist,data_science,AI Workflow Engineer (Developer),PT Sinar Jernih Suksesindo,REST API
JOB_0138,data-scientist,data_science,AI Workflow Engineer (Developer),PT Sinar Jernih Suksesindo,Agile/Scrum
JOB_0139,data-scientist,data_science,Applied AI,COMBIPHAR Group,Machine Learning
JOB_0139,data-scientist,data_science,Applied AI,COMBIPHAR Group,TypeScript
JOB_0139,data-scientist,data_science,Applied AI,COMBIPHAR Group,Problem Solving
JOB_0140,data-scientist,data_science,Business Intelligence Engineer,PT Kencana Taraswin Indonesia,SQL
JOB_0140,data-scientist,data_science,Business Intelligence Engineer,PT Kencana Taraswin Indonesia,Tableau
JOB_0140,data-scientist,data_science,Business Intelligence Engineer,PT Kencana Taraswin Indonesia,Power BI
JOB_0140,data-scientist,data_science,Business Intelligence Engineer,PT Kencana Taraswin Indonesia,Data Modeling
JOB_0140,data-scientist,data_science,Business Intelligence Engineer,PT Kencana Taraswin Indonesia,TypeScript
JOB_0140,data-scientist,data_science,Business Intelligence Engineer,PT Kencana Taraswin Indonesia,Agile/Scrum
JOB_0142,data-scientist,data_science,"Salesforce Data Analysis Manager, APAC",LIXIL INTERNATIONAL (Korn Ferry),Tableau
JOB_0142,data-scientist,data_science,"Salesforce Data Analysis Manager, APAC",LIXIL INTERNATIONAL (Korn Ferry),TypeScript
JOB_0142,data-scientist,data_science,"Salesforce Data Analysis Manager, APAC",LIXIL INTERNATIONAL (Korn Ferry),Golang
JOB_0143,data-scientist,data_science,Credit Scoring Officer,PT KB Finansia Multi Finance,Python
JOB_0143,data-scientist,data_science,Credit Scoring Officer,PT KB Finansia Multi Finance,SQL
JOB_0143,data-scientist,data_science,Credit Scoring Officer,PT KB Finansia Multi Finance,R
JOB_0143,data-scientist,data_science,Credit Scoring Officer,PT KB Finansia Multi Finance,Machine Learning
JOB_0143,data-scientist,data_science,Credit Scoring Officer,PT KB Finansia Multi Finance,CSS
JOB_0144,data-scientist,data_science,IT Security Engineer,Deep Symbolics Indonesia,Python
JOB_0144,data-scientist,data_science,IT Security Engineer,Deep Symbolics Indonesia,Machine Learning
JOB_0144,data-scientist,data_science,IT Security Engineer,Deep Symbolics Indonesia,TypeScript
JOB_0144,data-scientist,data_science,IT Security Engineer,Deep Symbolics Indonesia,Golang
JOB_0144,data-scientist,data_science,IT Security Engineer,Deep Symbolics Indonesia,Kubernetes
JOB_0144,data-scientist,data_science,IT Security Engineer,Deep Symbolics Indonesia,AWS
JOB_0144,data-scientist,data_science,IT Security Engineer,Deep Symbolics Indonesia,GCP
JOB_0144,data-scientist,data_science,IT Security Engineer,Deep Symbolics Indonesia,Azure
JOB_0144,data-scientist,data_science,IT Security Engineer,Deep Symbolics Indonesia,CI/CD
JOB_0144,data-scientist,data_science,IT Security Engineer,Deep Symbolics Indonesia,Linux
JOB_0147,data-scientist,data_science,AI Engineer,PT CARSURIN Tbk,Python
JOB_0147,data-scientist,data_science,AI Engineer,PT CARSURIN Tbk,TypeScript
JOB_0148,data-scientist,data_science,Project Manager,PT Neural Technologies Integrated Solutions,Excel
JOB_0148,data-scientist,data_science,Project Manager,PT Neural Technologies Integrated Solutions,Machine Learning
JOB_0148,data-scientist,data_science,Project Manager,PT Neural Technologies Integrated Solutions,TypeScript
JOB_0149,data-scientist,data_science,FINANCE PROJECT DATA ANALYST,PT RAPIK KARYA MANDIRI,Power BI
JOB_0149,data-scientist,data_science,FINANCE PROJECT DATA ANALYST,PT RAPIK KARYA MANDIRI,Excel
JOB_0149,data-scientist,data_science,FINANCE PROJECT DATA ANALYST,PT RAPIK KARYA MANDIRI,TypeScript
JOB_0150,data-scientist,data_science,Metrodata Data Camp,"PT. Metrodata Electronics, Tbk",SQL
JOB_0150,data-scientist,data_science,Metrodata Data Camp,"PT. Metrodata Electronics, Tbk",TypeScript
JOB_0151,data-scientist,data_science,Product Owner,Stanford Teknologi Indonesia,Excel
JOB_0151,data-scientist,data_science,Product Owner,Stanford Teknologi Indonesia,TypeScript
JOB_0151,data-scientist,data_science,Product Owner,Stanford Teknologi Indonesia,Figma
JOB_0151,data-scientist,data_science,Product Owner,Stanford Teknologi Indonesia,Agile/Scrum
JOB_0152,data-scientist,data_science,Associate Data Quality Officer,PT CRIF Lembaga Informasi Keuangan,SQL
JOB_0152,data-scientist,data_science,Associate Data Quality Officer,PT CRIF Lembaga Informasi Keuangan,TypeScript
JOB_0153,data-scientist,data_science,Pharmacy Activation Data Intern,Danone Indonesia,Power BI
JOB_0153,data-scientist,data_science,Pharmacy Activation Data Intern,Danone Indonesia,Excel
JOB_0153,data-scientist,data_science,Pharmacy Activation Data Intern,Danone Indonesia,TypeScript
JOB_0154,data-scientist,data_science,Data Engineering,PT Bina Artha Ventura,SQL
JOB_0154,data-scientist,data_science,Data Engineering,PT Bina Artha Ventura,PostgreSQL
JOB_0154,data-scientist,data_science,Data Engineering,PT Bina Artha Ventura,MySQL
JOB_0154,data-scientist,data_science,Data Engineering,PT Bina Artha Ventura,TypeScript
JOB_0154,data-scientist,data_science,Data Engineering,PT Bina Artha Ventura,AWS
JOB_0154,data-scientist,data_science,Data Engineering,PT Bina Artha Ventura,GCP
JOB_0154,data-scientist,data_science,Data Engineering,PT Bina Artha Ventura,Azure
JOB_0154,data-scientist,data_science,Data Engineering,PT Bina Artha Ventura,Agile/Scrum
JOB_0155,data-scientist,data_science,Middle AI Engineer,PT Fata Organa Solusi,Python
JOB_0155,data-scientist,data_science,Middle AI Engineer,PT Fata Organa Solusi,SQL
JOB_0155,data-scientist,data_science,Middle AI Engineer,PT Fata Organa Solusi,PostgreSQL
JOB_0155,data-scientist,data_science,Middle AI Engineer,PT Fata Organa Solusi,MySQL
JOB_0155,data-scientist,data_science,Middle AI Engineer,PT Fata Organa Solusi,Excel
JOB_0155,data-scientist,data_science,Middle AI Engineer,PT Fata Organa Solusi,Machine Learning
JOB_0155,data-scientist,data_science,Middle AI Engineer,PT Fata Organa Solusi,TensorFlow
JOB_0155,data-scientist,data_science,Middle AI Engineer,PT Fata Organa Solusi,PyTorch
JOB_0155,data-scientist,data_science,Middle AI Engineer,PT Fata Organa Solusi,Scikit-Learn
JOB_0155,data-scientist,data_science,Middle AI Engineer,PT Fata Organa Solusi,JavaScript
JOB_0155,data-scientist,data_science,Middle AI Engineer,PT Fata Organa Solusi,TypeScript
JOB_0155,data-scientist,data_science,Middle AI Engineer,PT Fata Organa Solusi,FastAPI
JOB_0155,data-scientist,data_science,Middle AI Engineer,PT Fata Organa Solusi,REST API
JOB_0155,data-scientist,data_science,Middle AI Engineer,PT Fata Organa Solusi,Docker
JOB_0155,data-scientist,data_science,Middle AI Engineer,PT Fata Organa Solusi,AWS
JOB_0155,data-scientist,data_science,Middle AI Engineer,PT Fata Organa Solusi,GCP
JOB_0155,data-scientist,data_science,Middle AI Engineer,PT Fata Organa Solusi,Azure
JOB_0155,data-scientist,data_science,Middle AI Engineer,PT Fata Organa Solusi,Git
JOB_0156,data-scientist,data_science,AI/ML Engineer - Jakarta - WFO,PT PERSOL RECRUITMENT INDONESIA,Machine Learning
JOB_0156,data-scientist,data_science,AI/ML Engineer - Jakarta - WFO,PT PERSOL RECRUITMENT INDONESIA,TypeScript
JOB_0156,data-scientist,data_science,AI/ML Engineer - Jakarta - WFO,PT PERSOL RECRUITMENT INDONESIA,Next.js
JOB_0156,data-scientist,data_science,AI/ML Engineer - Jakarta - WFO,PT PERSOL RECRUITMENT INDONESIA,FastAPI
JOB_0156,data-scientist,data_science,AI/ML Engineer - Jakarta - WFO,PT PERSOL RECRUITMENT INDONESIA,REST API
JOB_0156,data-scientist,data_science,AI/ML Engineer - Jakarta - WFO,PT PERSOL RECRUITMENT INDONESIA,AWS
JOB_0156,data-scientist,data_science,AI/ML Engineer - Jakarta - WFO,PT PERSOL RECRUITMENT INDONESIA,GCP
JOB_0156,data-scientist,data_science,AI/ML Engineer - Jakarta - WFO,PT PERSOL RECRUITMENT INDONESIA,Azure
JOB_0157,data-scientist,data_science,Software Integration Analyst,B2BE GSS Sdn Bhd,TypeScript
JOB_0157,data-scientist,data_science,Software Integration Analyst,B2BE GSS Sdn Bhd,Java
JOB_0159,data-scientist,data_science,REPORTING AND DATA ANALYST,Kanmo Group,Python
JOB_0159,data-scientist,data_science,REPORTING AND DATA ANALYST,Kanmo Group,SQL
JOB_0159,data-scientist,data_science,REPORTING AND DATA ANALYST,Kanmo Group,Power BI
JOB_0159,data-scientist,data_science,REPORTING AND DATA ANALYST,Kanmo Group,ETL
JOB_0159,data-scientist,data_science,REPORTING AND DATA ANALYST,Kanmo Group,TypeScript
JOB_0160,data-scientist,data_science,Product Owner,Stanford Teknologi Indonesia,TypeScript
JOB_0160,data-scientist,data_science,Product Owner,Stanford Teknologi Indonesia,Agile/Scrum
JOB_0161,data-analyst,data_science,Data Analyst,Brilliant Think Center,Python
JOB_0161,data-analyst,data_science,Data Analyst,Brilliant Think Center,SQL
JOB_0161,data-analyst,data_science,Data Analyst,Brilliant Think Center,R
JOB_0161,data-analyst,data_science,Data Analyst,Brilliant Think Center,Excel
JOB_0161,data-analyst,data_science,Data Analyst,Brilliant Think Center,TypeScript
JOB_0162,data-analyst,data_science,Staff Data Analyst,PT Mensana Aneka Satwa,Tableau
JOB_0162,data-analyst,data_science,Staff Data Analyst,PT Mensana Aneka Satwa,Power BI
JOB_0162,data-analyst,data_science,Staff Data Analyst,PT Mensana Aneka Satwa,Excel
JOB_0163,data-analyst,data_science,QUALITY DATA ANALYST,PT Pesta Pora Abadi,Tableau
JOB_0163,data-analyst,data_science,QUALITY DATA ANALYST,PT Pesta Pora Abadi,Power BI
JOB_0163,data-analyst,data_science,QUALITY DATA ANALYST,PT Pesta Pora Abadi,Excel
JOB_0164,data-analyst,data_science,Data Analyst,Jago Coffee,Python
JOB_0164,data-analyst,data_science,Data Analyst,Jago Coffee,SQL
JOB_0164,data-analyst,data_science,Data Analyst,Jago Coffee,Excel
JOB_0164,data-analyst,data_science,Data Analyst,Jago Coffee,TypeScript
JOB_0164,data-analyst,data_science,Data Analyst,Jago Coffee,Golang
JOB_0165,data-analyst,data_science,Supervisor Data Analyst,PT Indako Trading Coy,SQL
JOB_0165,data-analyst,data_science,Supervisor Data Analyst,PT Indako Trading Coy,Power BI
JOB_0165,data-analyst,data_science,Supervisor Data Analyst,PT Indako Trading Coy,Problem Solving
JOB_0166,data-analyst,data_science,DATA ANALYST,PT Mitra Saruta Indonesia,SQL
JOB_0166,data-analyst,data_science,DATA ANALYST,PT Mitra Saruta Indonesia,Tableau
JOB_0166,data-analyst,data_science,DATA ANALYST,PT Mitra Saruta Indonesia,Power BI
JOB_0166,data-analyst,data_science,DATA ANALYST,PT Mitra Saruta Indonesia,Excel
JOB_0166,data-analyst,data_science,DATA ANALYST,PT Mitra Saruta Indonesia,TypeScript
JOB_0166,data-analyst,data_science,DATA ANALYST,PT Mitra Saruta Indonesia,Problem Solving
JOB_0167,data-analyst,data_science,Data Analyst,PT Bersaudara Inti Corpora,Python
JOB_0167,data-analyst,data_science,Data Analyst,PT Bersaudara Inti Corpora,SQL
JOB_0167,data-analyst,data_science,Data Analyst,PT Bersaudara Inti Corpora,R
JOB_0167,data-analyst,data_science,Data Analyst,PT Bersaudara Inti Corpora,Power BI
JOB_0167,data-analyst,data_science,Data Analyst,PT Bersaudara Inti Corpora,Excel
JOB_0167,data-analyst,data_science,Data Analyst,PT Bersaudara Inti Corpora,Machine Learning
JOB_0167,data-analyst,data_science,Data Analyst,PT Bersaudara Inti Corpora,TypeScript
JOB_0168,data-analyst,data_science,Data Analyst,PT LANGGENG SUKSES ABADI TEKHNOLOGI,Python
JOB_0168,data-analyst,data_science,Data Analyst,PT LANGGENG SUKSES ABADI TEKHNOLOGI,SQL
JOB_0168,data-analyst,data_science,Data Analyst,PT LANGGENG SUKSES ABADI TEKHNOLOGI,PostgreSQL
JOB_0168,data-analyst,data_science,Data Analyst,PT LANGGENG SUKSES ABADI TEKHNOLOGI,MySQL
JOB_0168,data-analyst,data_science,Data Analyst,PT LANGGENG SUKSES ABADI TEKHNOLOGI,Power BI
JOB_0168,data-analyst,data_science,Data Analyst,PT LANGGENG SUKSES ABADI TEKHNOLOGI,Excel
JOB_0168,data-analyst,data_science,Data Analyst,PT LANGGENG SUKSES ABADI TEKHNOLOGI,BigQuery
JOB_0168,data-analyst,data_science,Data Analyst,PT LANGGENG SUKSES ABADI TEKHNOLOGI,Data Modeling
JOB_0168,data-analyst,data_science,Data Analyst,PT LANGGENG SUKSES ABADI TEKHNOLOGI,ETL
JOB_0168,data-analyst,data_science,Data Analyst,PT LANGGENG SUKSES ABADI TEKHNOLOGI,TypeScript
JOB_0168,data-analyst,data_science,Data Analyst,PT LANGGENG SUKSES ABADI TEKHNOLOGI,REST API
JOB_0169,data-analyst,data_science,Data Analyst Revenue Staff,Taman Safari Indonesia,Excel
JOB_0170,data-analyst,data_science,Data Analyst,Pengiklan Anonim,SQL
JOB_0170,data-analyst,data_science,Data Analyst,Pengiklan Anonim,Tableau
JOB_0170,data-analyst,data_science,Data Analyst,Pengiklan Anonim,Power BI
JOB_0170,data-analyst,data_science,Data Analyst,Pengiklan Anonim,Excel
JOB_0171,data-analyst,data_science,Data Analyst,PT Nusantara Sakti Group (JAKARTA),SQL
JOB_0171,data-analyst,data_science,Data Analyst,PT Nusantara Sakti Group (JAKARTA),Power BI
JOB_0171,data-analyst,data_science,Data Analyst,PT Nusantara Sakti Group (JAKARTA),Excel
JOB_0171,data-analyst,data_science,Data Analyst,PT Nusantara Sakti Group (JAKARTA),Problem Solving
JOB_0172,data-analyst,data_science,Data Analyst Staff,Orang Tua Group,SQL
JOB_0173,data-analyst,data_science,Data Analyst (Retail Groceries),PT. LIPPO KARAWACI TBK,Python
JOB_0173,data-analyst,data_science,Data Analyst (Retail Groceries),PT. LIPPO KARAWACI TBK,Power BI
JOB_0173,data-analyst,data_science,Data Analyst (Retail Groceries),PT. LIPPO KARAWACI TBK,TypeScript
JOB_0174,data-analyst,data_science,Growth Analyst,Jago Coffee,SQL
JOB_0174,data-analyst,data_science,Growth Analyst,Jago Coffee,Excel
JOB_0174,data-analyst,data_science,Growth Analyst,Jago Coffee,TypeScript
JOB_0174,data-analyst,data_science,Growth Analyst,Jago Coffee,Golang
JOB_0175,data-analyst,data_science,Data Analyst Staff (Bali Jakarta Surabaya),PT Pantja Artha Niaga,Excel
JOB_0175,data-analyst,data_science,Data Analyst Staff (Bali Jakarta Surabaya),PT Pantja Artha Niaga,TypeScript
JOB_0176,data-analyst,data_science,Data Analyst - Cost Management Logistik,PT JET TRANSPORT SERVICES,Tableau
JOB_0176,data-analyst,data_science,Data Analyst - Cost Management Logistik,PT JET TRANSPORT SERVICES,Power BI
JOB_0176,data-analyst,data_science,Data Analyst - Cost Management Logistik,PT JET TRANSPORT SERVICES,Excel
JOB_0176,data-analyst,data_science,Data Analyst - Cost Management Logistik,PT JET TRANSPORT SERVICES,TypeScript
JOB_0176,data-analyst,data_science,Data Analyst - Cost Management Logistik,PT JET TRANSPORT SERVICES,Problem Solving
JOB_0177,data-analyst,data_science,Junior Analyst (Project),sns.ac,Excel
JOB_0178,data-analyst,data_science,"Interns (Data Analyst Intern, Digital Media Intern, IT Intern)",PT Himalaya Wellness Indonesia,Excel
JOB_0178,data-analyst,data_science,"Interns (Data Analyst Intern, Digital Media Intern, IT Intern)",PT Himalaya Wellness Indonesia,TypeScript
JOB_0179,data-analyst,data_science,Junior Analyst,PT ACE INDEX IDN,TypeScript
JOB_0180,data-analyst,data_science,Data Analyst,PT Gudang Kripto Indonesia,Python
JOB_0180,data-analyst,data_science,Data Analyst,PT Gudang Kripto Indonesia,SQL
JOB_0180,data-analyst,data_science,Data Analyst,PT Gudang Kripto Indonesia,R
JOB_0180,data-analyst,data_science,Data Analyst,PT Gudang Kripto Indonesia,Tableau
JOB_0180,data-analyst,data_science,Data Analyst,PT Gudang Kripto Indonesia,Power BI
JOB_0180,data-analyst,data_science,Data Analyst,PT Gudang Kripto Indonesia,Excel
JOB_0180,data-analyst,data_science,Data Analyst,PT Gudang Kripto Indonesia,TypeScript
JOB_0181,data-analyst,data_science,Associate Data Planning Analyst,PT Indocater,Excel
JOB_0182,data-analyst,data_science,Product Analyst,PT Tjitra Selaras Sampoerno,TypeScript
JOB_0183,data-analyst,data_science,Corporate Planning Staff,PT Masmindo Dwi Area,Excel
JOB_0183,data-analyst,data_science,Corporate Planning Staff,PT Masmindo Dwi Area,TypeScript
JOB_0184,data-analyst,data_science,Finance Data Analyst,PT Propan Raya Industrial Coating Chemicals,Excel
JOB_0185,data-analyst,data_science,Jr. Specialist Data Stewards,"PT Bank Permata, Tbk",Excel
JOB_0185,data-analyst,data_science,Jr. Specialist Data Stewards,"PT Bank Permata, Tbk",TypeScript
JOB_0186,data-analyst,data_science,Master Data Engineer (Analyst),Abrihet Teknobalhar Informa,SQL
JOB_0186,data-analyst,data_science,Master Data Engineer (Analyst),Abrihet Teknobalhar Informa,Power BI
JOB_0186,data-analyst,data_science,Master Data Engineer (Analyst),Abrihet Teknobalhar Informa,Excel
JOB_0186,data-analyst,data_science,Master Data Engineer (Analyst),Abrihet Teknobalhar Informa,ETL
JOB_0186,data-analyst,data_science,Master Data Engineer (Analyst),Abrihet Teknobalhar Informa,TypeScript
JOB_0186,data-analyst,data_science,Master Data Engineer (Analyst),Abrihet Teknobalhar Informa,Java
JOB_0186,data-analyst,data_science,Master Data Engineer (Analyst),Abrihet Teknobalhar Informa,Azure
JOB_0187,data-analyst,data_science,Data Engineer,TUNTUN SEKURITAS INDONESIA,Python
JOB_0187,data-analyst,data_science,Data Engineer,TUNTUN SEKURITAS INDONESIA,SQL
JOB_0187,data-analyst,data_science,Data Engineer,TUNTUN SEKURITAS INDONESIA,Machine Learning
JOB_0187,data-analyst,data_science,Data Engineer,TUNTUN SEKURITAS INDONESIA,Data Modeling
JOB_0187,data-analyst,data_science,Data Engineer,TUNTUN SEKURITAS INDONESIA,ETL
JOB_0187,data-analyst,data_science,Data Engineer,TUNTUN SEKURITAS INDONESIA,HTML
JOB_0187,data-analyst,data_science,Data Engineer,TUNTUN SEKURITAS INDONESIA,TypeScript
JOB_0187,data-analyst,data_science,Data Engineer,TUNTUN SEKURITAS INDONESIA,Java
JOB_0187,data-analyst,data_science,Data Engineer,TUNTUN SEKURITAS INDONESIA,REST API
JOB_0188,data-analyst,data_science,Digital Business Data Analyst,"PT. BFI FINANCE INDONESIA, Tbk",Python
JOB_0188,data-analyst,data_science,Digital Business Data Analyst,"PT. BFI FINANCE INDONESIA, Tbk",SQL
JOB_0188,data-analyst,data_science,Digital Business Data Analyst,"PT. BFI FINANCE INDONESIA, Tbk",TypeScript
JOB_0190,data-analyst,data_science,Data Warehouse and Reporting Specialist,PT Bina Karya Prima,SQL
JOB_0190,data-analyst,data_science,Data Warehouse and Reporting Specialist,PT Bina Karya Prima,Power BI
JOB_0190,data-analyst,data_science,Data Warehouse and Reporting Specialist,PT Bina Karya Prima,ETL
JOB_0191,data-analyst,data_science,IT Quality & Data Integrity Officer,PT. Kalbio Global Medika,TypeScript
JOB_0192,data-analyst,data_science,IT Functional,PT. INTISUMBER BAJASAKTI,SQL
JOB_0192,data-analyst,data_science,IT Functional,PT. INTISUMBER BAJASAKTI,Excel
JOB_0192,data-analyst,data_science,IT Functional,PT. INTISUMBER BAJASAKTI,Machine Learning
JOB_0193,data-analyst,data_science,Data Analyst Intern,PT Sejahtera Sama Kita,Python
JOB_0193,data-analyst,data_science,Data Analyst Intern,PT Sejahtera Sama Kita,SQL
JOB_0193,data-analyst,data_science,Data Analyst Intern,PT Sejahtera Sama Kita,Excel
JOB_0193,data-analyst,data_science,Data Analyst Intern,PT Sejahtera Sama Kita,TypeScript
JOB_0194,data-analyst,data_science,System Development & Data Analyst Staff,PT Mandom Indonesia Tbk,Python
JOB_0194,data-analyst,data_science,System Development & Data Analyst Staff,PT Mandom Indonesia Tbk,SQL
JOB_0194,data-analyst,data_science,System Development & Data Analyst Staff,PT Mandom Indonesia Tbk,Excel
JOB_0194,data-analyst,data_science,System Development & Data Analyst Staff,PT Mandom Indonesia Tbk,TypeScript
JOB_0194,data-analyst,data_science,System Development & Data Analyst Staff,PT Mandom Indonesia Tbk,PHP
JOB_0194,data-analyst,data_science,System Development & Data Analyst Staff,PT Mandom Indonesia Tbk,Laravel
JOB_0195,data-analyst,data_science,Junior Valuation Analyst,KJPP Ruky Safrudin & Rekan,REST API
JOB_0196,data-analyst,data_science,Business Analyst Intern,PT Upartners Sukses Bersama,Python
JOB_0196,data-analyst,data_science,Business Analyst Intern,PT Upartners Sukses Bersama,SQL
JOB_0196,data-analyst,data_science,Business Analyst Intern,PT Upartners Sukses Bersama,Tableau
JOB_0196,data-analyst,data_science,Business Analyst Intern,PT Upartners Sukses Bersama,Power BI
JOB_0196,data-analyst,data_science,Business Analyst Intern,PT Upartners Sukses Bersama,Excel
JOB_0196,data-analyst,data_science,Business Analyst Intern,PT Upartners Sukses Bersama,TypeScript
JOB_0197,data-analyst,data_science,Unit Head – Batch Data Engineering,"PT Bank Permata, Tbk",SQL
JOB_0197,data-analyst,data_science,Unit Head – Batch Data Engineering,"PT Bank Permata, Tbk",Excel
JOB_0197,data-analyst,data_science,Unit Head – Batch Data Engineering,"PT Bank Permata, Tbk",ETL
JOB_0197,data-analyst,data_science,Unit Head – Batch Data Engineering,"PT Bank Permata, Tbk",TypeScript
JOB_0197,data-analyst,data_science,Unit Head – Batch Data Engineering,"PT Bank Permata, Tbk",CI/CD
JOB_0197,data-analyst,data_science,Unit Head – Batch Data Engineering,"PT Bank Permata, Tbk",Git
JOB_0199,data-analyst,data_science,Data Analyst,Pennyu Group,Python
JOB_0199,data-analyst,data_science,Data Analyst,Pennyu Group,SQL
JOB_0199,data-analyst,data_science,Data Analyst,Pennyu Group,Tableau
JOB_0199,data-analyst,data_science,Data Analyst,Pennyu Group,Power BI
JOB_0199,data-analyst,data_science,Data Analyst,Pennyu Group,Excel
JOB_0199,data-analyst,data_science,Data Analyst,Pennyu Group,TypeScript
JOB_0200,data-analyst,data_science,Business Analyst,PT Mitra Andal Sejati,SQL
JOB_0200,data-analyst,data_science,Business Analyst,PT Mitra Andal Sejati,Tableau
JOB_0200,data-analyst,data_science,Business Analyst,PT Mitra Andal Sejati,Excel
JOB_0200,data-analyst,data_science,Business Analyst,PT Mitra Andal Sejati,TypeScript
JOB_0201,data-analyst,data_science,Strategic Planning & Management System,PT. KALVENTIS SINERGI FARMA (A Kalbe Company),Excel
JOB_0201,data-analyst,data_science,Strategic Planning & Management System,PT. KALVENTIS SINERGI FARMA (A Kalbe Company),TypeScript
JOB_0202,data-analyst,data_science,Business Analyst,Pengiklan Anonim,SQL
JOB_0202,data-analyst,data_science,Business Analyst,Pengiklan Anonim,Tableau
JOB_0202,data-analyst,data_science,Business Analyst,Pengiklan Anonim,Power BI
JOB_0202,data-analyst,data_science,Business Analyst,Pengiklan Anonim,Excel
JOB_0202,data-analyst,data_science,Business Analyst,Pengiklan Anonim,TypeScript
JOB_0203,data-analyst,data_science,Specialist AI Data Governance,"PT Bank Permata, Tbk",Excel
JOB_0203,data-analyst,data_science,Specialist AI Data Governance,"PT Bank Permata, Tbk",Machine Learning
JOB_0203,data-analyst,data_science,Specialist AI Data Governance,"PT Bank Permata, Tbk",TypeScript
JOB_0204,data-analyst,data_science,Sales Performance and Strategy Analyst Staff,PT Praja Sakti Propertindo,SQL
JOB_0204,data-analyst,data_science,Sales Performance and Strategy Analyst Staff,PT Praja Sakti Propertindo,Tableau
JOB_0204,data-analyst,data_science,Sales Performance and Strategy Analyst Staff,PT Praja Sakti Propertindo,Power BI
JOB_0204,data-analyst,data_science,Sales Performance and Strategy Analyst Staff,PT Praja Sakti Propertindo,Excel
JOB_0204,data-analyst,data_science,Sales Performance and Strategy Analyst Staff,PT Praja Sakti Propertindo,TypeScript
JOB_0204,data-analyst,data_science,Sales Performance and Strategy Analyst Staff,PT Praja Sakti Propertindo,REST API
JOB_0207,data-analyst,data_science,Business Analyst (6 Months Contract),"PT Japfa Comfeed Indonesia, Tbk",SQL
JOB_0207,data-analyst,data_science,Business Analyst (6 Months Contract),"PT Japfa Comfeed Indonesia, Tbk",Tableau
JOB_0207,data-analyst,data_science,Business Analyst (6 Months Contract),"PT Japfa Comfeed Indonesia, Tbk",Excel
JOB_0207,data-analyst,data_science,Business Analyst (6 Months Contract),"PT Japfa Comfeed Indonesia, Tbk",TypeScript
JOB_0208,data-analyst,data_science,Data Analyst Staff,PT Asuransi Umum Bumiputera Muda 1967,Excel
JOB_0209,data-analyst,data_science,Data Analyst Specialist (Marketing),PT RANS Kosmetika Indonesia,Tableau
JOB_0209,data-analyst,data_science,Data Analyst Specialist (Marketing),PT RANS Kosmetika Indonesia,Power BI
JOB_0209,data-analyst,data_science,Data Analyst Specialist (Marketing),PT RANS Kosmetika Indonesia,Excel
JOB_0209,data-analyst,data_science,Data Analyst Specialist (Marketing),PT RANS Kosmetika Indonesia,Data Modeling
JOB_0209,data-analyst,data_science,Data Analyst Specialist (Marketing),PT RANS Kosmetika Indonesia,TypeScript
JOB_0210,data-analyst,data_science,IT System Analyst,Moya Holdings Asia Limited,SQL
JOB_0210,data-analyst,data_science,IT System Analyst,Moya Holdings Asia Limited,PostgreSQL
JOB_0210,data-analyst,data_science,IT System Analyst,Moya Holdings Asia Limited,MySQL
JOB_0210,data-analyst,data_science,IT System Analyst,Moya Holdings Asia Limited,Machine Learning
JOB_0210,data-analyst,data_science,IT System Analyst,Moya Holdings Asia Limited,HTML
JOB_0210,data-analyst,data_science,IT System Analyst,Moya Holdings Asia Limited,JavaScript
JOB_0210,data-analyst,data_science,IT System Analyst,Moya Holdings Asia Limited,React.js
JOB_0210,data-analyst,data_science,IT System Analyst,Moya Holdings Asia Limited,Vue.js
JOB_0210,data-analyst,data_science,IT System Analyst,Moya Holdings Asia Limited,Node.js
JOB_0210,data-analyst,data_science,IT System Analyst,Moya Holdings Asia Limited,PHP
JOB_0210,data-analyst,data_science,IT System Analyst,Moya Holdings Asia Limited,Java
JOB_0210,data-analyst,data_science,IT System Analyst,Moya Holdings Asia Limited,REST API
JOB_0211,data-analyst,data_science,Data Analyst Supervisor,Thamrin Group,SQL
JOB_0211,data-analyst,data_science,Data Analyst Supervisor,Thamrin Group,Tableau
JOB_0211,data-analyst,data_science,Data Analyst Supervisor,Thamrin Group,Power BI
JOB_0211,data-analyst,data_science,Data Analyst Supervisor,Thamrin Group,Excel
JOB_0211,data-analyst,data_science,Data Analyst Supervisor,Thamrin Group,TypeScript
JOB_0211,data-analyst,data_science,Data Analyst Supervisor,Thamrin Group,Golang
JOB_0212,data-analyst,data_science,Digital Transformation & System Solution Head,PT Propan Raya Industrial Coating Chemicals,TypeScript
JOB_0212,data-analyst,data_science,Digital Transformation & System Solution Head,PT Propan Raya Industrial Coating Chemicals,Golang
JOB_0214,data-analyst,data_science,Product Development & Individual Pricing L&H Staff (Actuary),PT Reasuransi Indonesia Utama (Persero),R
JOB_0214,data-analyst,data_science,Product Development & Individual Pricing L&H Staff (Actuary),PT Reasuransi Indonesia Utama (Persero),Excel
JOB_0214,data-analyst,data_science,Product Development & Individual Pricing L&H Staff (Actuary),PT Reasuransi Indonesia Utama (Persero),TypeScript
JOB_0215,data-analyst,data_science,Data Implementor,PT Pratesis,SQL
JOB_0215,data-analyst,data_science,Data Implementor,PT Pratesis,TypeScript
JOB_0215,data-analyst,data_science,Data Implementor,PT Pratesis,Golang
JOB_0216,data-analyst,data_science,Staff AI Operation Engineer,PT Industrial Multi Fan,Python
JOB_0216,data-analyst,data_science,Staff AI Operation Engineer,PT Industrial Multi Fan,SQL
JOB_0216,data-analyst,data_science,Staff AI Operation Engineer,PT Industrial Multi Fan,Excel
JOB_0216,data-analyst,data_science,Staff AI Operation Engineer,PT Industrial Multi Fan,Machine Learning
JOB_0216,data-analyst,data_science,Staff AI Operation Engineer,PT Industrial Multi Fan,TypeScript
JOB_0216,data-analyst,data_science,Staff AI Operation Engineer,PT Industrial Multi Fan,REST API
JOB_0219,data-analyst,data_science,LSCM Excellence Analyst,PT Bridgestone Tire Indonesia,Excel
JOB_0219,data-analyst,data_science,LSCM Excellence Analyst,PT Bridgestone Tire Indonesia,TypeScript
JOB_0220,data-analyst,data_science,Data Engineer,Pengiklan Anonim,Python
JOB_0220,data-analyst,data_science,Data Engineer,Pengiklan Anonim,R
JOB_0220,data-analyst,data_science,Data Engineer,Pengiklan Anonim,PostgreSQL
JOB_0220,data-analyst,data_science,Data Engineer,Pengiklan Anonim,MySQL
JOB_0220,data-analyst,data_science,Data Engineer,Pengiklan Anonim,MongoDB
JOB_0220,data-analyst,data_science,Data Engineer,Pengiklan Anonim,Tableau
JOB_0220,data-analyst,data_science,Data Engineer,Pengiklan Anonim,Power BI
JOB_0220,data-analyst,data_science,Data Engineer,Pengiklan Anonim,Data Modeling
JOB_0220,data-analyst,data_science,Data Engineer,Pengiklan Anonim,ETL
JOB_0221,data-analyst,data_science,Data Process Lead,Cargill Tropical Palm,Excel
JOB_0221,data-analyst,data_science,Data Process Lead,Cargill Tropical Palm,TypeScript
JOB_0222,data-analyst,data_science,Data Science & Portfolio Manager,PT Sejahtera Sama Kita,Python
JOB_0222,data-analyst,data_science,Data Science & Portfolio Manager,PT Sejahtera Sama Kita,SQL
JOB_0222,data-analyst,data_science,Data Science & Portfolio Manager,PT Sejahtera Sama Kita,Machine Learning
JOB_0222,data-analyst,data_science,Data Science & Portfolio Manager,PT Sejahtera Sama Kita,TypeScript
JOB_0223,data-analyst,data_science,Data Analyst,PT Rsystems Ibizcs International,SQL
JOB_0223,data-analyst,data_science,Data Analyst,PT Rsystems Ibizcs International,Power BI
JOB_0223,data-analyst,data_science,Data Analyst,PT Rsystems Ibizcs International,GCP
JOB_0224,data-analyst,data_science,Business Development & Acquisition Analyst,Pengiklan Anonim,Excel
JOB_0224,data-analyst,data_science,Business Development & Acquisition Analyst,Pengiklan Anonim,Problem Solving
JOB_0225,data-analyst,data_science,DATA ANALYST OFFICER,PT Indocipta Wisesa,R
JOB_0225,data-analyst,data_science,DATA ANALYST OFFICER,PT Indocipta Wisesa,Power BI
JOB_0225,data-analyst,data_science,DATA ANALYST OFFICER,PT Indocipta Wisesa,Excel
JOB_0225,data-analyst,data_science,DATA ANALYST OFFICER,PT Indocipta Wisesa,JavaScript
JOB_0226,data-analyst,data_science,Equity Research Analyst,TUNTUN SEKURITAS INDONESIA,TypeScript
JOB_0227,data-analyst,data_science,Business Analyst Staff,PT Sukanda Djaya,Excel
JOB_0227,data-analyst,data_science,Business Analyst Staff,PT Sukanda Djaya,TypeScript
JOB_0228,data-analyst,data_science,Sr Business Process Management Analyst,Kawan Lama Group,TypeScript
JOB_0229,data-analyst,data_science,Data Analyst - Medical Equipment - Jakarta (B-129750),RGF HR Agent Indonesia,Python
JOB_0229,data-analyst,data_science,Data Analyst - Medical Equipment - Jakarta (B-129750),RGF HR Agent Indonesia,SQL
JOB_0229,data-analyst,data_science,Data Analyst - Medical Equipment - Jakarta (B-129750),RGF HR Agent Indonesia,R
JOB_0229,data-analyst,data_science,Data Analyst - Medical Equipment - Jakarta (B-129750),RGF HR Agent Indonesia,Tableau
JOB_0229,data-analyst,data_science,Data Analyst - Medical Equipment - Jakarta (B-129750),RGF HR Agent Indonesia,Power BI
JOB_0229,data-analyst,data_science,Data Analyst - Medical Equipment - Jakarta (B-129750),RGF HR Agent Indonesia,Excel
JOB_0229,data-analyst,data_science,Data Analyst - Medical Equipment - Jakarta (B-129750),RGF HR Agent Indonesia,TypeScript
JOB_0230,data-analyst,data_science,Pricing Actuarial,PT Asuransi Allianz Life Indonesia,Excel
JOB_0230,data-analyst,data_science,Pricing Actuarial,PT Asuransi Allianz Life Indonesia,TypeScript
JOB_0231,data-analyst,data_science,Techical Business Analyst,Agile Technica,Python
JOB_0231,data-analyst,data_science,Techical Business Analyst,Agile Technica,SQL
JOB_0231,data-analyst,data_science,Techical Business Analyst,Agile Technica,JavaScript
JOB_0231,data-analyst,data_science,Techical Business Analyst,Agile Technica,TypeScript
JOB_0231,data-analyst,data_science,Techical Business Analyst,Agile Technica,Agile/Scrum
JOB_0232,data-analyst,data_science,IT Database Administrator,PT Amber Solusi Internasional,SQL
JOB_0232,data-analyst,data_science,IT Database Administrator,PT Amber Solusi Internasional,PostgreSQL
JOB_0232,data-analyst,data_science,IT Database Administrator,PT Amber Solusi Internasional,MySQL
JOB_0232,data-analyst,data_science,IT Database Administrator,PT Amber Solusi Internasional,TypeScript
JOB_0233,data-analyst,data_science,Business Improvement Officer,PT Masmindo Dwi Area,Excel
JOB_0233,data-analyst,data_science,Business Improvement Officer,PT Masmindo Dwi Area,TypeScript
JOB_0234,data-analyst,data_science,ERP FUNGSIONAL ANALYST,Tropika Permata Indah,Golang
JOB_0235,data-analyst,data_science,Unit Head – Regulatory System Engineering,"PT Bank Permata, Tbk",SQL
JOB_0235,data-analyst,data_science,Unit Head – Regulatory System Engineering,"PT Bank Permata, Tbk",Excel
JOB_0235,data-analyst,data_science,Unit Head – Regulatory System Engineering,"PT Bank Permata, Tbk",ETL
JOB_0235,data-analyst,data_science,Unit Head – Regulatory System Engineering,"PT Bank Permata, Tbk",TypeScript
JOB_0236,data-analyst,data_science,Database Administrator,PT Data Integrasi Inovasi,Python
JOB_0236,data-analyst,data_science,Database Administrator,PT Data Integrasi Inovasi,SQL
JOB_0236,data-analyst,data_science,Database Administrator,PT Data Integrasi Inovasi,PostgreSQL
JOB_0236,data-analyst,data_science,Database Administrator,PT Data Integrasi Inovasi,MongoDB
JOB_0236,data-analyst,data_science,Database Administrator,PT Data Integrasi Inovasi,Excel
JOB_0236,data-analyst,data_science,Database Administrator,PT Data Integrasi Inovasi,TypeScript
JOB_0237,data-analyst,data_science,Finance Analyst,Cargill Tropical Palm,Power BI
JOB_0237,data-analyst,data_science,Finance Analyst,Cargill Tropical Palm,Excel
JOB_0237,data-analyst,data_science,Finance Analyst,Cargill Tropical Palm,TypeScript
JOB_0237,data-analyst,data_science,Finance Analyst,Cargill Tropical Palm,Golang
JOB_0238,data-analyst,data_science,Sales Data Analyst & Admin Support,PT Higienis Indonesia,Excel
JOB_0239,data-analyst,data_science,Sales Data Analyst (English Speaker),Sumber Berkat Group,Excel
JOB_0239,data-analyst,data_science,Sales Data Analyst (English Speaker),Sumber Berkat Group,TypeScript
JOB_0240,data-analyst,data_science,CRM and Supply Chain Data Scientist,PT Balarama Prajakarsaka Indonesia,Python
JOB_0240,data-analyst,data_science,CRM and Supply Chain Data Scientist,PT Balarama Prajakarsaka Indonesia,SQL
JOB_0240,data-analyst,data_science,CRM and Supply Chain Data Scientist,PT Balarama Prajakarsaka Indonesia,R
JOB_0240,data-analyst,data_science,CRM and Supply Chain Data Scientist,PT Balarama Prajakarsaka Indonesia,Tableau
JOB_0240,data-analyst,data_science,CRM and Supply Chain Data Scientist,PT Balarama Prajakarsaka Indonesia,Power BI
JOB_0240,data-analyst,data_science,CRM and Supply Chain Data Scientist,PT Balarama Prajakarsaka Indonesia,Excel
JOB_0240,data-analyst,data_science,CRM and Supply Chain Data Scientist,PT Balarama Prajakarsaka Indonesia,REST API
JOB_0241,data-analyst,data_science,Program Analyst – SQL & Reporting,PT AMC Bintan,SQL
JOB_0241,data-analyst,data_science,Program Analyst – SQL & Reporting,PT AMC Bintan,Excel
JOB_0241,data-analyst,data_science,Program Analyst – SQL & Reporting,PT AMC Bintan,Data Modeling
JOB_0241,data-analyst,data_science,Program Analyst – SQL & Reporting,PT AMC Bintan,TypeScript
JOB_0243,data-analyst,data_science,Credit Analyst,easyrentsolutionsindonesia,Excel
JOB_0244,data-analyst,data_science,Data Lead,PT Haju Medical Indonesia,Tableau
JOB_0244,data-analyst,data_science,Data Lead,PT Haju Medical Indonesia,Power BI
JOB_0244,data-analyst,data_science,Data Lead,PT Haju Medical Indonesia,Excel
JOB_0244,data-analyst,data_science,Data Lead,PT Haju Medical Indonesia,TypeScript
JOB_0244,data-analyst,data_science,Data Lead,PT Haju Medical Indonesia,Problem Solving
JOB_0245,data-analyst,data_science,Market Analyst Staff,PT Aion Indomobil Distribution Indonesia,Excel
JOB_0245,data-analyst,data_science,Market Analyst Staff,PT Aion Indomobil Distribution Indonesia,TypeScript
JOB_0246,data-analyst,data_science,Strategic Planning Officer,"Lembaga Pengkajian Pangan, Obat-Obatan dan Kosmetika MUI",Excel
JOB_0246,data-analyst,data_science,Strategic Planning Officer,"Lembaga Pengkajian Pangan, Obat-Obatan dan Kosmetika MUI",TypeScript
JOB_0247,data-analyst,data_science,Intern [GIP] - Research & Data Analytics,PT Solusi Transportasi Indonesia,SQL
JOB_0247,data-analyst,data_science,Intern [GIP] - Research & Data Analytics,PT Solusi Transportasi Indonesia,Excel
JOB_0247,data-analyst,data_science,Intern [GIP] - Research & Data Analytics,PT Solusi Transportasi Indonesia,TypeScript
JOB_0248,data-analyst,data_science,"Data Analyst – E-Commerce, Marketplace & Business Operations",CV MEKAR ABADI SENTOSA JAYA,Python
JOB_0248,data-analyst,data_science,"Data Analyst – E-Commerce, Marketplace & Business Operations",CV MEKAR ABADI SENTOSA JAYA,SQL
JOB_0248,data-analyst,data_science,"Data Analyst – E-Commerce, Marketplace & Business Operations",CV MEKAR ABADI SENTOSA JAYA,PostgreSQL
JOB_0248,data-analyst,data_science,"Data Analyst – E-Commerce, Marketplace & Business Operations",CV MEKAR ABADI SENTOSA JAYA,MySQL
JOB_0248,data-analyst,data_science,"Data Analyst – E-Commerce, Marketplace & Business Operations",CV MEKAR ABADI SENTOSA JAYA,Tableau
JOB_0248,data-analyst,data_science,"Data Analyst – E-Commerce, Marketplace & Business Operations",CV MEKAR ABADI SENTOSA JAYA,Power BI
JOB_0248,data-analyst,data_science,"Data Analyst – E-Commerce, Marketplace & Business Operations",CV MEKAR ABADI SENTOSA JAYA,Excel
JOB_0248,data-analyst,data_science,"Data Analyst – E-Commerce, Marketplace & Business Operations",CV MEKAR ABADI SENTOSA JAYA,TypeScript
JOB_0248,data-analyst,data_science,"Data Analyst – E-Commerce, Marketplace & Business Operations",CV MEKAR ABADI SENTOSA JAYA,REST API
JOB_0249,data-analyst,data_science,Data & Project Support Section Head,PT Depoguna Bangunan Online,Golang
JOB_0250,data-analyst,data_science,Sales Data Analyst (Mandarin Speaker),PT. ALPEN FOOD INDUSTRY,Tableau
JOB_0250,data-analyst,data_science,Sales Data Analyst (Mandarin Speaker),PT. ALPEN FOOD INDUSTRY,Power BI
JOB_0250,data-analyst,data_science,Sales Data Analyst (Mandarin Speaker),PT. ALPEN FOOD INDUSTRY,Excel
JOB_0250,data-analyst,data_science,Sales Data Analyst (Mandarin Speaker),PT. ALPEN FOOD INDUSTRY,TypeScript
JOB_0251,data-analyst,data_science,Financial Planning & Analyst,"PT Japfa Comfeed Indonesia, Tbk",Excel
JOB_0251,data-analyst,data_science,Financial Planning & Analyst,"PT Japfa Comfeed Indonesia, Tbk",TypeScript
JOB_0252,data-analyst,data_science,Marketing Intelligence Staff,Yayasan Bina Nusantara,Excel
JOB_0252,data-analyst,data_science,Marketing Intelligence Staff,Yayasan Bina Nusantara,TypeScript
JOB_0253,data-analyst,data_science,Data Engineer,Beyondtech,Python
JOB_0253,data-analyst,data_science,Data Engineer,Beyondtech,SQL
JOB_0253,data-analyst,data_science,Data Engineer,Beyondtech,PostgreSQL
JOB_0253,data-analyst,data_science,Data Engineer,Beyondtech,MySQL
JOB_0253,data-analyst,data_science,Data Engineer,Beyondtech,Tableau
JOB_0253,data-analyst,data_science,Data Engineer,Beyondtech,Power BI
JOB_0253,data-analyst,data_science,Data Engineer,Beyondtech,BigQuery
JOB_0253,data-analyst,data_science,Data Engineer,Beyondtech,Snowflake
JOB_0253,data-analyst,data_science,Data Engineer,Beyondtech,Data Modeling
JOB_0253,data-analyst,data_science,Data Engineer,Beyondtech,ETL
JOB_0253,data-analyst,data_science,Data Engineer,Beyondtech,TypeScript
JOB_0253,data-analyst,data_science,Data Engineer,Beyondtech,AWS
JOB_0254,data-analyst,data_science,DATA ANALYST,PT Bringin Jati Indah,Python
JOB_0254,data-analyst,data_science,DATA ANALYST,PT Bringin Jati Indah,SQL
JOB_0254,data-analyst,data_science,DATA ANALYST,PT Bringin Jati Indah,R
JOB_0254,data-analyst,data_science,DATA ANALYST,PT Bringin Jati Indah,Tableau
JOB_0254,data-analyst,data_science,DATA ANALYST,PT Bringin Jati Indah,Power BI
JOB_0254,data-analyst,data_science,DATA ANALYST,PT Bringin Jati Indah,Excel
JOB_0254,data-analyst,data_science,DATA ANALYST,PT Bringin Jati Indah,Machine Learning
JOB_0254,data-analyst,data_science,DATA ANALYST,PT Bringin Jati Indah,TypeScript
JOB_0254,data-analyst,data_science,DATA ANALYST,PT Bringin Jati Indah,Java
JOB_0255,data-analyst,data_science,Data Analyst,Pengiklan Anonim,Excel
JOB_0256,data-analyst,data_science,Strategic Management Analyst,PT Asco Prima Mobilindo,TypeScript
JOB_0257,data-analyst,data_science,HR Data Analyst,PT. Ouji Seiyaku Indonesia (Regional),Excel
JOB_0257,data-analyst,data_science,HR Data Analyst,PT. Ouji Seiyaku Indonesia (Regional),TypeScript
JOB_0258,data-analyst,data_science,Data Analyst ( Head Level),Pengiklan Anonim,Python
JOB_0258,data-analyst,data_science,Data Analyst ( Head Level),Pengiklan Anonim,R
JOB_0258,data-analyst,data_science,Data Analyst ( Head Level),Pengiklan Anonim,Excel
JOB_0258,data-analyst,data_science,Data Analyst ( Head Level),Pengiklan Anonim,TypeScript
JOB_0258,data-analyst,data_science,Data Analyst ( Head Level),Pengiklan Anonim,REST API
JOB_0258,data-analyst,data_science,Data Analyst ( Head Level),Pengiklan Anonim,Problem Solving
JOB_0260,data-analyst,data_science,Data Engineer,PT Data Labs Analytics,Python
JOB_0260,data-analyst,data_science,Data Engineer,PT Data Labs Analytics,SQL
JOB_0260,data-analyst,data_science,Data Engineer,PT Data Labs Analytics,BigQuery
JOB_0260,data-analyst,data_science,Data Engineer,PT Data Labs Analytics,Data Modeling
JOB_0260,data-analyst,data_science,Data Engineer,PT Data Labs Analytics,ETL
JOB_0260,data-analyst,data_science,Data Engineer,PT Data Labs Analytics,TypeScript
JOB_0260,data-analyst,data_science,Data Engineer,PT Data Labs Analytics,Java
JOB_0260,data-analyst,data_science,Data Engineer,PT Data Labs Analytics,AWS
JOB_0260,data-analyst,data_science,Data Engineer,PT Data Labs Analytics,GCP
JOB_0260,data-analyst,data_science,Data Engineer,PT Data Labs Analytics,Azure
JOB_0261,data-analyst,data_science,Business Solution Partner,Kop. Nusantara,Excel
JOB_0261,data-analyst,data_science,Business Solution Partner,Kop. Nusantara,TypeScript
JOB_0261,data-analyst,data_science,Business Solution Partner,Kop. Nusantara,UI/UX
JOB_0261,data-analyst,data_science,Business Solution Partner,Kop. Nusantara,Wireframing
JOB_0261,data-analyst,data_science,Business Solution Partner,Kop. Nusantara,Prototyping
JOB_0261,data-analyst,data_science,Business Solution Partner,Kop. Nusantara,Agile/Scrum
JOB_0262,data-analyst,data_science,Data Engineer,PT Sigmantara Alfindo,Python
JOB_0262,data-analyst,data_science,Data Engineer,PT Sigmantara Alfindo,SQL
JOB_0262,data-analyst,data_science,Data Engineer,PT Sigmantara Alfindo,Tableau
JOB_0262,data-analyst,data_science,Data Engineer,PT Sigmantara Alfindo,Power BI
JOB_0262,data-analyst,data_science,Data Engineer,PT Sigmantara Alfindo,BigQuery
JOB_0262,data-analyst,data_science,Data Engineer,PT Sigmantara Alfindo,Snowflake
JOB_0262,data-analyst,data_science,Data Engineer,PT Sigmantara Alfindo,Data Modeling
JOB_0262,data-analyst,data_science,Data Engineer,PT Sigmantara Alfindo,ETL
JOB_0262,data-analyst,data_science,Data Engineer,PT Sigmantara Alfindo,TypeScript
JOB_0262,data-analyst,data_science,Data Engineer,PT Sigmantara Alfindo,Java
JOB_0262,data-analyst,data_science,Data Engineer,PT Sigmantara Alfindo,Docker
JOB_0262,data-analyst,data_science,Data Engineer,PT Sigmantara Alfindo,Kubernetes
JOB_0262,data-analyst,data_science,Data Engineer,PT Sigmantara Alfindo,AWS
JOB_0262,data-analyst,data_science,Data Engineer,PT Sigmantara Alfindo,GCP
JOB_0262,data-analyst,data_science,Data Engineer,PT Sigmantara Alfindo,Azure
JOB_0262,data-analyst,data_science,Data Engineer,PT Sigmantara Alfindo,CI/CD
JOB_0265,data-analyst,data_science,Business & System Analysis consultant,PT Nomura Research Institute Indonesia,Excel
JOB_0265,data-analyst,data_science,Business & System Analysis consultant,PT Nomura Research Institute Indonesia,TypeScript
JOB_0266,data-analyst,data_science,Security Analyst - SOC Analyst L2 (TH – Incident Response),PT. Lintas Teknologi Indonesia,Python
JOB_0266,data-analyst,data_science,Security Analyst - SOC Analyst L2 (TH – Incident Response),PT. Lintas Teknologi Indonesia,Excel
JOB_0266,data-analyst,data_science,Security Analyst - SOC Analyst L2 (TH – Incident Response),PT. Lintas Teknologi Indonesia,TypeScript
JOB_0266,data-analyst,data_science,Security Analyst - SOC Analyst L2 (TH – Incident Response),PT. Lintas Teknologi Indonesia,AWS
JOB_0266,data-analyst,data_science,Security Analyst - SOC Analyst L2 (TH – Incident Response),PT. Lintas Teknologi Indonesia,Linux
JOB_0266,data-analyst,data_science,Security Analyst - SOC Analyst L2 (TH – Incident Response),PT. Lintas Teknologi Indonesia,Cybersecurity
JOB_0267,data-analyst,data_science,Senior Data Engineer,PT Sentra Vidya Utama,Python
JOB_0267,data-analyst,data_science,Senior Data Engineer,PT Sentra Vidya Utama,SQL
JOB_0267,data-analyst,data_science,Senior Data Engineer,PT Sentra Vidya Utama,Tableau
JOB_0267,data-analyst,data_science,Senior Data Engineer,PT Sentra Vidya Utama,Power BI
JOB_0267,data-analyst,data_science,Senior Data Engineer,PT Sentra Vidya Utama,REST API
JOB_0268,data-analyst,data_science,Database Administrator,PT Karisma Zona Kreatifku,PostgreSQL
JOB_0268,data-analyst,data_science,Database Administrator,PT Karisma Zona Kreatifku,MySQL
JOB_0268,data-analyst,data_science,Database Administrator,PT Karisma Zona Kreatifku,ETL
JOB_0268,data-analyst,data_science,Database Administrator,PT Karisma Zona Kreatifku,TypeScript
JOB_0268,data-analyst,data_science,Database Administrator,PT Karisma Zona Kreatifku,AWS
JOB_0268,data-analyst,data_science,Database Administrator,PT Karisma Zona Kreatifku,Linux
JOB_0269,data-analyst,data_science,Data Engineer (ETL),PT Lawencon Internasional,SQL
JOB_0269,data-analyst,data_science,Data Engineer (ETL),PT Lawencon Internasional,PostgreSQL
JOB_0269,data-analyst,data_science,Data Engineer (ETL),PT Lawencon Internasional,Hadoop
JOB_0269,data-analyst,data_science,Data Engineer (ETL),PT Lawencon Internasional,Data Modeling
JOB_0269,data-analyst,data_science,Data Engineer (ETL),PT Lawencon Internasional,ETL
JOB_0269,data-analyst,data_science,Data Engineer (ETL),PT Lawencon Internasional,TypeScript
JOB_0270,data-analyst,data_science,INDIVIDUAL FINANCING ANALYST JAWA TIMUR,PT BANK BTPN SYARIAH Tbk.,Golang
JOB_0273,data-analyst,data_science,Business Support Analyst,Pengiklan Anonim,R
JOB_0273,data-analyst,data_science,Business Support Analyst,Pengiklan Anonim,Excel
JOB_0274,data-analyst,data_science,Property Collection Analyst,Pengiklan Anonim,TypeScript
JOB_0275,data-analyst,data_science,IT Finance Data & Analytics Partner,PT Bahari Eka Nusantara (Ben Line Agencies),Power BI
JOB_0275,data-analyst,data_science,IT Finance Data & Analytics Partner,PT Bahari Eka Nusantara (Ben Line Agencies),Excel
JOB_0275,data-analyst,data_science,IT Finance Data & Analytics Partner,PT Bahari Eka Nusantara (Ben Line Agencies),TypeScript
JOB_0277,data-analyst,data_science,Business Analyst - Distribution Management System,PT Pratesis,Excel
JOB_0277,data-analyst,data_science,Business Analyst - Distribution Management System,PT Pratesis,TypeScript
JOB_0279,data-analyst,data_science,Infosec Analyst,OLX Indonesia,Python
JOB_0279,data-analyst,data_science,Infosec Analyst,OLX Indonesia,SQL
JOB_0279,data-analyst,data_science,Infosec Analyst,OLX Indonesia,Penetration Testing
JOB_0280,data-analyst,data_science,IT Database Administrator,PT Kimia Yasa,PostgreSQL
JOB_0280,data-analyst,data_science,IT Database Administrator,PT Kimia Yasa,ETL
JOB_0281,data-analyst,data_science,Senior Analyst - Nickel Market,AME Mineral Economics Pty Ltd,TypeScript
JOB_0281,data-analyst,data_science,Senior Analyst - Nickel Market,AME Mineral Economics Pty Ltd,Problem Solving
JOB_0282,data-analyst,data_science,Sistem Analis,PT BANGUNPERKASA  ADHITAMASENTRA,SQL
JOB_0282,data-analyst,data_science,Sistem Analis,PT BANGUNPERKASA  ADHITAMASENTRA,Machine Learning
JOB_0282,data-analyst,data_science,Sistem Analis,PT BANGUNPERKASA  ADHITAMASENTRA,REST API
JOB_0282,data-analyst,data_science,Sistem Analis,PT BANGUNPERKASA  ADHITAMASENTRA,Agile/Scrum
JOB_0282,data-analyst,data_science,Sistem Analis,PT BANGUNPERKASA  ADHITAMASENTRA,Problem Solving
JOB_0283,data-analyst,data_science,Corporate Planning Supervisor,PT Masmindo Dwi Area,Excel
JOB_0283,data-analyst,data_science,Corporate Planning Supervisor,PT Masmindo Dwi Area,TypeScript
JOB_0284,data-analyst,data_science,New Technology & Digitalization Development Specialist,"PT SMART,Tbk",Excel
JOB_0284,data-analyst,data_science,New Technology & Digitalization Development Specialist,"PT SMART,Tbk",TypeScript
JOB_0285,data-analyst,data_science,SEO Analyst,OLX Indonesia,JavaScript
JOB_0285,data-analyst,data_science,SEO Analyst,OLX Indonesia,TypeScript
JOB_0286,data-analyst,data_science,Business Analyst (Mandarin Speaker),Pengiklan Anonim,Excel
JOB_0286,data-analyst,data_science,Business Analyst (Mandarin Speaker),Pengiklan Anonim,TypeScript
JOB_0287,data-analyst,data_science,SEO Specialist,CV Maju Bersama Sejahtera,Machine Learning
JOB_0287,data-analyst,data_science,SEO Specialist,CV Maju Bersama Sejahtera,HTML
JOB_0287,data-analyst,data_science,SEO Specialist,CV Maju Bersama Sejahtera,TypeScript
JOB_0287,data-analyst,data_science,SEO Specialist,CV Maju Bersama Sejahtera,Golang
JOB_0288,data-analyst,data_science,Technical Analyst,PT Mindo Small Business Solutions,Python
JOB_0288,data-analyst,data_science,Technical Analyst,PT Mindo Small Business Solutions,SQL
JOB_0288,data-analyst,data_science,Technical Analyst,PT Mindo Small Business Solutions,TypeScript
JOB_0288,data-analyst,data_science,Technical Analyst,PT Mindo Small Business Solutions,PHP
JOB_0288,data-analyst,data_science,Technical Analyst,PT Mindo Small Business Solutions,AWS
JOB_0289,data-analyst,data_science,AI Automation & System Integration Specialist,PT Seneco Group Indonesia,Python
JOB_0289,data-analyst,data_science,AI Automation & System Integration Specialist,PT Seneco Group Indonesia,JavaScript
JOB_0289,data-analyst,data_science,AI Automation & System Integration Specialist,PT Seneco Group Indonesia,TypeScript
JOB_0289,data-analyst,data_science,AI Automation & System Integration Specialist,PT Seneco Group Indonesia,REST API
JOB_0290,data-analyst,data_science,Commercial Excellent and Data Management Specialist-Contractual Based,Cargill Holdings (Malaysia) Sdn Bhd,SQL
JOB_0290,data-analyst,data_science,Commercial Excellent and Data Management Specialist-Contractual Based,Cargill Holdings (Malaysia) Sdn Bhd,Excel
JOB_0290,data-analyst,data_science,Commercial Excellent and Data Management Specialist-Contractual Based,Cargill Holdings (Malaysia) Sdn Bhd,TypeScript
JOB_0291,data-analyst,data_science,ETL Pentaho Developer,PT. BUSINESS ECLOUD INDONESIA INFORMATION TECHNOLOGY,Python
JOB_0291,data-analyst,data_science,ETL Pentaho Developer,PT. BUSINESS ECLOUD INDONESIA INFORMATION TECHNOLOGY,Machine Learning
JOB_0291,data-analyst,data_science,ETL Pentaho Developer,PT. BUSINESS ECLOUD INDONESIA INFORMATION TECHNOLOGY,ETL
JOB_0291,data-analyst,data_science,ETL Pentaho Developer,PT. BUSINESS ECLOUD INDONESIA INFORMATION TECHNOLOGY,HTML
JOB_0291,data-analyst,data_science,ETL Pentaho Developer,PT. BUSINESS ECLOUD INDONESIA INFORMATION TECHNOLOGY,JavaScript
JOB_0291,data-analyst,data_science,ETL Pentaho Developer,PT. BUSINESS ECLOUD INDONESIA INFORMATION TECHNOLOGY,TypeScript
JOB_0291,data-analyst,data_science,ETL Pentaho Developer,PT. BUSINESS ECLOUD INDONESIA INFORMATION TECHNOLOGY,Linux
JOB_0293,data-analyst,data_science,Senior Data Scientist (Analytics) - Grab Financial Services,PT Solusi Transportasi Indonesia,Python
JOB_0293,data-analyst,data_science,Senior Data Scientist (Analytics) - Grab Financial Services,PT Solusi Transportasi Indonesia,SQL
JOB_0293,data-analyst,data_science,Senior Data Scientist (Analytics) - Grab Financial Services,PT Solusi Transportasi Indonesia,Power BI
JOB_0293,data-analyst,data_science,Senior Data Scientist (Analytics) - Grab Financial Services,PT Solusi Transportasi Indonesia,Excel
JOB_0293,data-analyst,data_science,Senior Data Scientist (Analytics) - Grab Financial Services,PT Solusi Transportasi Indonesia,JavaScript
JOB_0293,data-analyst,data_science,Senior Data Scientist (Analytics) - Grab Financial Services,PT Solusi Transportasi Indonesia,TypeScript
JOB_0293,data-analyst,data_science,Senior Data Scientist (Analytics) - Grab Financial Services,PT Solusi Transportasi Indonesia,REST API
JOB_0293,data-analyst,data_science,Senior Data Scientist (Analytics) - Grab Financial Services,PT Solusi Transportasi Indonesia,UI/UX
JOB_0294,data-analyst,data_science,ERP Functional Consultant,PT. ALPEN FOOD INDUSTRY,TypeScript
JOB_0294,data-analyst,data_science,ERP Functional Consultant,PT. ALPEN FOOD INDUSTRY,Golang
JOB_0295,data-analyst,data_science,Timeliness Analyst (Mandarin Speaker),PT Global Yimi Cargo (J&T Cargo),Excel
JOB_0295,data-analyst,data_science,Timeliness Analyst (Mandarin Speaker),PT Global Yimi Cargo (J&T Cargo),TypeScript
JOB_0295,data-analyst,data_science,Timeliness Analyst (Mandarin Speaker),PT Global Yimi Cargo (J&T Cargo),Problem Solving
JOB_0296,data-analyst,data_science,Senior FP&A,PT Esco Bintan Indonesia,Excel
JOB_0296,data-analyst,data_science,Senior FP&A,PT Esco Bintan Indonesia,TypeScript
JOB_0297,data-analyst,data_science,Odoo Specialist,PT. Naga Trade International,Python
JOB_0297,data-analyst,data_science,Odoo Specialist,PT. Naga Trade International,PostgreSQL
JOB_0297,data-analyst,data_science,Odoo Specialist,PT. Naga Trade International,Golang
JOB_0297,data-analyst,data_science,Odoo Specialist,PT. Naga Trade International,REST API
JOB_0297,data-analyst,data_science,Odoo Specialist,PT. Naga Trade International,Git
JOB_0298,data-analyst,data_science,Site Application& OT Development,PT Masmindo Dwi Area,SQL
JOB_0298,data-analyst,data_science,Site Application& OT Development,PT Masmindo Dwi Area,TypeScript
JOB_0298,data-analyst,data_science,Site Application& OT Development,PT Masmindo Dwi Area,Cybersecurity
JOB_0300,data-analyst,data_science,SEO & Local SEO Strategist,Process Flow SRL,Excel
JOB_0300,data-analyst,data_science,SEO & Local SEO Strategist,Process Flow SRL,Machine Learning
JOB_0300,data-analyst,data_science,SEO & Local SEO Strategist,Process Flow SRL,HTML
JOB_0300,data-analyst,data_science,SEO & Local SEO Strategist,Process Flow SRL,CSS
JOB_0300,data-analyst,data_science,SEO & Local SEO Strategist,Process Flow SRL,JavaScript
JOB_0300,data-analyst,data_science,SEO & Local SEO Strategist,Process Flow SRL,TypeScript
JOB_0300,data-analyst,data_science,SEO & Local SEO Strategist,Process Flow SRL,Next.js
JOB_0301,data-analyst,data_science,Procurement Analyst,PT Pesta Pora Abadi,Tableau
JOB_0301,data-analyst,data_science,Procurement Analyst,PT Pesta Pora Abadi,Power BI
JOB_0301,data-analyst,data_science,Procurement Analyst,PT Pesta Pora Abadi,Excel
JOB_0301,data-analyst,data_science,Procurement Analyst,PT Pesta Pora Abadi,TypeScript
JOB_0302,data-analyst,data_science,Data Manager,PT Trinusa Travelindo,SQL
JOB_0302,data-analyst,data_science,Data Manager,PT Trinusa Travelindo,Tableau
JOB_0302,data-analyst,data_science,Data Manager,PT Trinusa Travelindo,Excel
JOB_0302,data-analyst,data_science,Data Manager,PT Trinusa Travelindo,Machine Learning
JOB_0302,data-analyst,data_science,Data Manager,PT Trinusa Travelindo,TypeScript
JOB_0302,data-analyst,data_science,Data Manager,PT Trinusa Travelindo,GCP
JOB_0303,data-analyst,data_science,Research Manager & Strategic Research Partner,Pengiklan Anonim,R
JOB_0303,data-analyst,data_science,Research Manager & Strategic Research Partner,Pengiklan Anonim,Excel
JOB_0303,data-analyst,data_science,Research Manager & Strategic Research Partner,Pengiklan Anonim,TypeScript
JOB_0303,data-analyst,data_science,Research Manager & Strategic Research Partner,Pengiklan Anonim,Java
JOB_0304,data-analyst,data_science,Business Analyst,PT Indo Container Lines (Icon Line),Agile/Scrum
JOB_0305,data-analyst,data_science,Odoo Functional,PT Foom Lab Global,Excel
JOB_0305,data-analyst,data_science,Odoo Functional,PT Foom Lab Global,TypeScript
JOB_0306,data-analyst,data_science,Financial Advisor Analyst,PT MADDHUNA LUMINA ANANTA,Excel
JOB_0306,data-analyst,data_science,Financial Advisor Analyst,PT MADDHUNA LUMINA ANANTA,TypeScript
JOB_0308,data-analyst,data_science,SEO Specialist,Juara Holding Group,Excel
JOB_0308,data-analyst,data_science,SEO Specialist,Juara Holding Group,Machine Learning
JOB_0308,data-analyst,data_science,SEO Specialist,Juara Holding Group,HTML
JOB_0308,data-analyst,data_science,SEO Specialist,Juara Holding Group,CSS
JOB_0308,data-analyst,data_science,SEO Specialist,Juara Holding Group,TypeScript
JOB_0309,data-analyst,data_science,IT Functional,PT. INTISUMBER BAJASAKTI,SQL
JOB_0309,data-analyst,data_science,IT Functional,PT. INTISUMBER BAJASAKTI,Excel
JOB_0309,data-analyst,data_science,IT Functional,PT. INTISUMBER BAJASAKTI,Machine Learning
JOB_0310,data-analyst,data_science,Google Adsense Specialist,PT S D Indonesia (Streetdirectory),Machine Learning
JOB_0310,data-analyst,data_science,Google Adsense Specialist,PT S D Indonesia (Streetdirectory),HTML
JOB_0310,data-analyst,data_science,Google Adsense Specialist,PT S D Indonesia (Streetdirectory),CSS
JOB_0310,data-analyst,data_science,Google Adsense Specialist,PT S D Indonesia (Streetdirectory),JavaScript
JOB_0310,data-analyst,data_science,Google Adsense Specialist,PT S D Indonesia (Streetdirectory),TypeScript
JOB_0311,data-analyst,data_science,IT Functional,PT. INTISUMBER BAJASAKTI,SQL
JOB_0311,data-analyst,data_science,IT Functional,PT. INTISUMBER BAJASAKTI,Excel
JOB_0311,data-analyst,data_science,IT Functional,PT. INTISUMBER BAJASAKTI,Machine Learning
JOB_0312,data-analyst,data_science,IT Finance Reporting Solution Partner (Oracle Netsuite),PT Bahari Eka Nusantara (Ben Line Agencies),Power BI
JOB_0312,data-analyst,data_science,IT Finance Reporting Solution Partner (Oracle Netsuite),PT Bahari Eka Nusantara (Ben Line Agencies),Excel
JOB_0312,data-analyst,data_science,IT Finance Reporting Solution Partner (Oracle Netsuite),PT Bahari Eka Nusantara (Ben Line Agencies),TypeScript
JOB_0315,data-analyst,data_science,IT Business Development – System Integration,PT Suka Maju Gemilang,TypeScript
JOB_0316,data-analyst,data_science,Data Engineer (Contract 12 Months),"PT ZURICH ASURANSI INDONESIA, Tbk",Python
JOB_0316,data-analyst,data_science,Data Engineer (Contract 12 Months),"PT ZURICH ASURANSI INDONESIA, Tbk",SQL
JOB_0316,data-analyst,data_science,Data Engineer (Contract 12 Months),"PT ZURICH ASURANSI INDONESIA, Tbk",Spark
JOB_0316,data-analyst,data_science,Data Engineer (Contract 12 Months),"PT ZURICH ASURANSI INDONESIA, Tbk",ETL
JOB_0316,data-analyst,data_science,Data Engineer (Contract 12 Months),"PT ZURICH ASURANSI INDONESIA, Tbk",TypeScript
JOB_0316,data-analyst,data_science,Data Engineer (Contract 12 Months),"PT ZURICH ASURANSI INDONESIA, Tbk",AWS
JOB_0316,data-analyst,data_science,Data Engineer (Contract 12 Months),"PT ZURICH ASURANSI INDONESIA, Tbk",GCP
JOB_0316,data-analyst,data_science,Data Engineer (Contract 12 Months),"PT ZURICH ASURANSI INDONESIA, Tbk",Azure
JOB_0316,data-analyst,data_science,Data Engineer (Contract 12 Months),"PT ZURICH ASURANSI INDONESIA, Tbk",CI/CD
JOB_0316,data-analyst,data_science,Data Engineer (Contract 12 Months),"PT ZURICH ASURANSI INDONESIA, Tbk",Git
JOB_0317,data-analyst,data_science,Functional Consultant Analyst,"PT. Metrodata Electronics, Tbk",TypeScript
JOB_0318,data-analyst,data_science,Business Performance Analyst (Manager),PT Lautan Luas Tbk,Power BI
JOB_0318,data-analyst,data_science,Business Performance Analyst (Manager),PT Lautan Luas Tbk,Excel
JOB_0318,data-analyst,data_science,Business Performance Analyst (Manager),PT Lautan Luas Tbk,TypeScript
JOB_0319,data-analyst,data_science,Risk Analyst,Koperasi Astra International,Agile/Scrum
JOB_0320,data-analyst,data_science,IT Business Analyst,PT Kamoro Maxima Integra,Excel
JOB_0320,data-analyst,data_science,IT Business Analyst,PT Kamoro Maxima Integra,TypeScript
JOB_0320,data-analyst,data_science,IT Business Analyst,PT Kamoro Maxima Integra,Agile/Scrum
JOB_0321,frontend-developer,web_development,Front End Developer (Vue / Angular / React) - Outsource,PT Serasi Autoraya (Member of Astra),SQL
JOB_0321,frontend-developer,web_development,Front End Developer (Vue / Angular / React) - Outsource,PT Serasi Autoraya (Member of Astra),Machine Learning
JOB_0321,frontend-developer,web_development,Front End Developer (Vue / Angular / React) - Outsource,PT Serasi Autoraya (Member of Astra),HTML
JOB_0321,frontend-developer,web_development,Front End Developer (Vue / Angular / React) - Outsource,PT Serasi Autoraya (Member of Astra),CSS
JOB_0321,frontend-developer,web_development,Front End Developer (Vue / Angular / React) - Outsource,PT Serasi Autoraya (Member of Astra),JavaScript
JOB_0321,frontend-developer,web_development,Front End Developer (Vue / Angular / React) - Outsource,PT Serasi Autoraya (Member of Astra),TypeScript
JOB_0321,frontend-developer,web_development,Front End Developer (Vue / Angular / React) - Outsource,PT Serasi Autoraya (Member of Astra),React.js
JOB_0321,frontend-developer,web_development,Front End Developer (Vue / Angular / React) - Outsource,PT Serasi Autoraya (Member of Astra),Vue.js
JOB_0321,frontend-developer,web_development,Front End Developer (Vue / Angular / React) - Outsource,PT Serasi Autoraya (Member of Astra),Angular
JOB_0321,frontend-developer,web_development,Front End Developer (Vue / Angular / React) - Outsource,PT Serasi Autoraya (Member of Astra),REST API
JOB_0321,frontend-developer,web_development,Front End Developer (Vue / Angular / React) - Outsource,PT Serasi Autoraya (Member of Astra),Git
JOB_0322,frontend-developer,web_development,Front End Engineer,PT Falah Inovasi Teknologi,CSS
JOB_0322,frontend-developer,web_development,Front End Engineer,PT Falah Inovasi Teknologi,JavaScript
JOB_0322,frontend-developer,web_development,Front End Engineer,PT Falah Inovasi Teknologi,TypeScript
JOB_0322,frontend-developer,web_development,Front End Engineer,PT Falah Inovasi Teknologi,React.js
JOB_0322,frontend-developer,web_development,Front End Engineer,PT Falah Inovasi Teknologi,Next.js
JOB_0322,frontend-developer,web_development,Front End Engineer,PT Falah Inovasi Teknologi,Vue.js
JOB_0322,frontend-developer,web_development,Front End Engineer,PT Falah Inovasi Teknologi,Angular
JOB_0322,frontend-developer,web_development,Front End Engineer,PT Falah Inovasi Teknologi,Tailwind CSS
JOB_0322,frontend-developer,web_development,Front End Engineer,PT Falah Inovasi Teknologi,Git
JOB_0322,frontend-developer,web_development,Front End Engineer,PT Falah Inovasi Teknologi,UI/UX
JOB_0322,frontend-developer,web_development,Front End Engineer,PT Falah Inovasi Teknologi,Agile/Scrum
JOB_0323,frontend-developer,web_development,Web Developer,PT Grune Teknologi Indonesia,Python
JOB_0323,frontend-developer,web_development,Web Developer,PT Grune Teknologi Indonesia,MySQL
JOB_0323,frontend-developer,web_development,Web Developer,PT Grune Teknologi Indonesia,JavaScript
JOB_0323,frontend-developer,web_development,Web Developer,PT Grune Teknologi Indonesia,TypeScript
JOB_0323,frontend-developer,web_development,Web Developer,PT Grune Teknologi Indonesia,React.js
JOB_0323,frontend-developer,web_development,Web Developer,PT Grune Teknologi Indonesia,React Native
JOB_0323,frontend-developer,web_development,Web Developer,PT Grune Teknologi Indonesia,Next.js
JOB_0323,frontend-developer,web_development,Web Developer,PT Grune Teknologi Indonesia,Tailwind CSS
JOB_0323,frontend-developer,web_development,Web Developer,PT Grune Teknologi Indonesia,PHP
JOB_0323,frontend-developer,web_development,Web Developer,PT Grune Teknologi Indonesia,Laravel
JOB_0323,frontend-developer,web_development,Web Developer,PT Grune Teknologi Indonesia,AWS
JOB_0323,frontend-developer,web_development,Web Developer,PT Grune Teknologi Indonesia,CI/CD
JOB_0323,frontend-developer,web_development,Web Developer,PT Grune Teknologi Indonesia,Git
JOB_0323,frontend-developer,web_development,Web Developer,PT Grune Teknologi Indonesia,Figma
JOB_0324,frontend-developer,web_development,Junior Web Developer,Solusi Klik,MySQL
JOB_0324,frontend-developer,web_development,Junior Web Developer,Solusi Klik,JavaScript
JOB_0324,frontend-developer,web_development,Junior Web Developer,Solusi Klik,React.js
JOB_0324,frontend-developer,web_development,Junior Web Developer,Solusi Klik,Laravel
JOB_0324,frontend-developer,web_development,Junior Web Developer,Solusi Klik,REST API
JOB_0324,frontend-developer,web_development,Junior Web Developer,Solusi Klik,UI/UX
JOB_0324,frontend-developer,web_development,Junior Web Developer,Solusi Klik,Problem Solving
JOB_0325,frontend-developer,web_development,Frontend Developer,PT Centria Integrity Advisory,CSS
JOB_0325,frontend-developer,web_development,Frontend Developer,PT Centria Integrity Advisory,JavaScript
JOB_0325,frontend-developer,web_development,Frontend Developer,PT Centria Integrity Advisory,TypeScript
JOB_0325,frontend-developer,web_development,Frontend Developer,PT Centria Integrity Advisory,React.js
JOB_0325,frontend-developer,web_development,Frontend Developer,PT Centria Integrity Advisory,Tailwind CSS
JOB_0325,frontend-developer,web_development,Frontend Developer,PT Centria Integrity Advisory,Docker
JOB_0325,frontend-developer,web_development,Frontend Developer,PT Centria Integrity Advisory,Git
JOB_0326,frontend-developer,web_development,Frontend ASP.NET Blazor,PT BANGUNPERKASA  ADHITAMASENTRA,Machine Learning
JOB_0326,frontend-developer,web_development,Frontend ASP.NET Blazor,PT BANGUNPERKASA  ADHITAMASENTRA,HTML
JOB_0326,frontend-developer,web_development,Frontend ASP.NET Blazor,PT BANGUNPERKASA  ADHITAMASENTRA,CSS
JOB_0326,frontend-developer,web_development,Frontend ASP.NET Blazor,PT BANGUNPERKASA  ADHITAMASENTRA,TypeScript
JOB_0326,frontend-developer,web_development,Frontend ASP.NET Blazor,PT BANGUNPERKASA  ADHITAMASENTRA,Bootstrap
JOB_0326,frontend-developer,web_development,Frontend ASP.NET Blazor,PT BANGUNPERKASA  ADHITAMASENTRA,REST API
JOB_0326,frontend-developer,web_development,Frontend ASP.NET Blazor,PT BANGUNPERKASA  ADHITAMASENTRA,Git
JOB_0326,frontend-developer,web_development,Frontend ASP.NET Blazor,PT BANGUNPERKASA  ADHITAMASENTRA,Figma
JOB_0326,frontend-developer,web_development,Frontend ASP.NET Blazor,PT BANGUNPERKASA  ADHITAMASENTRA,UI/UX
JOB_0326,frontend-developer,web_development,Frontend ASP.NET Blazor,PT BANGUNPERKASA  ADHITAMASENTRA,Wireframing
JOB_0326,frontend-developer,web_development,Frontend ASP.NET Blazor,PT BANGUNPERKASA  ADHITAMASENTRA,Problem Solving
JOB_0327,frontend-developer,web_development,Fullstack/Frontend Web Developer,PT Turboly Teknologi Indonesia,MySQL
JOB_0327,frontend-developer,web_development,Fullstack/Frontend Web Developer,PT Turboly Teknologi Indonesia,HTML
JOB_0327,frontend-developer,web_development,Fullstack/Frontend Web Developer,PT Turboly Teknologi Indonesia,CSS
JOB_0327,frontend-developer,web_development,Fullstack/Frontend Web Developer,PT Turboly Teknologi Indonesia,JavaScript
JOB_0327,frontend-developer,web_development,Fullstack/Frontend Web Developer,PT Turboly Teknologi Indonesia,TypeScript
JOB_0327,frontend-developer,web_development,Fullstack/Frontend Web Developer,PT Turboly Teknologi Indonesia,Tailwind CSS
JOB_0327,frontend-developer,web_development,Fullstack/Frontend Web Developer,PT Turboly Teknologi Indonesia,Ruby
JOB_0327,frontend-developer,web_development,Fullstack/Frontend Web Developer,PT Turboly Teknologi Indonesia,REST API
JOB_0327,frontend-developer,web_development,Fullstack/Frontend Web Developer,PT Turboly Teknologi Indonesia,CI/CD
JOB_0327,frontend-developer,web_development,Fullstack/Frontend Web Developer,PT Turboly Teknologi Indonesia,Git
JOB_0327,frontend-developer,web_development,Fullstack/Frontend Web Developer,PT Turboly Teknologi Indonesia,UI/UX
JOB_0327,frontend-developer,web_development,Fullstack/Frontend Web Developer,PT Turboly Teknologi Indonesia,Prototyping
JOB_0327,frontend-developer,web_development,Fullstack/Frontend Web Developer,PT Turboly Teknologi Indonesia,Agile/Scrum
JOB_0328,frontend-developer,web_development,Front End Developer,PT Tjitra Selaras Sampoerno,Python
JOB_0328,frontend-developer,web_development,Front End Developer,PT Tjitra Selaras Sampoerno,Excel
JOB_0328,frontend-developer,web_development,Front End Developer,PT Tjitra Selaras Sampoerno,Machine Learning
JOB_0328,frontend-developer,web_development,Front End Developer,PT Tjitra Selaras Sampoerno,HTML
JOB_0328,frontend-developer,web_development,Front End Developer,PT Tjitra Selaras Sampoerno,CSS
JOB_0328,frontend-developer,web_development,Front End Developer,PT Tjitra Selaras Sampoerno,JavaScript
JOB_0328,frontend-developer,web_development,Front End Developer,PT Tjitra Selaras Sampoerno,TypeScript
JOB_0328,frontend-developer,web_development,Front End Developer,PT Tjitra Selaras Sampoerno,PHP
JOB_0328,frontend-developer,web_development,Front End Developer,PT Tjitra Selaras Sampoerno,REST API
JOB_0328,frontend-developer,web_development,Front End Developer,PT Tjitra Selaras Sampoerno,Git
JOB_0328,frontend-developer,web_development,Front End Developer,PT Tjitra Selaras Sampoerno,UI/UX
JOB_0328,frontend-developer,web_development,Front End Developer,PT Tjitra Selaras Sampoerno,Prototyping
JOB_0329,frontend-developer,web_development,Sr. Frontend Developer (Web + Native UIs),"PT. Trimegah Sekuritas Indonesia, Tbk",Excel
JOB_0329,frontend-developer,web_development,Sr. Frontend Developer (Web + Native UIs),"PT. Trimegah Sekuritas Indonesia, Tbk",HTML
JOB_0329,frontend-developer,web_development,Sr. Frontend Developer (Web + Native UIs),"PT. Trimegah Sekuritas Indonesia, Tbk",CSS
JOB_0329,frontend-developer,web_development,Sr. Frontend Developer (Web + Native UIs),"PT. Trimegah Sekuritas Indonesia, Tbk",JavaScript
JOB_0329,frontend-developer,web_development,Sr. Frontend Developer (Web + Native UIs),"PT. Trimegah Sekuritas Indonesia, Tbk",TypeScript
JOB_0329,frontend-developer,web_development,Sr. Frontend Developer (Web + Native UIs),"PT. Trimegah Sekuritas Indonesia, Tbk",React.js
JOB_0329,frontend-developer,web_development,Sr. Frontend Developer (Web + Native UIs),"PT. Trimegah Sekuritas Indonesia, Tbk",Vue.js
JOB_0329,frontend-developer,web_development,Sr. Frontend Developer (Web + Native UIs),"PT. Trimegah Sekuritas Indonesia, Tbk",Tailwind CSS
JOB_0329,frontend-developer,web_development,Sr. Frontend Developer (Web + Native UIs),"PT. Trimegah Sekuritas Indonesia, Tbk",Bootstrap
JOB_0329,frontend-developer,web_development,Sr. Frontend Developer (Web + Native UIs),"PT. Trimegah Sekuritas Indonesia, Tbk",Java
JOB_0329,frontend-developer,web_development,Sr. Frontend Developer (Web + Native UIs),"PT. Trimegah Sekuritas Indonesia, Tbk",REST API
JOB_0329,frontend-developer,web_development,Sr. Frontend Developer (Web + Native UIs),"PT. Trimegah Sekuritas Indonesia, Tbk",Docker
JOB_0329,frontend-developer,web_development,Sr. Frontend Developer (Web + Native UIs),"PT. Trimegah Sekuritas Indonesia, Tbk",Kubernetes
JOB_0329,frontend-developer,web_development,Sr. Frontend Developer (Web + Native UIs),"PT. Trimegah Sekuritas Indonesia, Tbk",Git
JOB_0329,frontend-developer,web_development,Sr. Frontend Developer (Web + Native UIs),"PT. Trimegah Sekuritas Indonesia, Tbk",UI/UX
JOB_0329,frontend-developer,web_development,Sr. Frontend Developer (Web + Native UIs),"PT. Trimegah Sekuritas Indonesia, Tbk",Wireframing
JOB_0330,frontend-developer,web_development,Frontend Developer,PT Gogomedia Visindo,Machine Learning
JOB_0330,frontend-developer,web_development,Frontend Developer,PT Gogomedia Visindo,HTML
JOB_0330,frontend-developer,web_development,Frontend Developer,PT Gogomedia Visindo,CSS
JOB_0330,frontend-developer,web_development,Frontend Developer,PT Gogomedia Visindo,JavaScript
JOB_0330,frontend-developer,web_development,Frontend Developer,PT Gogomedia Visindo,TypeScript
JOB_0330,frontend-developer,web_development,Frontend Developer,PT Gogomedia Visindo,React.js
JOB_0330,frontend-developer,web_development,Frontend Developer,PT Gogomedia Visindo,React Native
JOB_0330,frontend-developer,web_development,Frontend Developer,PT Gogomedia Visindo,REST API
JOB_0330,frontend-developer,web_development,Frontend Developer,PT Gogomedia Visindo,Git
JOB_0330,frontend-developer,web_development,Frontend Developer,PT Gogomedia Visindo,UI/UX
JOB_0331,frontend-developer,web_development,IT Fullstack Developer,PT Sinar Sukses Mandiri,MySQL
JOB_0331,frontend-developer,web_development,IT Fullstack Developer,PT Sinar Sukses Mandiri,CSS
JOB_0331,frontend-developer,web_development,IT Fullstack Developer,PT Sinar Sukses Mandiri,JavaScript
JOB_0331,frontend-developer,web_development,IT Fullstack Developer,PT Sinar Sukses Mandiri,React.js
JOB_0331,frontend-developer,web_development,IT Fullstack Developer,PT Sinar Sukses Mandiri,Vue.js
JOB_0331,frontend-developer,web_development,IT Fullstack Developer,PT Sinar Sukses Mandiri,Node.js
JOB_0331,frontend-developer,web_development,IT Fullstack Developer,PT Sinar Sukses Mandiri,Golang
JOB_0331,frontend-developer,web_development,IT Fullstack Developer,PT Sinar Sukses Mandiri,Java
JOB_0331,frontend-developer,web_development,IT Fullstack Developer,PT Sinar Sukses Mandiri,Spring Boot
JOB_0331,frontend-developer,web_development,IT Fullstack Developer,PT Sinar Sukses Mandiri,REST API
JOB_0332,frontend-developer,web_development,PROGRAMMER WEB,Pengiklan Anonim,SQL
JOB_0332,frontend-developer,web_development,PROGRAMMER WEB,Pengiklan Anonim,JavaScript
JOB_0332,frontend-developer,web_development,PROGRAMMER WEB,Pengiklan Anonim,PHP
JOB_0332,frontend-developer,web_development,PROGRAMMER WEB,Pengiklan Anonim,Agile/Scrum
JOB_0333,frontend-developer,web_development,Web Developer Intern,PT Indolok Bakti Utama,SQL
JOB_0333,frontend-developer,web_development,Web Developer Intern,PT Indolok Bakti Utama,MySQL
JOB_0333,frontend-developer,web_development,Web Developer Intern,PT Indolok Bakti Utama,Machine Learning
JOB_0333,frontend-developer,web_development,Web Developer Intern,PT Indolok Bakti Utama,HTML
JOB_0333,frontend-developer,web_development,Web Developer Intern,PT Indolok Bakti Utama,CSS
JOB_0333,frontend-developer,web_development,Web Developer Intern,PT Indolok Bakti Utama,JavaScript
JOB_0333,frontend-developer,web_development,Web Developer Intern,PT Indolok Bakti Utama,TypeScript
JOB_0333,frontend-developer,web_development,Web Developer Intern,PT Indolok Bakti Utama,Tailwind CSS
JOB_0333,frontend-developer,web_development,Web Developer Intern,PT Indolok Bakti Utama,PHP
JOB_0333,frontend-developer,web_development,Web Developer Intern,PT Indolok Bakti Utama,Laravel
JOB_0333,frontend-developer,web_development,Web Developer Intern,PT Indolok Bakti Utama,Git
JOB_0333,frontend-developer,web_development,Web Developer Intern,PT Indolok Bakti Utama,UI/UX
JOB_0334,frontend-developer,web_development,Fullstack developer,PT Kodenusa Tekno Buana,MongoDB
JOB_0334,frontend-developer,web_development,Fullstack developer,PT Kodenusa Tekno Buana,JavaScript
JOB_0334,frontend-developer,web_development,Fullstack developer,PT Kodenusa Tekno Buana,React.js
JOB_0334,frontend-developer,web_development,Fullstack developer,PT Kodenusa Tekno Buana,Next.js
JOB_0334,frontend-developer,web_development,Fullstack developer,PT Kodenusa Tekno Buana,Vue.js
JOB_0334,frontend-developer,web_development,Fullstack developer,PT Kodenusa Tekno Buana,Angular
JOB_0334,frontend-developer,web_development,Fullstack developer,PT Kodenusa Tekno Buana,Node.js
JOB_0334,frontend-developer,web_development,Fullstack developer,PT Kodenusa Tekno Buana,Laravel
JOB_0334,frontend-developer,web_development,Fullstack developer,PT Kodenusa Tekno Buana,REST API
JOB_0334,frontend-developer,web_development,Fullstack developer,PT Kodenusa Tekno Buana,Git
JOB_0334,frontend-developer,web_development,Fullstack developer,PT Kodenusa Tekno Buana,Microservices
JOB_0335,frontend-developer,web_development,Frontend Developer,PT Abhimata Persada,CSS
JOB_0335,frontend-developer,web_development,Frontend Developer,PT Abhimata Persada,JavaScript
JOB_0335,frontend-developer,web_development,Frontend Developer,PT Abhimata Persada,TypeScript
JOB_0335,frontend-developer,web_development,Frontend Developer,PT Abhimata Persada,React.js
JOB_0335,frontend-developer,web_development,Frontend Developer,PT Abhimata Persada,Next.js
JOB_0335,frontend-developer,web_development,Frontend Developer,PT Abhimata Persada,Vue.js
JOB_0335,frontend-developer,web_development,Frontend Developer,PT Abhimata Persada,Angular
JOB_0335,frontend-developer,web_development,Frontend Developer,PT Abhimata Persada,Tailwind CSS
JOB_0335,frontend-developer,web_development,Frontend Developer,PT Abhimata Persada,Git
JOB_0335,frontend-developer,web_development,Frontend Developer,PT Abhimata Persada,UI/UX
JOB_0335,frontend-developer,web_development,Frontend Developer,PT Abhimata Persada,Agile/Scrum
JOB_0336,frontend-developer,web_development,Web Programmer,PT Panin Asset Management,Machine Learning
JOB_0336,frontend-developer,web_development,Web Programmer,PT Panin Asset Management,HTML
JOB_0336,frontend-developer,web_development,Web Programmer,PT Panin Asset Management,CSS
JOB_0336,frontend-developer,web_development,Web Programmer,PT Panin Asset Management,JavaScript
JOB_0336,frontend-developer,web_development,Web Programmer,PT Panin Asset Management,TypeScript
JOB_0336,frontend-developer,web_development,Web Programmer,PT Panin Asset Management,.NET
JOB_0336,frontend-developer,web_development,Web Programmer,PT Panin Asset Management,REST API
JOB_0337,frontend-developer,web_development,Full Stack Developer,Solutech Indonesia Maju,SQL
JOB_0337,frontend-developer,web_development,Full Stack Developer,Solutech Indonesia Maju,PostgreSQL
JOB_0337,frontend-developer,web_development,Full Stack Developer,Solutech Indonesia Maju,JavaScript
JOB_0337,frontend-developer,web_development,Full Stack Developer,Solutech Indonesia Maju,TypeScript
JOB_0337,frontend-developer,web_development,Full Stack Developer,Solutech Indonesia Maju,React.js
JOB_0337,frontend-developer,web_development,Full Stack Developer,Solutech Indonesia Maju,Next.js
JOB_0337,frontend-developer,web_development,Full Stack Developer,Solutech Indonesia Maju,Node.js
JOB_0337,frontend-developer,web_development,Full Stack Developer,Solutech Indonesia Maju,REST API
JOB_0337,frontend-developer,web_development,Full Stack Developer,Solutech Indonesia Maju,Git
JOB_0337,frontend-developer,web_development,Full Stack Developer,Solutech Indonesia Maju,UI/UX
JOB_0338,frontend-developer,web_development,"Senior Software Engineer (FE, React/React Native)",Luce Maintenance Group,CSS
JOB_0338,frontend-developer,web_development,"Senior Software Engineer (FE, React/React Native)",Luce Maintenance Group,JavaScript
JOB_0338,frontend-developer,web_development,"Senior Software Engineer (FE, React/React Native)",Luce Maintenance Group,TypeScript
JOB_0338,frontend-developer,web_development,"Senior Software Engineer (FE, React/React Native)",Luce Maintenance Group,React.js
JOB_0338,frontend-developer,web_development,"Senior Software Engineer (FE, React/React Native)",Luce Maintenance Group,React Native
JOB_0338,frontend-developer,web_development,"Senior Software Engineer (FE, React/React Native)",Luce Maintenance Group,Next.js
JOB_0338,frontend-developer,web_development,"Senior Software Engineer (FE, React/React Native)",Luce Maintenance Group,Tailwind CSS
JOB_0338,frontend-developer,web_development,"Senior Software Engineer (FE, React/React Native)",Luce Maintenance Group,GraphQL
JOB_0338,frontend-developer,web_development,"Senior Software Engineer (FE, React/React Native)",Luce Maintenance Group,CI/CD
JOB_0338,frontend-developer,web_development,"Senior Software Engineer (FE, React/React Native)",Luce Maintenance Group,Git
JOB_0339,frontend-developer,web_development,IT Programmer Staff,PT Rusli Vinilon Sakti,Python
JOB_0339,frontend-developer,web_development,IT Programmer Staff,PT Rusli Vinilon Sakti,SQL
JOB_0339,frontend-developer,web_development,IT Programmer Staff,PT Rusli Vinilon Sakti,PostgreSQL
JOB_0339,frontend-developer,web_development,IT Programmer Staff,PT Rusli Vinilon Sakti,MySQL
JOB_0339,frontend-developer,web_development,IT Programmer Staff,PT Rusli Vinilon Sakti,Excel
JOB_0339,frontend-developer,web_development,IT Programmer Staff,PT Rusli Vinilon Sakti,Java
JOB_0339,frontend-developer,web_development,IT Programmer Staff,PT Rusli Vinilon Sakti,REST API
JOB_0341,frontend-developer,web_development,APPLICATION DEVELOPER,Raditya Mulia Lestari (RML),REST API
JOB_0342,frontend-developer,web_development,Fullstack Developer,PT Adi Data Informatika,SQL
JOB_0342,frontend-developer,web_development,Fullstack Developer,PT Adi Data Informatika,PostgreSQL
JOB_0342,frontend-developer,web_development,Fullstack Developer,PT Adi Data Informatika,MySQL
JOB_0342,frontend-developer,web_development,Fullstack Developer,PT Adi Data Informatika,HTML
JOB_0342,frontend-developer,web_development,Fullstack Developer,PT Adi Data Informatika,CSS
JOB_0342,frontend-developer,web_development,Fullstack Developer,PT Adi Data Informatika,JavaScript
JOB_0342,frontend-developer,web_development,Fullstack Developer,PT Adi Data Informatika,TypeScript
JOB_0342,frontend-developer,web_development,Fullstack Developer,PT Adi Data Informatika,React.js
JOB_0342,frontend-developer,web_development,Fullstack Developer,PT Adi Data Informatika,Next.js
JOB_0342,frontend-developer,web_development,Fullstack Developer,PT Adi Data Informatika,Java
JOB_0342,frontend-developer,web_development,Fullstack Developer,PT Adi Data Informatika,Spring Boot
JOB_0342,frontend-developer,web_development,Fullstack Developer,PT Adi Data Informatika,REST API
JOB_0342,frontend-developer,web_development,Fullstack Developer,PT Adi Data Informatika,Git
JOB_0342,frontend-developer,web_development,Fullstack Developer,PT Adi Data Informatika,Microservices
JOB_0342,frontend-developer,web_development,Fullstack Developer,PT Adi Data Informatika,Problem Solving
JOB_0343,frontend-developer,web_development,IT Programmer,PT Asco Prima Mobilindo,SQL
JOB_0343,frontend-developer,web_development,IT Programmer,PT Asco Prima Mobilindo,JavaScript
JOB_0343,frontend-developer,web_development,IT Programmer,PT Asco Prima Mobilindo,Vue.js
JOB_0343,frontend-developer,web_development,IT Programmer,PT Asco Prima Mobilindo,PHP
JOB_0343,frontend-developer,web_development,IT Programmer,PT Asco Prima Mobilindo,Laravel
JOB_0344,frontend-developer,web_development,Web Developer,PT Petrolink Services Indonesia,Excel
JOB_0344,frontend-developer,web_development,Web Developer,PT Petrolink Services Indonesia,Machine Learning
JOB_0344,frontend-developer,web_development,Web Developer,PT Petrolink Services Indonesia,HTML
JOB_0344,frontend-developer,web_development,Web Developer,PT Petrolink Services Indonesia,CSS
JOB_0344,frontend-developer,web_development,Web Developer,PT Petrolink Services Indonesia,JavaScript
JOB_0344,frontend-developer,web_development,Web Developer,PT Petrolink Services Indonesia,TypeScript
JOB_0344,frontend-developer,web_development,Web Developer,PT Petrolink Services Indonesia,React.js
JOB_0344,frontend-developer,web_development,Web Developer,PT Petrolink Services Indonesia,Next.js
JOB_0344,frontend-developer,web_development,Web Developer,PT Petrolink Services Indonesia,Angular
JOB_0344,frontend-developer,web_development,Web Developer,PT Petrolink Services Indonesia,Agile/Scrum
JOB_0345,frontend-developer,web_development,IT Developer,PT Wahana Sejahtera Indonesia,Python
JOB_0345,frontend-developer,web_development,IT Developer,PT Wahana Sejahtera Indonesia,SQL
JOB_0345,frontend-developer,web_development,IT Developer,PT Wahana Sejahtera Indonesia,JavaScript
JOB_0345,frontend-developer,web_development,IT Developer,PT Wahana Sejahtera Indonesia,Node.js
JOB_0345,frontend-developer,web_development,IT Developer,PT Wahana Sejahtera Indonesia,PHP
JOB_0345,frontend-developer,web_development,IT Developer,PT Wahana Sejahtera Indonesia,Golang
JOB_0345,frontend-developer,web_development,IT Developer,PT Wahana Sejahtera Indonesia,Java
JOB_0345,frontend-developer,web_development,IT Developer,PT Wahana Sejahtera Indonesia,REST API
JOB_0345,frontend-developer,web_development,IT Developer,PT Wahana Sejahtera Indonesia,GraphQL
JOB_0345,frontend-developer,web_development,IT Developer,PT Wahana Sejahtera Indonesia,AWS
JOB_0345,frontend-developer,web_development,IT Developer,PT Wahana Sejahtera Indonesia,GCP
JOB_0345,frontend-developer,web_development,IT Developer,PT Wahana Sejahtera Indonesia,CI/CD
JOB_0345,frontend-developer,web_development,IT Developer,PT Wahana Sejahtera Indonesia,Microservices
JOB_0346,frontend-developer,web_development,IT Programmer,MOMIASI OFFICIAL,PostgreSQL
JOB_0346,frontend-developer,web_development,IT Programmer,MOMIASI OFFICIAL,MySQL
JOB_0346,frontend-developer,web_development,IT Programmer,MOMIASI OFFICIAL,HTML
JOB_0346,frontend-developer,web_development,IT Programmer,MOMIASI OFFICIAL,CSS
JOB_0346,frontend-developer,web_development,IT Programmer,MOMIASI OFFICIAL,JavaScript
JOB_0346,frontend-developer,web_development,IT Programmer,MOMIASI OFFICIAL,Laravel
JOB_0346,frontend-developer,web_development,IT Programmer,MOMIASI OFFICIAL,REST API
JOB_0346,frontend-developer,web_development,IT Programmer,MOMIASI OFFICIAL,UI/UX
JOB_0347,frontend-developer,web_development,IT Full Stack Developer,PT Sahabat Sentra Asia,PostgreSQL
JOB_0347,frontend-developer,web_development,IT Full Stack Developer,PT Sahabat Sentra Asia,MySQL
JOB_0347,frontend-developer,web_development,IT Full Stack Developer,PT Sahabat Sentra Asia,Machine Learning
JOB_0347,frontend-developer,web_development,IT Full Stack Developer,PT Sahabat Sentra Asia,HTML
JOB_0347,frontend-developer,web_development,IT Full Stack Developer,PT Sahabat Sentra Asia,CSS
JOB_0347,frontend-developer,web_development,IT Full Stack Developer,PT Sahabat Sentra Asia,JavaScript
JOB_0347,frontend-developer,web_development,IT Full Stack Developer,PT Sahabat Sentra Asia,React.js
JOB_0347,frontend-developer,web_development,IT Full Stack Developer,PT Sahabat Sentra Asia,Vue.js
JOB_0347,frontend-developer,web_development,IT Full Stack Developer,PT Sahabat Sentra Asia,Node.js
JOB_0347,frontend-developer,web_development,IT Full Stack Developer,PT Sahabat Sentra Asia,PHP
JOB_0347,frontend-developer,web_development,IT Full Stack Developer,PT Sahabat Sentra Asia,Laravel
JOB_0347,frontend-developer,web_development,IT Full Stack Developer,PT Sahabat Sentra Asia,REST API
JOB_0347,frontend-developer,web_development,IT Full Stack Developer,PT Sahabat Sentra Asia,Problem Solving
JOB_0348,frontend-developer,web_development,Full Stack Developer,Yayasan BPK Penabur Jakarta,SQL
JOB_0348,frontend-developer,web_development,Full Stack Developer,Yayasan BPK Penabur Jakarta,PostgreSQL
JOB_0348,frontend-developer,web_development,Full Stack Developer,Yayasan BPK Penabur Jakarta,MySQL
JOB_0348,frontend-developer,web_development,Full Stack Developer,Yayasan BPK Penabur Jakarta,JavaScript
JOB_0348,frontend-developer,web_development,Full Stack Developer,Yayasan BPK Penabur Jakarta,React.js
JOB_0348,frontend-developer,web_development,Full Stack Developer,Yayasan BPK Penabur Jakarta,Node.js
JOB_0348,frontend-developer,web_development,Full Stack Developer,Yayasan BPK Penabur Jakarta,REST API
JOB_0348,frontend-developer,web_development,Full Stack Developer,Yayasan BPK Penabur Jakarta,Git
JOB_0349,frontend-developer,web_development,Full Stack Engineer,PT DIGITAL XCELERATION NUSANTARA,SQL
JOB_0349,frontend-developer,web_development,Full Stack Engineer,PT DIGITAL XCELERATION NUSANTARA,MongoDB
JOB_0349,frontend-developer,web_development,Full Stack Engineer,PT DIGITAL XCELERATION NUSANTARA,Machine Learning
JOB_0349,frontend-developer,web_development,Full Stack Engineer,PT DIGITAL XCELERATION NUSANTARA,HTML
JOB_0349,frontend-developer,web_development,Full Stack Engineer,PT DIGITAL XCELERATION NUSANTARA,CSS
JOB_0349,frontend-developer,web_development,Full Stack Engineer,PT DIGITAL XCELERATION NUSANTARA,JavaScript
JOB_0349,frontend-developer,web_development,Full Stack Engineer,PT DIGITAL XCELERATION NUSANTARA,React.js
JOB_0349,frontend-developer,web_development,Full Stack Engineer,PT DIGITAL XCELERATION NUSANTARA,React Native
JOB_0349,frontend-developer,web_development,Full Stack Engineer,PT DIGITAL XCELERATION NUSANTARA,Vue.js
JOB_0349,frontend-developer,web_development,Full Stack Engineer,PT DIGITAL XCELERATION NUSANTARA,Java
JOB_0349,frontend-developer,web_development,Full Stack Engineer,PT DIGITAL XCELERATION NUSANTARA,Spring Boot
JOB_0349,frontend-developer,web_development,Full Stack Engineer,PT DIGITAL XCELERATION NUSANTARA,GraphQL
JOB_0349,frontend-developer,web_development,Full Stack Engineer,PT DIGITAL XCELERATION NUSANTARA,AWS
JOB_0349,frontend-developer,web_development,Full Stack Engineer,PT DIGITAL XCELERATION NUSANTARA,GCP
JOB_0349,frontend-developer,web_development,Full Stack Engineer,PT DIGITAL XCELERATION NUSANTARA,Azure
JOB_0349,frontend-developer,web_development,Full Stack Engineer,PT DIGITAL XCELERATION NUSANTARA,Microservices
JOB_0349,frontend-developer,web_development,Full Stack Engineer,PT DIGITAL XCELERATION NUSANTARA,Agile/Scrum
JOB_0350,frontend-developer,web_development,IT Programmer,PT BPR Prima Kredit Mandiri,SQL
JOB_0350,frontend-developer,web_development,IT Programmer,PT BPR Prima Kredit Mandiri,PostgreSQL
JOB_0350,frontend-developer,web_development,IT Programmer,PT BPR Prima Kredit Mandiri,MySQL
JOB_0350,frontend-developer,web_development,IT Programmer,PT BPR Prima Kredit Mandiri,Machine Learning
JOB_0350,frontend-developer,web_development,IT Programmer,PT BPR Prima Kredit Mandiri,HTML
JOB_0350,frontend-developer,web_development,IT Programmer,PT BPR Prima Kredit Mandiri,CSS
JOB_0350,frontend-developer,web_development,IT Programmer,PT BPR Prima Kredit Mandiri,JavaScript
JOB_0350,frontend-developer,web_development,IT Programmer,PT BPR Prima Kredit Mandiri,React.js
JOB_0350,frontend-developer,web_development,IT Programmer,PT BPR Prima Kredit Mandiri,Vue.js
JOB_0350,frontend-developer,web_development,IT Programmer,PT BPR Prima Kredit Mandiri,Angular
JOB_0350,frontend-developer,web_development,IT Programmer,PT BPR Prima Kredit Mandiri,.NET
JOB_0350,frontend-developer,web_development,IT Programmer,PT BPR Prima Kredit Mandiri,REST API
JOB_0350,frontend-developer,web_development,IT Programmer,PT BPR Prima Kredit Mandiri,Git
JOB_0350,frontend-developer,web_development,IT Programmer,PT BPR Prima Kredit Mandiri,UI/UX
JOB_0350,frontend-developer,web_development,IT Programmer,PT BPR Prima Kredit Mandiri,Problem Solving
JOB_0351,frontend-developer,web_development,Web Trading Developer,PT Micro Piranti Computer,SQL
JOB_0351,frontend-developer,web_development,Web Trading Developer,PT Micro Piranti Computer,PostgreSQL
JOB_0351,frontend-developer,web_development,Web Trading Developer,PT Micro Piranti Computer,MySQL
JOB_0351,frontend-developer,web_development,Web Trading Developer,PT Micro Piranti Computer,Machine Learning
JOB_0351,frontend-developer,web_development,Web Trading Developer,PT Micro Piranti Computer,HTML
JOB_0351,frontend-developer,web_development,Web Trading Developer,PT Micro Piranti Computer,CSS
JOB_0351,frontend-developer,web_development,Web Trading Developer,PT Micro Piranti Computer,JavaScript
JOB_0351,frontend-developer,web_development,Web Trading Developer,PT Micro Piranti Computer,REST API
JOB_0351,frontend-developer,web_development,Web Trading Developer,PT Micro Piranti Computer,Git
JOB_0352,frontend-developer,web_development,IT Front End Developer Supervisor,Orang Tua Group,Python
JOB_0352,frontend-developer,web_development,IT Front End Developer Supervisor,Orang Tua Group,FastAPI
JOB_0352,frontend-developer,web_development,IT Front End Developer Supervisor,Orang Tua Group,REST API
JOB_0352,frontend-developer,web_development,IT Front End Developer Supervisor,Orang Tua Group,Agile/Scrum
JOB_0353,frontend-developer,web_development,IT System Analyst,Moya Holdings Asia Limited,SQL
JOB_0353,frontend-developer,web_development,IT System Analyst,Moya Holdings Asia Limited,PostgreSQL
JOB_0353,frontend-developer,web_development,IT System Analyst,Moya Holdings Asia Limited,MySQL
JOB_0353,frontend-developer,web_development,IT System Analyst,Moya Holdings Asia Limited,Machine Learning
JOB_0353,frontend-developer,web_development,IT System Analyst,Moya Holdings Asia Limited,HTML
JOB_0353,frontend-developer,web_development,IT System Analyst,Moya Holdings Asia Limited,JavaScript
JOB_0353,frontend-developer,web_development,IT System Analyst,Moya Holdings Asia Limited,React.js
JOB_0353,frontend-developer,web_development,IT System Analyst,Moya Holdings Asia Limited,Vue.js
JOB_0353,frontend-developer,web_development,IT System Analyst,Moya Holdings Asia Limited,Node.js
JOB_0353,frontend-developer,web_development,IT System Analyst,Moya Holdings Asia Limited,PHP
JOB_0353,frontend-developer,web_development,IT System Analyst,Moya Holdings Asia Limited,Java
JOB_0353,frontend-developer,web_development,IT System Analyst,Moya Holdings Asia Limited,REST API
JOB_0354,frontend-developer,web_development,Web Designer,PT Lelco Trindo Graha Nusantara,Machine Learning
JOB_0354,frontend-developer,web_development,Web Designer,PT Lelco Trindo Graha Nusantara,HTML
JOB_0354,frontend-developer,web_development,Web Designer,PT Lelco Trindo Graha Nusantara,CSS
JOB_0354,frontend-developer,web_development,Web Designer,PT Lelco Trindo Graha Nusantara,TypeScript
JOB_0354,frontend-developer,web_development,Web Designer,PT Lelco Trindo Graha Nusantara,UI/UX
JOB_0355,frontend-developer,web_development,Programmer,PT. Lestari Mulia Sentosa,Python
JOB_0355,frontend-developer,web_development,Programmer,PT. Lestari Mulia Sentosa,MySQL
JOB_0355,frontend-developer,web_development,Programmer,PT. Lestari Mulia Sentosa,PHP
JOB_0355,frontend-developer,web_development,Programmer,PT. Lestari Mulia Sentosa,Laravel
JOB_0356,frontend-developer,web_development,Front End Engineer,PT Sentra Vidya Utama,Machine Learning
JOB_0356,frontend-developer,web_development,Front End Engineer,PT Sentra Vidya Utama,HTML
JOB_0356,frontend-developer,web_development,Front End Engineer,PT Sentra Vidya Utama,CSS
JOB_0356,frontend-developer,web_development,Front End Engineer,PT Sentra Vidya Utama,JavaScript
JOB_0356,frontend-developer,web_development,Front End Engineer,PT Sentra Vidya Utama,TypeScript
JOB_0356,frontend-developer,web_development,Front End Engineer,PT Sentra Vidya Utama,React.js
JOB_0356,frontend-developer,web_development,Front End Engineer,PT Sentra Vidya Utama,Next.js
JOB_0356,frontend-developer,web_development,Front End Engineer,PT Sentra Vidya Utama,Vue.js
JOB_0356,frontend-developer,web_development,Front End Engineer,PT Sentra Vidya Utama,REST API
JOB_0356,frontend-developer,web_development,Front End Engineer,PT Sentra Vidya Utama,Git
JOB_0356,frontend-developer,web_development,Front End Engineer,PT Sentra Vidya Utama,Figma
JOB_0356,frontend-developer,web_development,Front End Engineer,PT Sentra Vidya Utama,UI/UX
JOB_0356,frontend-developer,web_development,Front End Engineer,PT Sentra Vidya Utama,Agile/Scrum
JOB_0357,frontend-developer,web_development,Frontend Developer (Contract),LOGIQUE,Machine Learning
JOB_0357,frontend-developer,web_development,Frontend Developer (Contract),LOGIQUE,HTML
JOB_0357,frontend-developer,web_development,Frontend Developer (Contract),LOGIQUE,CSS
JOB_0357,frontend-developer,web_development,Frontend Developer (Contract),LOGIQUE,JavaScript
JOB_0357,frontend-developer,web_development,Frontend Developer (Contract),LOGIQUE,TypeScript
JOB_0357,frontend-developer,web_development,Frontend Developer (Contract),LOGIQUE,React.js
JOB_0357,frontend-developer,web_development,Frontend Developer (Contract),LOGIQUE,Tailwind CSS
JOB_0357,frontend-developer,web_development,Frontend Developer (Contract),LOGIQUE,Bootstrap
JOB_0357,frontend-developer,web_development,Frontend Developer (Contract),LOGIQUE,Spring Boot
JOB_0357,frontend-developer,web_development,Frontend Developer (Contract),LOGIQUE,REST API
JOB_0357,frontend-developer,web_development,Frontend Developer (Contract),LOGIQUE,GraphQL
JOB_0357,frontend-developer,web_development,Frontend Developer (Contract),LOGIQUE,Git
JOB_0357,frontend-developer,web_development,Frontend Developer (Contract),LOGIQUE,UI/UX
JOB_0358,frontend-developer,web_development,"Fullstack Developer (AI-Assisted Dev, Node.js, React, GraphQL)",PT. BADAN KODEFOX TECHNOLOGY SERVICE,Machine Learning
JOB_0358,frontend-developer,web_development,"Fullstack Developer (AI-Assisted Dev, Node.js, React, GraphQL)",PT. BADAN KODEFOX TECHNOLOGY SERVICE,JavaScript
JOB_0358,frontend-developer,web_development,"Fullstack Developer (AI-Assisted Dev, Node.js, React, GraphQL)",PT. BADAN KODEFOX TECHNOLOGY SERVICE,TypeScript
JOB_0358,frontend-developer,web_development,"Fullstack Developer (AI-Assisted Dev, Node.js, React, GraphQL)",PT. BADAN KODEFOX TECHNOLOGY SERVICE,React.js
JOB_0358,frontend-developer,web_development,"Fullstack Developer (AI-Assisted Dev, Node.js, React, GraphQL)",PT. BADAN KODEFOX TECHNOLOGY SERVICE,Next.js
JOB_0358,frontend-developer,web_development,"Fullstack Developer (AI-Assisted Dev, Node.js, React, GraphQL)",PT. BADAN KODEFOX TECHNOLOGY SERVICE,Node.js
JOB_0358,frontend-developer,web_development,"Fullstack Developer (AI-Assisted Dev, Node.js, React, GraphQL)",PT. BADAN KODEFOX TECHNOLOGY SERVICE,REST API
JOB_0358,frontend-developer,web_development,"Fullstack Developer (AI-Assisted Dev, Node.js, React, GraphQL)",PT. BADAN KODEFOX TECHNOLOGY SERVICE,GraphQL
JOB_0358,frontend-developer,web_development,"Fullstack Developer (AI-Assisted Dev, Node.js, React, GraphQL)",PT. BADAN KODEFOX TECHNOLOGY SERVICE,Git
JOB_0359,frontend-developer,web_development,Frontend Engineer Web React.Js,"PT. BFI FINANCE INDONESIA, Tbk",Machine Learning
JOB_0359,frontend-developer,web_development,Frontend Engineer Web React.Js,"PT. BFI FINANCE INDONESIA, Tbk",HTML
JOB_0359,frontend-developer,web_development,Frontend Engineer Web React.Js,"PT. BFI FINANCE INDONESIA, Tbk",CSS
JOB_0359,frontend-developer,web_development,Frontend Engineer Web React.Js,"PT. BFI FINANCE INDONESIA, Tbk",JavaScript
JOB_0359,frontend-developer,web_development,Frontend Engineer Web React.Js,"PT. BFI FINANCE INDONESIA, Tbk",TypeScript
JOB_0359,frontend-developer,web_development,Frontend Engineer Web React.Js,"PT. BFI FINANCE INDONESIA, Tbk",REST API
JOB_0359,frontend-developer,web_development,Frontend Engineer Web React.Js,"PT. BFI FINANCE INDONESIA, Tbk",Git
JOB_0359,frontend-developer,web_development,Frontend Engineer Web React.Js,"PT. BFI FINANCE INDONESIA, Tbk",UI/UX
JOB_0359,frontend-developer,web_development,Frontend Engineer Web React.Js,"PT. BFI FINANCE INDONESIA, Tbk",Agile/Scrum
JOB_0360,frontend-developer,web_development,FULL STACK SOFTWARE DEVELOPER,Pengiklan Anonim,Python
JOB_0360,frontend-developer,web_development,FULL STACK SOFTWARE DEVELOPER,Pengiklan Anonim,SQL
JOB_0360,frontend-developer,web_development,FULL STACK SOFTWARE DEVELOPER,Pengiklan Anonim,JavaScript
JOB_0360,frontend-developer,web_development,FULL STACK SOFTWARE DEVELOPER,Pengiklan Anonim,TypeScript
JOB_0360,frontend-developer,web_development,FULL STACK SOFTWARE DEVELOPER,Pengiklan Anonim,React.js
JOB_0360,frontend-developer,web_development,FULL STACK SOFTWARE DEVELOPER,Pengiklan Anonim,Next.js
JOB_0360,frontend-developer,web_development,FULL STACK SOFTWARE DEVELOPER,Pengiklan Anonim,Node.js
JOB_0360,frontend-developer,web_development,FULL STACK SOFTWARE DEVELOPER,Pengiklan Anonim,REST API
JOB_0360,frontend-developer,web_development,FULL STACK SOFTWARE DEVELOPER,Pengiklan Anonim,Git
JOB_0360,frontend-developer,web_development,FULL STACK SOFTWARE DEVELOPER,Pengiklan Anonim,Wireframing
JOB_0360,frontend-developer,web_development,FULL STACK SOFTWARE DEVELOPER,Pengiklan Anonim,Prototyping
JOB_0361,frontend-developer,web_development,Fullstack Developer,PT Siba Surya,Python
JOB_0361,frontend-developer,web_development,Fullstack Developer,PT Siba Surya,SQL
JOB_0361,frontend-developer,web_development,Fullstack Developer,PT Siba Surya,TypeScript
JOB_0361,frontend-developer,web_development,Fullstack Developer,PT Siba Surya,Golang
JOB_0361,frontend-developer,web_development,Fullstack Developer,PT Siba Surya,REST API
JOB_0361,frontend-developer,web_development,Fullstack Developer,PT Siba Surya,Docker
JOB_0361,frontend-developer,web_development,Fullstack Developer,PT Siba Surya,AWS
JOB_0361,frontend-developer,web_development,Fullstack Developer,PT Siba Surya,GCP
JOB_0361,frontend-developer,web_development,Fullstack Developer,PT Siba Surya,Azure
JOB_0361,frontend-developer,web_development,Fullstack Developer,PT Siba Surya,Git
JOB_0361,frontend-developer,web_development,Fullstack Developer,PT Siba Surya,Linux
JOB_0361,frontend-developer,web_development,Fullstack Developer,PT Siba Surya,UI/UX
JOB_0361,frontend-developer,web_development,Fullstack Developer,PT Siba Surya,Problem Solving
JOB_0362,frontend-developer,web_development,IT Programmer,PT Nusantara Pelabuhan Handal Tbk,SQL
JOB_0362,frontend-developer,web_development,IT Programmer,PT Nusantara Pelabuhan Handal Tbk,MySQL
JOB_0362,frontend-developer,web_development,IT Programmer,PT Nusantara Pelabuhan Handal Tbk,TypeScript
JOB_0362,frontend-developer,web_development,IT Programmer,PT Nusantara Pelabuhan Handal Tbk,PHP
JOB_0362,frontend-developer,web_development,IT Programmer,PT Nusantara Pelabuhan Handal Tbk,Laravel
JOB_0363,frontend-developer,web_development,IT Programmer,PT Sinar Surya Bajaprofilindo,SQL
JOB_0364,frontend-developer,web_development,Application Support / Programmer C# EDI,PT. ANEKA WARNA GEMILANG,Excel
JOB_0364,frontend-developer,web_development,Application Support / Programmer C# EDI,PT. ANEKA WARNA GEMILANG,HTML
JOB_0364,frontend-developer,web_development,Application Support / Programmer C# EDI,PT. ANEKA WARNA GEMILANG,CSS
JOB_0364,frontend-developer,web_development,Application Support / Programmer C# EDI,PT. ANEKA WARNA GEMILANG,JavaScript
JOB_0364,frontend-developer,web_development,Application Support / Programmer C# EDI,PT. ANEKA WARNA GEMILANG,TypeScript
JOB_0364,frontend-developer,web_development,Application Support / Programmer C# EDI,PT. ANEKA WARNA GEMILANG,REST API
JOB_0364,frontend-developer,web_development,Application Support / Programmer C# EDI,PT. ANEKA WARNA GEMILANG,Docker
JOB_0364,frontend-developer,web_development,Application Support / Programmer C# EDI,PT. ANEKA WARNA GEMILANG,AWS
JOB_0364,frontend-developer,web_development,Application Support / Programmer C# EDI,PT. ANEKA WARNA GEMILANG,CI/CD
JOB_0364,frontend-developer,web_development,Application Support / Programmer C# EDI,PT. ANEKA WARNA GEMILANG,Microservices
JOB_0365,frontend-developer,web_development,Fullstack Developer,PT Forty Resources,Laravel
JOB_0365,frontend-developer,web_development,Fullstack Developer,PT Forty Resources,REST API
JOB_0365,frontend-developer,web_development,Fullstack Developer,PT Forty Resources,Linux
JOB_0365,frontend-developer,web_development,Fullstack Developer,PT Forty Resources,UI/UX
JOB_0366,frontend-developer,web_development,IT Developer,PT Argo Manunggal Triasta,Machine Learning
JOB_0366,frontend-developer,web_development,IT Developer,PT Argo Manunggal Triasta,HTML
JOB_0366,frontend-developer,web_development,IT Developer,PT Argo Manunggal Triasta,CSS
JOB_0366,frontend-developer,web_development,IT Developer,PT Argo Manunggal Triasta,JavaScript
JOB_0366,frontend-developer,web_development,IT Developer,PT Argo Manunggal Triasta,PHP
JOB_0366,frontend-developer,web_development,IT Developer,PT Argo Manunggal Triasta,REST API
JOB_0367,frontend-developer,web_development,Software Developer,Pengiklan Anonim,Python
JOB_0367,frontend-developer,web_development,Software Developer,Pengiklan Anonim,PostgreSQL
JOB_0367,frontend-developer,web_development,Software Developer,Pengiklan Anonim,MySQL
JOB_0367,frontend-developer,web_development,Software Developer,Pengiklan Anonim,MongoDB
JOB_0367,frontend-developer,web_development,Software Developer,Pengiklan Anonim,Machine Learning
JOB_0367,frontend-developer,web_development,Software Developer,Pengiklan Anonim,HTML
JOB_0367,frontend-developer,web_development,Software Developer,Pengiklan Anonim,CSS
JOB_0367,frontend-developer,web_development,Software Developer,Pengiklan Anonim,JavaScript
JOB_0367,frontend-developer,web_development,Software Developer,Pengiklan Anonim,TypeScript
JOB_0367,frontend-developer,web_development,Software Developer,Pengiklan Anonim,React.js
JOB_0367,frontend-developer,web_development,Software Developer,Pengiklan Anonim,React Native
JOB_0367,frontend-developer,web_development,Software Developer,Pengiklan Anonim,Next.js
JOB_0367,frontend-developer,web_development,Software Developer,Pengiklan Anonim,Vue.js
JOB_0367,frontend-developer,web_development,Software Developer,Pengiklan Anonim,Angular
JOB_0367,frontend-developer,web_development,Software Developer,Pengiklan Anonim,Tailwind CSS
JOB_0367,frontend-developer,web_development,Software Developer,Pengiklan Anonim,Bootstrap
JOB_0367,frontend-developer,web_development,Software Developer,Pengiklan Anonim,Node.js
JOB_0367,frontend-developer,web_development,Software Developer,Pengiklan Anonim,PHP
JOB_0367,frontend-developer,web_development,Software Developer,Pengiklan Anonim,Golang
JOB_0367,frontend-developer,web_development,Software Developer,Pengiklan Anonim,Java
JOB_0367,frontend-developer,web_development,Software Developer,Pengiklan Anonim,Laravel
JOB_0367,frontend-developer,web_development,Software Developer,Pengiklan Anonim,REST API
JOB_0367,frontend-developer,web_development,Software Developer,Pengiklan Anonim,Git
JOB_0367,frontend-developer,web_development,Software Developer,Pengiklan Anonim,Figma
JOB_0367,frontend-developer,web_development,Software Developer,Pengiklan Anonim,UI/UX
JOB_0367,frontend-developer,web_development,Software Developer,Pengiklan Anonim,Problem Solving
JOB_0368,frontend-developer,web_development,Industrial Software Developer & Program Analyst,PT. Omega Group - Jakarta,Python
JOB_0368,frontend-developer,web_development,Industrial Software Developer & Program Analyst,PT. Omega Group - Jakarta,SQL
JOB_0368,frontend-developer,web_development,Industrial Software Developer & Program Analyst,PT. Omega Group - Jakarta,PostgreSQL
JOB_0368,frontend-developer,web_development,Industrial Software Developer & Program Analyst,PT. Omega Group - Jakarta,MySQL
JOB_0368,frontend-developer,web_development,Industrial Software Developer & Program Analyst,PT. Omega Group - Jakarta,MongoDB
JOB_0368,frontend-developer,web_development,Industrial Software Developer & Program Analyst,PT. Omega Group - Jakarta,TensorFlow
JOB_0368,frontend-developer,web_development,Industrial Software Developer & Program Analyst,PT. Omega Group - Jakarta,PyTorch
JOB_0368,frontend-developer,web_development,Industrial Software Developer & Program Analyst,PT. Omega Group - Jakarta,ETL
JOB_0368,frontend-developer,web_development,Industrial Software Developer & Program Analyst,PT. Omega Group - Jakarta,JavaScript
JOB_0368,frontend-developer,web_development,Industrial Software Developer & Program Analyst,PT. Omega Group - Jakarta,REST API
JOB_0369,frontend-developer,web_development,IT Fullstack,PT Trans Indonesia Superkoridor,MySQL
JOB_0369,frontend-developer,web_development,IT Fullstack,PT Trans Indonesia Superkoridor,PHP
JOB_0369,frontend-developer,web_development,IT Fullstack,PT Trans Indonesia Superkoridor,Linux
JOB_0370,frontend-developer,web_development,Mobile Front-end Developer,PT UangMe Fintek Indonesia,Excel
JOB_0370,frontend-developer,web_development,Mobile Front-end Developer,PT UangMe Fintek Indonesia,HTML
JOB_0370,frontend-developer,web_development,Mobile Front-end Developer,PT UangMe Fintek Indonesia,CSS
JOB_0370,frontend-developer,web_development,Mobile Front-end Developer,PT UangMe Fintek Indonesia,JavaScript
JOB_0370,frontend-developer,web_development,Mobile Front-end Developer,PT UangMe Fintek Indonesia,TypeScript
JOB_0370,frontend-developer,web_development,Mobile Front-end Developer,PT UangMe Fintek Indonesia,React.js
JOB_0370,frontend-developer,web_development,Mobile Front-end Developer,PT UangMe Fintek Indonesia,Vue.js
JOB_0370,frontend-developer,web_development,Mobile Front-end Developer,PT UangMe Fintek Indonesia,REST API
JOB_0370,frontend-developer,web_development,Mobile Front-end Developer,PT UangMe Fintek Indonesia,Git
JOB_0371,frontend-developer,web_development,Corporate HRIS Programmer,PT Wahana Duta Jaya Rucika,Python
JOB_0371,frontend-developer,web_development,Corporate HRIS Programmer,PT Wahana Duta Jaya Rucika,SQL
JOB_0371,frontend-developer,web_development,Corporate HRIS Programmer,PT Wahana Duta Jaya Rucika,MySQL
JOB_0371,frontend-developer,web_development,Corporate HRIS Programmer,PT Wahana Duta Jaya Rucika,Excel
JOB_0371,frontend-developer,web_development,Corporate HRIS Programmer,PT Wahana Duta Jaya Rucika,JavaScript
JOB_0371,frontend-developer,web_development,Corporate HRIS Programmer,PT Wahana Duta Jaya Rucika,TypeScript
JOB_0371,frontend-developer,web_development,Corporate HRIS Programmer,PT Wahana Duta Jaya Rucika,React.js
JOB_0371,frontend-developer,web_development,Corporate HRIS Programmer,PT Wahana Duta Jaya Rucika,Vue.js
JOB_0371,frontend-developer,web_development,Corporate HRIS Programmer,PT Wahana Duta Jaya Rucika,Node.js
JOB_0371,frontend-developer,web_development,Corporate HRIS Programmer,PT Wahana Duta Jaya Rucika,PHP
JOB_0371,frontend-developer,web_development,Corporate HRIS Programmer,PT Wahana Duta Jaya Rucika,REST API
JOB_0372,frontend-developer,web_development,IT Manager,PT Pharos Indonesia,Python
JOB_0372,frontend-developer,web_development,IT Manager,PT Pharos Indonesia,SQL
JOB_0372,frontend-developer,web_development,IT Manager,PT Pharos Indonesia,React.js
JOB_0372,frontend-developer,web_development,IT Manager,PT Pharos Indonesia,Git
JOB_0372,frontend-developer,web_development,IT Manager,PT Pharos Indonesia,Problem Solving
JOB_0373,frontend-developer,web_development,Full Stack Developer,PT Idana Solusi Sejahtera,Python
JOB_0373,frontend-developer,web_development,Full Stack Developer,PT Idana Solusi Sejahtera,SQL
JOB_0373,frontend-developer,web_development,Full Stack Developer,PT Idana Solusi Sejahtera,PostgreSQL
JOB_0373,frontend-developer,web_development,Full Stack Developer,PT Idana Solusi Sejahtera,MySQL
JOB_0373,frontend-developer,web_development,Full Stack Developer,PT Idana Solusi Sejahtera,Machine Learning
JOB_0373,frontend-developer,web_development,Full Stack Developer,PT Idana Solusi Sejahtera,HTML
JOB_0373,frontend-developer,web_development,Full Stack Developer,PT Idana Solusi Sejahtera,CSS
JOB_0373,frontend-developer,web_development,Full Stack Developer,PT Idana Solusi Sejahtera,JavaScript
JOB_0373,frontend-developer,web_development,Full Stack Developer,PT Idana Solusi Sejahtera,Golang
JOB_0373,frontend-developer,web_development,Full Stack Developer,PT Idana Solusi Sejahtera,Docker
JOB_0373,frontend-developer,web_development,Full Stack Developer,PT Idana Solusi Sejahtera,Linux
JOB_0374,frontend-developer,web_development,FULL STACK DEVELOPER (WEB APLIKASI),PT. AMORA WALET INDONESIA,Python
JOB_0374,frontend-developer,web_development,FULL STACK DEVELOPER (WEB APLIKASI),PT. AMORA WALET INDONESIA,PostgreSQL
JOB_0374,frontend-developer,web_development,FULL STACK DEVELOPER (WEB APLIKASI),PT. AMORA WALET INDONESIA,MySQL
JOB_0374,frontend-developer,web_development,FULL STACK DEVELOPER (WEB APLIKASI),PT. AMORA WALET INDONESIA,MongoDB
JOB_0374,frontend-developer,web_development,FULL STACK DEVELOPER (WEB APLIKASI),PT. AMORA WALET INDONESIA,Machine Learning
JOB_0374,frontend-developer,web_development,FULL STACK DEVELOPER (WEB APLIKASI),PT. AMORA WALET INDONESIA,HTML
JOB_0374,frontend-developer,web_development,FULL STACK DEVELOPER (WEB APLIKASI),PT. AMORA WALET INDONESIA,CSS
JOB_0374,frontend-developer,web_development,FULL STACK DEVELOPER (WEB APLIKASI),PT. AMORA WALET INDONESIA,JavaScript
JOB_0374,frontend-developer,web_development,FULL STACK DEVELOPER (WEB APLIKASI),PT. AMORA WALET INDONESIA,React.js
JOB_0374,frontend-developer,web_development,FULL STACK DEVELOPER (WEB APLIKASI),PT. AMORA WALET INDONESIA,Vue.js
JOB_0374,frontend-developer,web_development,FULL STACK DEVELOPER (WEB APLIKASI),PT. AMORA WALET INDONESIA,Angular
JOB_0374,frontend-developer,web_development,FULL STACK DEVELOPER (WEB APLIKASI),PT. AMORA WALET INDONESIA,Node.js
JOB_0374,frontend-developer,web_development,FULL STACK DEVELOPER (WEB APLIKASI),PT. AMORA WALET INDONESIA,PHP
JOB_0374,frontend-developer,web_development,FULL STACK DEVELOPER (WEB APLIKASI),PT. AMORA WALET INDONESIA,REST API
JOB_0374,frontend-developer,web_development,FULL STACK DEVELOPER (WEB APLIKASI),PT. AMORA WALET INDONESIA,AWS
JOB_0374,frontend-developer,web_development,FULL STACK DEVELOPER (WEB APLIKASI),PT. AMORA WALET INDONESIA,GCP
JOB_0374,frontend-developer,web_development,FULL STACK DEVELOPER (WEB APLIKASI),PT. AMORA WALET INDONESIA,CI/CD
JOB_0374,frontend-developer,web_development,FULL STACK DEVELOPER (WEB APLIKASI),PT. AMORA WALET INDONESIA,Git
JOB_0374,frontend-developer,web_development,FULL STACK DEVELOPER (WEB APLIKASI),PT. AMORA WALET INDONESIA,Problem Solving
JOB_0375,frontend-developer,web_development,SOFTWARE ENGINEER,Kakiku Family Health & Beauty (Tangerang),Python
JOB_0375,frontend-developer,web_development,SOFTWARE ENGINEER,Kakiku Family Health & Beauty (Tangerang),PostgreSQL
JOB_0375,frontend-developer,web_development,SOFTWARE ENGINEER,Kakiku Family Health & Beauty (Tangerang),MySQL
JOB_0375,frontend-developer,web_development,SOFTWARE ENGINEER,Kakiku Family Health & Beauty (Tangerang),JavaScript
JOB_0375,frontend-developer,web_development,SOFTWARE ENGINEER,Kakiku Family Health & Beauty (Tangerang),PHP
JOB_0375,frontend-developer,web_development,SOFTWARE ENGINEER,Kakiku Family Health & Beauty (Tangerang),REST API
JOB_0376,frontend-developer,web_development,Software Developer,PT System Ever Indonesia,SQL
JOB_0376,frontend-developer,web_development,Software Developer,PT System Ever Indonesia,MySQL
JOB_0376,frontend-developer,web_development,Software Developer,PT System Ever Indonesia,TypeScript
JOB_0376,frontend-developer,web_development,Software Developer,PT System Ever Indonesia,UI/UX
JOB_0377,frontend-developer,web_development,Web Developer,PT. DIGITAL ASIA SOLUSINDO,Python
JOB_0377,frontend-developer,web_development,Web Developer,PT. DIGITAL ASIA SOLUSINDO,Machine Learning
JOB_0377,frontend-developer,web_development,Web Developer,PT. DIGITAL ASIA SOLUSINDO,HTML
JOB_0377,frontend-developer,web_development,Web Developer,PT. DIGITAL ASIA SOLUSINDO,CSS
JOB_0377,frontend-developer,web_development,Web Developer,PT. DIGITAL ASIA SOLUSINDO,JavaScript
JOB_0377,frontend-developer,web_development,Web Developer,PT. DIGITAL ASIA SOLUSINDO,Vue.js
JOB_0377,frontend-developer,web_development,Web Developer,PT. DIGITAL ASIA SOLUSINDO,PHP
JOB_0377,frontend-developer,web_development,Web Developer,PT. DIGITAL ASIA SOLUSINDO,REST API
JOB_0377,frontend-developer,web_development,Web Developer,PT. DIGITAL ASIA SOLUSINDO,Git
JOB_0378,frontend-developer,web_development,Full Stack Developer,PT KARYA TEKHNIK UTAMA,Python
JOB_0378,frontend-developer,web_development,Full Stack Developer,PT KARYA TEKHNIK UTAMA,SQL
JOB_0378,frontend-developer,web_development,Full Stack Developer,PT KARYA TEKHNIK UTAMA,PostgreSQL
JOB_0378,frontend-developer,web_development,Full Stack Developer,PT KARYA TEKHNIK UTAMA,MySQL
JOB_0378,frontend-developer,web_development,Full Stack Developer,PT KARYA TEKHNIK UTAMA,MongoDB
JOB_0378,frontend-developer,web_development,Full Stack Developer,PT KARYA TEKHNIK UTAMA,JavaScript
JOB_0378,frontend-developer,web_development,Full Stack Developer,PT KARYA TEKHNIK UTAMA,React.js
JOB_0378,frontend-developer,web_development,Full Stack Developer,PT KARYA TEKHNIK UTAMA,React Native
JOB_0378,frontend-developer,web_development,Full Stack Developer,PT KARYA TEKHNIK UTAMA,Next.js
JOB_0378,frontend-developer,web_development,Full Stack Developer,PT KARYA TEKHNIK UTAMA,Vue.js
JOB_0378,frontend-developer,web_development,Full Stack Developer,PT KARYA TEKHNIK UTAMA,Angular
JOB_0378,frontend-developer,web_development,Full Stack Developer,PT KARYA TEKHNIK UTAMA,Node.js
JOB_0378,frontend-developer,web_development,Full Stack Developer,PT KARYA TEKHNIK UTAMA,PHP
JOB_0378,frontend-developer,web_development,Full Stack Developer,PT KARYA TEKHNIK UTAMA,Golang
JOB_0378,frontend-developer,web_development,Full Stack Developer,PT KARYA TEKHNIK UTAMA,Java
JOB_0378,frontend-developer,web_development,Full Stack Developer,PT KARYA TEKHNIK UTAMA,Laravel
JOB_0378,frontend-developer,web_development,Full Stack Developer,PT KARYA TEKHNIK UTAMA,Spring Boot
JOB_0378,frontend-developer,web_development,Full Stack Developer,PT KARYA TEKHNIK UTAMA,REST API
JOB_0378,frontend-developer,web_development,Full Stack Developer,PT KARYA TEKHNIK UTAMA,Docker
JOB_0378,frontend-developer,web_development,Full Stack Developer,PT KARYA TEKHNIK UTAMA,CI/CD
JOB_0378,frontend-developer,web_development,Full Stack Developer,PT KARYA TEKHNIK UTAMA,Git
JOB_0378,frontend-developer,web_development,Full Stack Developer,PT KARYA TEKHNIK UTAMA,Microservices
JOB_0378,frontend-developer,web_development,Full Stack Developer,PT KARYA TEKHNIK UTAMA,Problem Solving
JOB_0379,frontend-developer,web_development,Javascript Developer,PT Intersolusi Teknologi Asia,Excel
JOB_0379,frontend-developer,web_development,Javascript Developer,PT Intersolusi Teknologi Asia,Machine Learning
JOB_0379,frontend-developer,web_development,Javascript Developer,PT Intersolusi Teknologi Asia,HTML
JOB_0379,frontend-developer,web_development,Javascript Developer,PT Intersolusi Teknologi Asia,CSS
JOB_0379,frontend-developer,web_development,Javascript Developer,PT Intersolusi Teknologi Asia,JavaScript
JOB_0379,frontend-developer,web_development,Javascript Developer,PT Intersolusi Teknologi Asia,TypeScript
JOB_0379,frontend-developer,web_development,Javascript Developer,PT Intersolusi Teknologi Asia,React.js
JOB_0379,frontend-developer,web_development,Javascript Developer,PT Intersolusi Teknologi Asia,Vue.js
JOB_0379,frontend-developer,web_development,Javascript Developer,PT Intersolusi Teknologi Asia,Angular
JOB_0379,frontend-developer,web_development,Javascript Developer,PT Intersolusi Teknologi Asia,Node.js
JOB_0379,frontend-developer,web_development,Javascript Developer,PT Intersolusi Teknologi Asia,REST API
JOB_0379,frontend-developer,web_development,Javascript Developer,PT Intersolusi Teknologi Asia,Git
JOB_0380,frontend-developer,web_development,WEB DEVELOPER,PT MUGI,MySQL
JOB_0380,frontend-developer,web_development,WEB DEVELOPER,PT MUGI,HTML
JOB_0380,frontend-developer,web_development,WEB DEVELOPER,PT MUGI,CSS
JOB_0380,frontend-developer,web_development,WEB DEVELOPER,PT MUGI,JavaScript
JOB_0380,frontend-developer,web_development,WEB DEVELOPER,PT MUGI,PHP
JOB_0380,frontend-developer,web_development,WEB DEVELOPER,PT MUGI,Laravel
JOB_0381,frontend-developer,web_development,Junior Software Engineer,PT Technet Vision Indonesia,Python
JOB_0381,frontend-developer,web_development,Junior Software Engineer,PT Technet Vision Indonesia,SQL
JOB_0381,frontend-developer,web_development,Junior Software Engineer,PT Technet Vision Indonesia,Machine Learning
JOB_0381,frontend-developer,web_development,Junior Software Engineer,PT Technet Vision Indonesia,HTML
JOB_0381,frontend-developer,web_development,Junior Software Engineer,PT Technet Vision Indonesia,CSS
JOB_0381,frontend-developer,web_development,Junior Software Engineer,PT Technet Vision Indonesia,JavaScript
JOB_0381,frontend-developer,web_development,Junior Software Engineer,PT Technet Vision Indonesia,TypeScript
JOB_0381,frontend-developer,web_development,Junior Software Engineer,PT Technet Vision Indonesia,React.js
JOB_0381,frontend-developer,web_development,Junior Software Engineer,PT Technet Vision Indonesia,Vue.js
JOB_0381,frontend-developer,web_development,Junior Software Engineer,PT Technet Vision Indonesia,Angular
JOB_0381,frontend-developer,web_development,Junior Software Engineer,PT Technet Vision Indonesia,Node.js
JOB_0381,frontend-developer,web_development,Junior Software Engineer,PT Technet Vision Indonesia,Java
JOB_0381,frontend-developer,web_development,Junior Software Engineer,PT Technet Vision Indonesia,Ruby
JOB_0381,frontend-developer,web_development,Junior Software Engineer,PT Technet Vision Indonesia,REST API
JOB_0381,frontend-developer,web_development,Junior Software Engineer,PT Technet Vision Indonesia,Docker
JOB_0381,frontend-developer,web_development,Junior Software Engineer,PT Technet Vision Indonesia,Kubernetes
JOB_0381,frontend-developer,web_development,Junior Software Engineer,PT Technet Vision Indonesia,AWS
JOB_0381,frontend-developer,web_development,Junior Software Engineer,PT Technet Vision Indonesia,GCP
JOB_0381,frontend-developer,web_development,Junior Software Engineer,PT Technet Vision Indonesia,CI/CD
JOB_0381,frontend-developer,web_development,Junior Software Engineer,PT Technet Vision Indonesia,Git
JOB_0381,frontend-developer,web_development,Junior Software Engineer,PT Technet Vision Indonesia,Agile/Scrum
JOB_0382,frontend-developer,web_development,Information Technology (Programmer),PT Kitoshindo International Biotech,SQL
JOB_0382,frontend-developer,web_development,Information Technology (Programmer),PT Kitoshindo International Biotech,Excel
JOB_0382,frontend-developer,web_development,Information Technology (Programmer),PT Kitoshindo International Biotech,CSS
JOB_0382,frontend-developer,web_development,Information Technology (Programmer),PT Kitoshindo International Biotech,JavaScript
JOB_0382,frontend-developer,web_development,Information Technology (Programmer),PT Kitoshindo International Biotech,PHP
JOB_0383,frontend-developer,web_development,"Full Stack Developer (Node.js, React.js, SQL, AWS)",PT Kencana Jaya Kreasi Lestari,SQL
JOB_0383,frontend-developer,web_development,"Full Stack Developer (Node.js, React.js, SQL, AWS)",PT Kencana Jaya Kreasi Lestari,PostgreSQL
JOB_0383,frontend-developer,web_development,"Full Stack Developer (Node.js, React.js, SQL, AWS)",PT Kencana Jaya Kreasi Lestari,MySQL
JOB_0383,frontend-developer,web_development,"Full Stack Developer (Node.js, React.js, SQL, AWS)",PT Kencana Jaya Kreasi Lestari,MongoDB
JOB_0383,frontend-developer,web_development,"Full Stack Developer (Node.js, React.js, SQL, AWS)",PT Kencana Jaya Kreasi Lestari,JavaScript
JOB_0383,frontend-developer,web_development,"Full Stack Developer (Node.js, React.js, SQL, AWS)",PT Kencana Jaya Kreasi Lestari,TypeScript
JOB_0383,frontend-developer,web_development,"Full Stack Developer (Node.js, React.js, SQL, AWS)",PT Kencana Jaya Kreasi Lestari,React.js
JOB_0383,frontend-developer,web_development,"Full Stack Developer (Node.js, React.js, SQL, AWS)",PT Kencana Jaya Kreasi Lestari,Node.js
JOB_0383,frontend-developer,web_development,"Full Stack Developer (Node.js, React.js, SQL, AWS)",PT Kencana Jaya Kreasi Lestari,REST API
JOB_0383,frontend-developer,web_development,"Full Stack Developer (Node.js, React.js, SQL, AWS)",PT Kencana Jaya Kreasi Lestari,GraphQL
JOB_0383,frontend-developer,web_development,"Full Stack Developer (Node.js, React.js, SQL, AWS)",PT Kencana Jaya Kreasi Lestari,AWS
JOB_0383,frontend-developer,web_development,"Full Stack Developer (Node.js, React.js, SQL, AWS)",PT Kencana Jaya Kreasi Lestari,CI/CD
JOB_0383,frontend-developer,web_development,"Full Stack Developer (Node.js, React.js, SQL, AWS)",PT Kencana Jaya Kreasi Lestari,Git
JOB_0383,frontend-developer,web_development,"Full Stack Developer (Node.js, React.js, SQL, AWS)",PT Kencana Jaya Kreasi Lestari,Microservices
JOB_0383,frontend-developer,web_development,"Full Stack Developer (Node.js, React.js, SQL, AWS)",PT Kencana Jaya Kreasi Lestari,UI/UX
JOB_0383,frontend-developer,web_development,"Full Stack Developer (Node.js, React.js, SQL, AWS)",PT Kencana Jaya Kreasi Lestari,Agile/Scrum
JOB_0384,frontend-developer,web_development,Web Programmer,PT Cakra Media Data,MySQL
JOB_0384,frontend-developer,web_development,Web Programmer,PT Cakra Media Data,Machine Learning
JOB_0384,frontend-developer,web_development,Web Programmer,PT Cakra Media Data,HTML
JOB_0384,frontend-developer,web_development,Web Programmer,PT Cakra Media Data,CSS
JOB_0384,frontend-developer,web_development,Web Programmer,PT Cakra Media Data,JavaScript
JOB_0384,frontend-developer,web_development,Web Programmer,PT Cakra Media Data,TypeScript
JOB_0384,frontend-developer,web_development,Web Programmer,PT Cakra Media Data,Vue.js
JOB_0384,frontend-developer,web_development,Web Programmer,PT Cakra Media Data,Bootstrap
JOB_0384,frontend-developer,web_development,Web Programmer,PT Cakra Media Data,Golang
JOB_0384,frontend-developer,web_development,Web Programmer,PT Cakra Media Data,Microservices
JOB_0384,frontend-developer,web_development,Web Programmer,PT Cakra Media Data,UI/UX
JOB_0385,frontend-developer,web_development,Flutter / Dart Developer,PT John Galt Properties,JavaScript
JOB_0385,frontend-developer,web_development,Flutter / Dart Developer,PT John Galt Properties,TypeScript
JOB_0385,frontend-developer,web_development,Flutter / Dart Developer,PT John Galt Properties,Next.js
JOB_0385,frontend-developer,web_development,Flutter / Dart Developer,PT John Galt Properties,REST API
JOB_0385,frontend-developer,web_development,Flutter / Dart Developer,PT John Galt Properties,CI/CD
JOB_0385,frontend-developer,web_development,Flutter / Dart Developer,PT John Galt Properties,Git
JOB_0385,frontend-developer,web_development,Flutter / Dart Developer,PT John Galt Properties,Figma
JOB_0386,frontend-developer,web_development,IT Web Developer,PT Sukanda Djaya,SQL
JOB_0386,frontend-developer,web_development,IT Web Developer,PT Sukanda Djaya,MySQL
JOB_0386,frontend-developer,web_development,IT Web Developer,PT Sukanda Djaya,Machine Learning
JOB_0386,frontend-developer,web_development,IT Web Developer,PT Sukanda Djaya,HTML
JOB_0386,frontend-developer,web_development,IT Web Developer,PT Sukanda Djaya,CSS
JOB_0386,frontend-developer,web_development,IT Web Developer,PT Sukanda Djaya,JavaScript
JOB_0386,frontend-developer,web_development,IT Web Developer,PT Sukanda Djaya,TypeScript
JOB_0386,frontend-developer,web_development,IT Web Developer,PT Sukanda Djaya,PHP
JOB_0386,frontend-developer,web_development,IT Web Developer,PT Sukanda Djaya,Laravel
JOB_0386,frontend-developer,web_development,IT Web Developer,PT Sukanda Djaya,REST API
JOB_0386,frontend-developer,web_development,IT Web Developer,PT Sukanda Djaya,UI/UX
JOB_0387,frontend-developer,web_development,Freelance Fullstack Engineer,PT Solusi Prima Packaging,SQL
JOB_0387,frontend-developer,web_development,Freelance Fullstack Engineer,PT Solusi Prima Packaging,TypeScript
JOB_0387,frontend-developer,web_development,Freelance Fullstack Engineer,PT Solusi Prima Packaging,React.js
JOB_0387,frontend-developer,web_development,Freelance Fullstack Engineer,PT Solusi Prima Packaging,Git
JOB_0388,frontend-developer,web_development,IT Programmer,PT. Indo Pack Printing,SQL
JOB_0388,frontend-developer,web_development,IT Programmer,PT. Indo Pack Printing,PHP
JOB_0389,frontend-developer,web_development,Backend Developer,PT Centria Integrity Advisory,PostgreSQL
JOB_0389,frontend-developer,web_development,Backend Developer,PT Centria Integrity Advisory,MySQL
JOB_0389,frontend-developer,web_development,Backend Developer,PT Centria Integrity Advisory,TypeScript
JOB_0389,frontend-developer,web_development,Backend Developer,PT Centria Integrity Advisory,PHP
JOB_0389,frontend-developer,web_development,Backend Developer,PT Centria Integrity Advisory,Laravel
JOB_0389,frontend-developer,web_development,Backend Developer,PT Centria Integrity Advisory,REST API
JOB_0389,frontend-developer,web_development,Backend Developer,PT Centria Integrity Advisory,Docker
JOB_0389,frontend-developer,web_development,Backend Developer,PT Centria Integrity Advisory,Git
JOB_0390,frontend-developer,web_development,React Native Developer (Junior),"FinShot, Inc.",JavaScript
JOB_0390,frontend-developer,web_development,React Native Developer (Junior),"FinShot, Inc.",TypeScript
JOB_0390,frontend-developer,web_development,React Native Developer (Junior),"FinShot, Inc.",React.js
JOB_0390,frontend-developer,web_development,React Native Developer (Junior),"FinShot, Inc.",React Native
JOB_0390,frontend-developer,web_development,React Native Developer (Junior),"FinShot, Inc.",REST API
JOB_0390,frontend-developer,web_development,React Native Developer (Junior),"FinShot, Inc.",Git
JOB_0390,frontend-developer,web_development,React Native Developer (Junior),"FinShot, Inc.",Figma
JOB_0391,frontend-developer,web_development,Full-Stack & Mobile Developer (AI/ML Skills),Pengiklan Anonim,Python
JOB_0391,frontend-developer,web_development,Full-Stack & Mobile Developer (AI/ML Skills),Pengiklan Anonim,MongoDB
JOB_0391,frontend-developer,web_development,Full-Stack & Mobile Developer (AI/ML Skills),Pengiklan Anonim,Excel
JOB_0391,frontend-developer,web_development,Full-Stack & Mobile Developer (AI/ML Skills),Pengiklan Anonim,Machine Learning
JOB_0391,frontend-developer,web_development,Full-Stack & Mobile Developer (AI/ML Skills),Pengiklan Anonim,TensorFlow
JOB_0391,frontend-developer,web_development,Full-Stack & Mobile Developer (AI/ML Skills),Pengiklan Anonim,PyTorch
JOB_0391,frontend-developer,web_development,Full-Stack & Mobile Developer (AI/ML Skills),Pengiklan Anonim,JavaScript
JOB_0391,frontend-developer,web_development,Full-Stack & Mobile Developer (AI/ML Skills),Pengiklan Anonim,TypeScript
JOB_0391,frontend-developer,web_development,Full-Stack & Mobile Developer (AI/ML Skills),Pengiklan Anonim,React.js
JOB_0391,frontend-developer,web_development,Full-Stack & Mobile Developer (AI/ML Skills),Pengiklan Anonim,Node.js
JOB_0391,frontend-developer,web_development,Full-Stack & Mobile Developer (AI/ML Skills),Pengiklan Anonim,PHP
JOB_0391,frontend-developer,web_development,Full-Stack & Mobile Developer (AI/ML Skills),Pengiklan Anonim,REST API
JOB_0391,frontend-developer,web_development,Full-Stack & Mobile Developer (AI/ML Skills),Pengiklan Anonim,AWS
JOB_0392,frontend-developer,web_development,FULLSTACK DEVELOPER,PT Gogomedia Visindo,MySQL
JOB_0392,frontend-developer,web_development,FULLSTACK DEVELOPER,PT Gogomedia Visindo,Machine Learning
JOB_0392,frontend-developer,web_development,FULLSTACK DEVELOPER,PT Gogomedia Visindo,HTML
JOB_0392,frontend-developer,web_development,FULLSTACK DEVELOPER,PT Gogomedia Visindo,CSS
JOB_0392,frontend-developer,web_development,FULLSTACK DEVELOPER,PT Gogomedia Visindo,JavaScript
JOB_0392,frontend-developer,web_development,FULLSTACK DEVELOPER,PT Gogomedia Visindo,React.js
JOB_0392,frontend-developer,web_development,FULLSTACK DEVELOPER,PT Gogomedia Visindo,React Native
JOB_0392,frontend-developer,web_development,FULLSTACK DEVELOPER,PT Gogomedia Visindo,PHP
JOB_0392,frontend-developer,web_development,FULLSTACK DEVELOPER,PT Gogomedia Visindo,REST API
JOB_0392,frontend-developer,web_development,FULLSTACK DEVELOPER,PT Gogomedia Visindo,Git
JOB_0392,frontend-developer,web_development,FULLSTACK DEVELOPER,PT Gogomedia Visindo,UI/UX
JOB_0393,frontend-developer,web_development,IT Staff (Web Developer),PT Tirtakencana Tatawarna (Head Office),Python
JOB_0393,frontend-developer,web_development,IT Staff (Web Developer),PT Tirtakencana Tatawarna (Head Office),SQL
JOB_0393,frontend-developer,web_development,IT Staff (Web Developer),PT Tirtakencana Tatawarna (Head Office),Machine Learning
JOB_0393,frontend-developer,web_development,IT Staff (Web Developer),PT Tirtakencana Tatawarna (Head Office),HTML
JOB_0393,frontend-developer,web_development,IT Staff (Web Developer),PT Tirtakencana Tatawarna (Head Office),PHP
JOB_0393,frontend-developer,web_development,IT Staff (Web Developer),PT Tirtakencana Tatawarna (Head Office),Laravel
JOB_0394,frontend-developer,web_development,Team Lead Application Developer,PT Sigma Cipta Utama,REST API
JOB_0394,frontend-developer,web_development,Team Lead Application Developer,PT Sigma Cipta Utama,Docker
JOB_0394,frontend-developer,web_development,Team Lead Application Developer,PT Sigma Cipta Utama,CI/CD
JOB_0394,frontend-developer,web_development,Team Lead Application Developer,PT Sigma Cipta Utama,Git
JOB_0394,frontend-developer,web_development,Team Lead Application Developer,PT Sigma Cipta Utama,Microservices
JOB_0394,frontend-developer,web_development,Team Lead Application Developer,PT Sigma Cipta Utama,UI/UX
JOB_0394,frontend-developer,web_development,Team Lead Application Developer,PT Sigma Cipta Utama,Agile/Scrum
JOB_0394,frontend-developer,web_development,Team Lead Application Developer,PT Sigma Cipta Utama,Problem Solving
JOB_0395,frontend-developer,web_development,UI/UX Engineer,PT IT Group Indonesia,JavaScript
JOB_0395,frontend-developer,web_development,UI/UX Engineer,PT IT Group Indonesia,Bootstrap
JOB_0395,frontend-developer,web_development,UI/UX Engineer,PT IT Group Indonesia,Docker
JOB_0395,frontend-developer,web_development,UI/UX Engineer,PT IT Group Indonesia,Kubernetes
JOB_0395,frontend-developer,web_development,UI/UX Engineer,PT IT Group Indonesia,Git
JOB_0395,frontend-developer,web_development,UI/UX Engineer,PT IT Group Indonesia,Figma
JOB_0395,frontend-developer,web_development,UI/UX Engineer,PT IT Group Indonesia,UI/UX
JOB_0396,frontend-developer,web_development,Web Programmer,PT Argha Karya Prima Industry Tbk,Python
JOB_0396,frontend-developer,web_development,Web Programmer,PT Argha Karya Prima Industry Tbk,SQL
JOB_0396,frontend-developer,web_development,Web Programmer,PT Argha Karya Prima Industry Tbk,MongoDB
JOB_0396,frontend-developer,web_development,Web Programmer,PT Argha Karya Prima Industry Tbk,Machine Learning
JOB_0396,frontend-developer,web_development,Web Programmer,PT Argha Karya Prima Industry Tbk,HTML
JOB_0396,frontend-developer,web_development,Web Programmer,PT Argha Karya Prima Industry Tbk,CSS
JOB_0396,frontend-developer,web_development,Web Programmer,PT Argha Karya Prima Industry Tbk,JavaScript
JOB_0396,frontend-developer,web_development,Web Programmer,PT Argha Karya Prima Industry Tbk,TypeScript
JOB_0396,frontend-developer,web_development,Web Programmer,PT Argha Karya Prima Industry Tbk,Node.js
JOB_0396,frontend-developer,web_development,Web Programmer,PT Argha Karya Prima Industry Tbk,PHP
JOB_0396,frontend-developer,web_development,Web Programmer,PT Argha Karya Prima Industry Tbk,Java
JOB_0396,frontend-developer,web_development,Web Programmer,PT Argha Karya Prima Industry Tbk,Git
JOB_0396,frontend-developer,web_development,Web Programmer,PT Argha Karya Prima Industry Tbk,Linux
JOB_0396,frontend-developer,web_development,Web Programmer,PT Argha Karya Prima Industry Tbk,Problem Solving
JOB_0397,frontend-developer,web_development,Staff IT — Programmer (Surabaya),PT Timur Mila Utama,MySQL
JOB_0397,frontend-developer,web_development,Staff IT — Programmer (Surabaya),PT Timur Mila Utama,JavaScript
JOB_0397,frontend-developer,web_development,Staff IT — Programmer (Surabaya),PT Timur Mila Utama,React.js
JOB_0397,frontend-developer,web_development,Staff IT — Programmer (Surabaya),PT Timur Mila Utama,PHP
JOB_0397,frontend-developer,web_development,Staff IT — Programmer (Surabaya),PT Timur Mila Utama,Laravel
JOB_0397,frontend-developer,web_development,Staff IT — Programmer (Surabaya),PT Timur Mila Utama,Git
JOB_0397,frontend-developer,web_development,Staff IT — Programmer (Surabaya),PT Timur Mila Utama,Linux
JOB_0398,frontend-developer,web_development,Fullstack Developer,Elitez Pte Ltd,SQL
JOB_0398,frontend-developer,web_development,Fullstack Developer,Elitez Pte Ltd,MySQL
JOB_0398,frontend-developer,web_development,Fullstack Developer,Elitez Pte Ltd,JavaScript
JOB_0398,frontend-developer,web_development,Fullstack Developer,Elitez Pte Ltd,TypeScript
JOB_0398,frontend-developer,web_development,Fullstack Developer,Elitez Pte Ltd,React.js
JOB_0398,frontend-developer,web_development,Fullstack Developer,Elitez Pte Ltd,Node.js
JOB_0398,frontend-developer,web_development,Fullstack Developer,Elitez Pte Ltd,PHP
JOB_0398,frontend-developer,web_development,Fullstack Developer,Elitez Pte Ltd,Laravel
JOB_0398,frontend-developer,web_development,Fullstack Developer,Elitez Pte Ltd,UI/UX
JOB_0399,frontend-developer,web_development,IT Web Developer Programmer Staff,PT Okamoto Logistics Nusantara,SQL
JOB_0399,frontend-developer,web_development,IT Web Developer Programmer Staff,PT Okamoto Logistics Nusantara,CSS
JOB_0399,frontend-developer,web_development,IT Web Developer Programmer Staff,PT Okamoto Logistics Nusantara,Java
JOB_0399,frontend-developer,web_development,IT Web Developer Programmer Staff,PT Okamoto Logistics Nusantara,Laravel
JOB_0400,frontend-developer,web_development,Node.js Developer,PT Hashmicro Solusi Indonesia,PostgreSQL
JOB_0400,frontend-developer,web_development,Node.js Developer,PT Hashmicro Solusi Indonesia,MySQL
JOB_0400,frontend-developer,web_development,Node.js Developer,PT Hashmicro Solusi Indonesia,MongoDB
JOB_0400,frontend-developer,web_development,Node.js Developer,PT Hashmicro Solusi Indonesia,JavaScript
JOB_0400,frontend-developer,web_development,Node.js Developer,PT Hashmicro Solusi Indonesia,Node.js
JOB_0400,frontend-developer,web_development,Node.js Developer,PT Hashmicro Solusi Indonesia,REST API
JOB_0400,frontend-developer,web_development,Node.js Developer,PT Hashmicro Solusi Indonesia,CI/CD
JOB_0400,frontend-developer,web_development,Node.js Developer,PT Hashmicro Solusi Indonesia,Git
JOB_0401,frontend-developer,web_development,Software Developer,PT Universal Traktor Indonesia,MySQL
JOB_0401,frontend-developer,web_development,Software Developer,PT Universal Traktor Indonesia,JavaScript
JOB_0401,frontend-developer,web_development,Software Developer,PT Universal Traktor Indonesia,TypeScript
JOB_0401,frontend-developer,web_development,Software Developer,PT Universal Traktor Indonesia,Next.js
JOB_0401,frontend-developer,web_development,Software Developer,PT Universal Traktor Indonesia,PHP
JOB_0401,frontend-developer,web_development,Software Developer,PT Universal Traktor Indonesia,REST API
JOB_0402,frontend-developer,web_development,PROGRAMMER WEB,PT Erasoft Teknologi  Indonesia,SQL
JOB_0402,frontend-developer,web_development,PROGRAMMER WEB,PT Erasoft Teknologi  Indonesia,PHP
JOB_0402,frontend-developer,web_development,PROGRAMMER WEB,PT Erasoft Teknologi  Indonesia,Java
JOB_0402,frontend-developer,web_development,PROGRAMMER WEB,PT Erasoft Teknologi  Indonesia,.NET
JOB_0402,frontend-developer,web_development,PROGRAMMER WEB,PT Erasoft Teknologi  Indonesia,REST API
JOB_0402,frontend-developer,web_development,PROGRAMMER WEB,PT Erasoft Teknologi  Indonesia,AWS
JOB_0402,frontend-developer,web_development,PROGRAMMER WEB,PT Erasoft Teknologi  Indonesia,GCP
JOB_0402,frontend-developer,web_development,PROGRAMMER WEB,PT Erasoft Teknologi  Indonesia,Azure
JOB_0402,frontend-developer,web_development,PROGRAMMER WEB,PT Erasoft Teknologi  Indonesia,Git
JOB_0403,frontend-developer,web_development,PROGRAMMER,PT. PLANA NETWORKS INDONESIA,TypeScript
JOB_0403,frontend-developer,web_development,PROGRAMMER,PT. PLANA NETWORKS INDONESIA,Java
JOB_0404,frontend-developer,web_development,Programmer,PT. Ken Solusindo,Python
JOB_0404,frontend-developer,web_development,Programmer,PT. Ken Solusindo,SQL
JOB_0404,frontend-developer,web_development,Programmer,PT. Ken Solusindo,PostgreSQL
JOB_0404,frontend-developer,web_development,Programmer,PT. Ken Solusindo,MySQL
JOB_0404,frontend-developer,web_development,Programmer,PT. Ken Solusindo,MongoDB
JOB_0404,frontend-developer,web_development,Programmer,PT. Ken Solusindo,Excel
JOB_0404,frontend-developer,web_development,Programmer,PT. Ken Solusindo,JavaScript
JOB_0404,frontend-developer,web_development,Programmer,PT. Ken Solusindo,TypeScript
JOB_0404,frontend-developer,web_development,Programmer,PT. Ken Solusindo,PHP
JOB_0404,frontend-developer,web_development,Programmer,PT. Ken Solusindo,Golang
JOB_0405,frontend-developer,web_development,Web Developer,Remarc Property Group,Machine Learning
JOB_0405,frontend-developer,web_development,Web Developer,Remarc Property Group,HTML
JOB_0405,frontend-developer,web_development,Web Developer,Remarc Property Group,CSS
JOB_0405,frontend-developer,web_development,Web Developer,Remarc Property Group,JavaScript
JOB_0405,frontend-developer,web_development,Web Developer,Remarc Property Group,TypeScript
JOB_0405,frontend-developer,web_development,Web Developer,Remarc Property Group,UI/UX
JOB_0406,frontend-developer,web_development,Developer Full Stack,PT Pesonna Indonesia Jaya,Python
JOB_0406,frontend-developer,web_development,Developer Full Stack,PT Pesonna Indonesia Jaya,PostgreSQL
JOB_0406,frontend-developer,web_development,Developer Full Stack,PT Pesonna Indonesia Jaya,MySQL
JOB_0406,frontend-developer,web_development,Developer Full Stack,PT Pesonna Indonesia Jaya,Machine Learning
JOB_0406,frontend-developer,web_development,Developer Full Stack,PT Pesonna Indonesia Jaya,HTML
JOB_0406,frontend-developer,web_development,Developer Full Stack,PT Pesonna Indonesia Jaya,CSS
JOB_0406,frontend-developer,web_development,Developer Full Stack,PT Pesonna Indonesia Jaya,JavaScript
JOB_0406,frontend-developer,web_development,Developer Full Stack,PT Pesonna Indonesia Jaya,Vue.js
JOB_0406,frontend-developer,web_development,Developer Full Stack,PT Pesonna Indonesia Jaya,Angular
JOB_0406,frontend-developer,web_development,Developer Full Stack,PT Pesonna Indonesia Jaya,Node.js
JOB_0406,frontend-developer,web_development,Developer Full Stack,PT Pesonna Indonesia Jaya,PHP
JOB_0406,frontend-developer,web_development,Developer Full Stack,PT Pesonna Indonesia Jaya,Golang
JOB_0406,frontend-developer,web_development,Developer Full Stack,PT Pesonna Indonesia Jaya,Java
JOB_0406,frontend-developer,web_development,Developer Full Stack,PT Pesonna Indonesia Jaya,REST API
JOB_0406,frontend-developer,web_development,Developer Full Stack,PT Pesonna Indonesia Jaya,Microservices
JOB_0406,frontend-developer,web_development,Developer Full Stack,PT Pesonna Indonesia Jaya,Problem Solving
JOB_0407,frontend-developer,web_development,Web Developer (Spring Framework),"FinShot, Inc.",JavaScript
JOB_0407,frontend-developer,web_development,Web Developer (Spring Framework),"FinShot, Inc.",TypeScript
JOB_0408,frontend-developer,web_development,Webmaster & IT Systems Administrator,PT. MAZARI PROPERTIES GROUP,Python
JOB_0408,frontend-developer,web_development,Webmaster & IT Systems Administrator,PT. MAZARI PROPERTIES GROUP,PostgreSQL
JOB_0408,frontend-developer,web_development,Webmaster & IT Systems Administrator,PT. MAZARI PROPERTIES GROUP,MySQL
JOB_0408,frontend-developer,web_development,Webmaster & IT Systems Administrator,PT. MAZARI PROPERTIES GROUP,MongoDB
JOB_0408,frontend-developer,web_development,Webmaster & IT Systems Administrator,PT. MAZARI PROPERTIES GROUP,HTML
JOB_0408,frontend-developer,web_development,Webmaster & IT Systems Administrator,PT. MAZARI PROPERTIES GROUP,CSS
JOB_0408,frontend-developer,web_development,Webmaster & IT Systems Administrator,PT. MAZARI PROPERTIES GROUP,JavaScript
JOB_0408,frontend-developer,web_development,Webmaster & IT Systems Administrator,PT. MAZARI PROPERTIES GROUP,TypeScript
JOB_0408,frontend-developer,web_development,Webmaster & IT Systems Administrator,PT. MAZARI PROPERTIES GROUP,React.js
JOB_0408,frontend-developer,web_development,Webmaster & IT Systems Administrator,PT. MAZARI PROPERTIES GROUP,Next.js
JOB_0408,frontend-developer,web_development,Webmaster & IT Systems Administrator,PT. MAZARI PROPERTIES GROUP,Vue.js
JOB_0408,frontend-developer,web_development,Webmaster & IT Systems Administrator,PT. MAZARI PROPERTIES GROUP,Tailwind CSS
JOB_0408,frontend-developer,web_development,Webmaster & IT Systems Administrator,PT. MAZARI PROPERTIES GROUP,Node.js
JOB_0408,frontend-developer,web_development,Webmaster & IT Systems Administrator,PT. MAZARI PROPERTIES GROUP,PHP
JOB_0408,frontend-developer,web_development,Webmaster & IT Systems Administrator,PT. MAZARI PROPERTIES GROUP,Golang
JOB_0408,frontend-developer,web_development,Webmaster & IT Systems Administrator,PT. MAZARI PROPERTIES GROUP,Laravel
JOB_0408,frontend-developer,web_development,Webmaster & IT Systems Administrator,PT. MAZARI PROPERTIES GROUP,Django
JOB_0408,frontend-developer,web_development,Webmaster & IT Systems Administrator,PT. MAZARI PROPERTIES GROUP,FastAPI
JOB_0408,frontend-developer,web_development,Webmaster & IT Systems Administrator,PT. MAZARI PROPERTIES GROUP,REST API
JOB_0408,frontend-developer,web_development,Webmaster & IT Systems Administrator,PT. MAZARI PROPERTIES GROUP,Docker
JOB_0408,frontend-developer,web_development,Webmaster & IT Systems Administrator,PT. MAZARI PROPERTIES GROUP,AWS
JOB_0408,frontend-developer,web_development,Webmaster & IT Systems Administrator,PT. MAZARI PROPERTIES GROUP,GCP
JOB_0408,frontend-developer,web_development,Webmaster & IT Systems Administrator,PT. MAZARI PROPERTIES GROUP,Azure
JOB_0408,frontend-developer,web_development,Webmaster & IT Systems Administrator,PT. MAZARI PROPERTIES GROUP,CI/CD
JOB_0408,frontend-developer,web_development,Webmaster & IT Systems Administrator,PT. MAZARI PROPERTIES GROUP,Git
JOB_0408,frontend-developer,web_development,Webmaster & IT Systems Administrator,PT. MAZARI PROPERTIES GROUP,Linux
JOB_0408,frontend-developer,web_development,Webmaster & IT Systems Administrator,PT. MAZARI PROPERTIES GROUP,Cybersecurity
JOB_0408,frontend-developer,web_development,Webmaster & IT Systems Administrator,PT. MAZARI PROPERTIES GROUP,Penetration Testing
JOB_0409,frontend-developer,web_development,IT Programmer,PT Selago Makmur Plantation,PostgreSQL
JOB_0409,frontend-developer,web_development,IT Programmer,PT Selago Makmur Plantation,MySQL
JOB_0409,frontend-developer,web_development,IT Programmer,PT Selago Makmur Plantation,JavaScript
JOB_0409,frontend-developer,web_development,IT Programmer,PT Selago Makmur Plantation,React.js
JOB_0409,frontend-developer,web_development,IT Programmer,PT Selago Makmur Plantation,React Native
JOB_0409,frontend-developer,web_development,IT Programmer,PT Selago Makmur Plantation,Vue.js
JOB_0409,frontend-developer,web_development,IT Programmer,PT Selago Makmur Plantation,Node.js
JOB_0409,frontend-developer,web_development,IT Programmer,PT Selago Makmur Plantation,PHP
JOB_0409,frontend-developer,web_development,IT Programmer,PT Selago Makmur Plantation,Golang
JOB_0409,frontend-developer,web_development,IT Programmer,PT Selago Makmur Plantation,Laravel
JOB_0409,frontend-developer,web_development,IT Programmer,PT Selago Makmur Plantation,REST API
JOB_0409,frontend-developer,web_development,IT Programmer,PT Selago Makmur Plantation,Git
JOB_0409,frontend-developer,web_development,IT Programmer,PT Selago Makmur Plantation,UI/UX
JOB_0410,frontend-developer,web_development,UI/UX Development,PT Digdaya Duta Digital,Machine Learning
JOB_0410,frontend-developer,web_development,UI/UX Development,PT Digdaya Duta Digital,HTML
JOB_0410,frontend-developer,web_development,UI/UX Development,PT Digdaya Duta Digital,CSS
JOB_0410,frontend-developer,web_development,UI/UX Development,PT Digdaya Duta Digital,TypeScript
JOB_0410,frontend-developer,web_development,UI/UX Development,PT Digdaya Duta Digital,Figma
JOB_0410,frontend-developer,web_development,UI/UX Development,PT Digdaya Duta Digital,UI/UX
JOB_0411,frontend-developer,web_development,Senior UI/UX Engineer,"PT Tera Data Indonusa, Tbk",CSS
JOB_0411,frontend-developer,web_development,Senior UI/UX Engineer,"PT Tera Data Indonusa, Tbk",TypeScript
JOB_0411,frontend-developer,web_development,Senior UI/UX Engineer,"PT Tera Data Indonusa, Tbk",React.js
JOB_0411,frontend-developer,web_development,Senior UI/UX Engineer,"PT Tera Data Indonusa, Tbk",Figma
JOB_0411,frontend-developer,web_development,Senior UI/UX Engineer,"PT Tera Data Indonusa, Tbk",UI/UX
JOB_0411,frontend-developer,web_development,Senior UI/UX Engineer,"PT Tera Data Indonusa, Tbk",Wireframing
JOB_0411,frontend-developer,web_development,Senior UI/UX Engineer,"PT Tera Data Indonusa, Tbk",Prototyping
JOB_0412,frontend-developer,web_development,Full Stack Developer (Nuxt.js & Laravel),PT Eigerindo Multi Produk Industri,PostgreSQL
JOB_0412,frontend-developer,web_development,Full Stack Developer (Nuxt.js & Laravel),PT Eigerindo Multi Produk Industri,MySQL
JOB_0412,frontend-developer,web_development,Full Stack Developer (Nuxt.js & Laravel),PT Eigerindo Multi Produk Industri,JavaScript
JOB_0412,frontend-developer,web_development,Full Stack Developer (Nuxt.js & Laravel),PT Eigerindo Multi Produk Industri,TypeScript
JOB_0412,frontend-developer,web_development,Full Stack Developer (Nuxt.js & Laravel),PT Eigerindo Multi Produk Industri,Laravel
JOB_0412,frontend-developer,web_development,Full Stack Developer (Nuxt.js & Laravel),PT Eigerindo Multi Produk Industri,REST API
JOB_0412,frontend-developer,web_development,Full Stack Developer (Nuxt.js & Laravel),PT Eigerindo Multi Produk Industri,Git
JOB_0414,frontend-developer,web_development,Software Engineer,PT Sentra Vidya Utama,PostgreSQL
JOB_0414,frontend-developer,web_development,Software Engineer,PT Sentra Vidya Utama,JavaScript
JOB_0414,frontend-developer,web_development,Software Engineer,PT Sentra Vidya Utama,TypeScript
JOB_0414,frontend-developer,web_development,Software Engineer,PT Sentra Vidya Utama,Vue.js
JOB_0414,frontend-developer,web_development,Software Engineer,PT Sentra Vidya Utama,Node.js
JOB_0414,frontend-developer,web_development,Software Engineer,PT Sentra Vidya Utama,PHP
JOB_0414,frontend-developer,web_development,Software Engineer,PT Sentra Vidya Utama,Laravel
JOB_0414,frontend-developer,web_development,Software Engineer,PT Sentra Vidya Utama,REST API
JOB_0414,frontend-developer,web_development,Software Engineer,PT Sentra Vidya Utama,Docker
JOB_0414,frontend-developer,web_development,Software Engineer,PT Sentra Vidya Utama,Microservices
JOB_0415,frontend-developer,web_development,Web Developer (PHP / Laravel),Kop. Nusantara,SQL
JOB_0415,frontend-developer,web_development,Web Developer (PHP / Laravel),Kop. Nusantara,PostgreSQL
JOB_0415,frontend-developer,web_development,Web Developer (PHP / Laravel),Kop. Nusantara,MySQL
JOB_0415,frontend-developer,web_development,Web Developer (PHP / Laravel),Kop. Nusantara,HTML
JOB_0415,frontend-developer,web_development,Web Developer (PHP / Laravel),Kop. Nusantara,CSS
JOB_0415,frontend-developer,web_development,Web Developer (PHP / Laravel),Kop. Nusantara,JavaScript
JOB_0415,frontend-developer,web_development,Web Developer (PHP / Laravel),Kop. Nusantara,TypeScript
JOB_0415,frontend-developer,web_development,Web Developer (PHP / Laravel),Kop. Nusantara,React.js
JOB_0415,frontend-developer,web_development,Web Developer (PHP / Laravel),Kop. Nusantara,Next.js
JOB_0415,frontend-developer,web_development,Web Developer (PHP / Laravel),Kop. Nusantara,Vue.js
JOB_0415,frontend-developer,web_development,Web Developer (PHP / Laravel),Kop. Nusantara,PHP
JOB_0415,frontend-developer,web_development,Web Developer (PHP / Laravel),Kop. Nusantara,Laravel
JOB_0415,frontend-developer,web_development,Web Developer (PHP / Laravel),Kop. Nusantara,REST API
JOB_0415,frontend-developer,web_development,Web Developer (PHP / Laravel),Kop. Nusantara,Docker
JOB_0415,frontend-developer,web_development,Web Developer (PHP / Laravel),Kop. Nusantara,CI/CD
JOB_0415,frontend-developer,web_development,Web Developer (PHP / Laravel),Kop. Nusantara,Git
JOB_0415,frontend-developer,web_development,Web Developer (PHP / Laravel),Kop. Nusantara,Linux
JOB_0415,frontend-developer,web_development,Web Developer (PHP / Laravel),Kop. Nusantara,Microservices
JOB_0416,frontend-developer,web_development,FULL STACK DEVELOPER STAFF,PT Asuransi Jiwa Syariah Al Amin,PostgreSQL
JOB_0416,frontend-developer,web_development,FULL STACK DEVELOPER STAFF,PT Asuransi Jiwa Syariah Al Amin,MySQL
JOB_0416,frontend-developer,web_development,FULL STACK DEVELOPER STAFF,PT Asuransi Jiwa Syariah Al Amin,CSS
JOB_0416,frontend-developer,web_development,FULL STACK DEVELOPER STAFF,PT Asuransi Jiwa Syariah Al Amin,JavaScript
JOB_0416,frontend-developer,web_development,FULL STACK DEVELOPER STAFF,PT Asuransi Jiwa Syariah Al Amin,React.js
JOB_0416,frontend-developer,web_development,FULL STACK DEVELOPER STAFF,PT Asuransi Jiwa Syariah Al Amin,Vue.js
JOB_0416,frontend-developer,web_development,FULL STACK DEVELOPER STAFF,PT Asuransi Jiwa Syariah Al Amin,Tailwind CSS
JOB_0416,frontend-developer,web_development,FULL STACK DEVELOPER STAFF,PT Asuransi Jiwa Syariah Al Amin,Bootstrap
JOB_0416,frontend-developer,web_development,FULL STACK DEVELOPER STAFF,PT Asuransi Jiwa Syariah Al Amin,Node.js
JOB_0416,frontend-developer,web_development,FULL STACK DEVELOPER STAFF,PT Asuransi Jiwa Syariah Al Amin,PHP
JOB_0416,frontend-developer,web_development,FULL STACK DEVELOPER STAFF,PT Asuransi Jiwa Syariah Al Amin,Golang
JOB_0416,frontend-developer,web_development,FULL STACK DEVELOPER STAFF,PT Asuransi Jiwa Syariah Al Amin,Laravel
JOB_0416,frontend-developer,web_development,FULL STACK DEVELOPER STAFF,PT Asuransi Jiwa Syariah Al Amin,REST API
JOB_0416,frontend-developer,web_development,FULL STACK DEVELOPER STAFF,PT Asuransi Jiwa Syariah Al Amin,Docker
JOB_0416,frontend-developer,web_development,FULL STACK DEVELOPER STAFF,PT Asuransi Jiwa Syariah Al Amin,CI/CD
JOB_0416,frontend-developer,web_development,FULL STACK DEVELOPER STAFF,PT Asuransi Jiwa Syariah Al Amin,Git
JOB_0416,frontend-developer,web_development,FULL STACK DEVELOPER STAFF,PT Asuransi Jiwa Syariah Al Amin,Linux
JOB_0417,frontend-developer,web_development,Junior IT Programmer,PT Putraduta Buanasentosa,SQL
JOB_0417,frontend-developer,web_development,Junior IT Programmer,PT Putraduta Buanasentosa,PostgreSQL
JOB_0417,frontend-developer,web_development,Junior IT Programmer,PT Putraduta Buanasentosa,MySQL
JOB_0417,frontend-developer,web_development,Junior IT Programmer,PT Putraduta Buanasentosa,JavaScript
JOB_0417,frontend-developer,web_development,Junior IT Programmer,PT Putraduta Buanasentosa,React.js
JOB_0417,frontend-developer,web_development,Junior IT Programmer,PT Putraduta Buanasentosa,Vue.js
JOB_0417,frontend-developer,web_development,Junior IT Programmer,PT Putraduta Buanasentosa,PHP
JOB_0417,frontend-developer,web_development,Junior IT Programmer,PT Putraduta Buanasentosa,Java
JOB_0417,frontend-developer,web_development,Junior IT Programmer,PT Putraduta Buanasentosa,Laravel
JOB_0417,frontend-developer,web_development,Junior IT Programmer,PT Putraduta Buanasentosa,REST API
JOB_0417,frontend-developer,web_development,Junior IT Programmer,PT Putraduta Buanasentosa,Docker
JOB_0417,frontend-developer,web_development,Junior IT Programmer,PT Putraduta Buanasentosa,CI/CD
JOB_0417,frontend-developer,web_development,Junior IT Programmer,PT Putraduta Buanasentosa,Git
JOB_0417,frontend-developer,web_development,Junior IT Programmer,PT Putraduta Buanasentosa,Linux
JOB_0417,frontend-developer,web_development,Junior IT Programmer,PT Putraduta Buanasentosa,Microservices
JOB_0418,frontend-developer,web_development,Golang Developer,PT IDStar Cipta Teknologi,PostgreSQL
JOB_0418,frontend-developer,web_development,Golang Developer,PT IDStar Cipta Teknologi,TypeScript
JOB_0418,frontend-developer,web_development,Golang Developer,PT IDStar Cipta Teknologi,Golang
JOB_0418,frontend-developer,web_development,Golang Developer,PT IDStar Cipta Teknologi,REST API
JOB_0418,frontend-developer,web_development,Golang Developer,PT IDStar Cipta Teknologi,Git
JOB_0418,frontend-developer,web_development,Golang Developer,PT IDStar Cipta Teknologi,Agile/Scrum
JOB_0419,frontend-developer,web_development,Internal Product Engineer / Full Stack Developer,WAV,Machine Learning
JOB_0419,frontend-developer,web_development,Internal Product Engineer / Full Stack Developer,WAV,HTML
JOB_0419,frontend-developer,web_development,Internal Product Engineer / Full Stack Developer,WAV,CSS
JOB_0419,frontend-developer,web_development,Internal Product Engineer / Full Stack Developer,WAV,JavaScript
JOB_0419,frontend-developer,web_development,Internal Product Engineer / Full Stack Developer,WAV,TypeScript
JOB_0419,frontend-developer,web_development,Internal Product Engineer / Full Stack Developer,WAV,React.js
JOB_0419,frontend-developer,web_development,Internal Product Engineer / Full Stack Developer,WAV,Next.js
JOB_0419,frontend-developer,web_development,Internal Product Engineer / Full Stack Developer,WAV,Node.js
JOB_0419,frontend-developer,web_development,Internal Product Engineer / Full Stack Developer,WAV,REST API
JOB_0419,frontend-developer,web_development,Internal Product Engineer / Full Stack Developer,WAV,UI/UX
JOB_0420,frontend-developer,web_development,Salesforce Developer,PT Phincon,SQL
JOB_0420,frontend-developer,web_development,Salesforce Developer,PT Phincon,JavaScript
JOB_0420,frontend-developer,web_development,Salesforce Developer,PT Phincon,TypeScript
JOB_0420,frontend-developer,web_development,Salesforce Developer,PT Phincon,REST API
JOB_0420,frontend-developer,web_development,Salesforce Developer,PT Phincon,CI/CD
JOB_0420,frontend-developer,web_development,Salesforce Developer,PT Phincon,Agile/Scrum
JOB_0421,frontend-developer,web_development,WordPress Leader,PT DORAN SUKSES INDONESIA (JETE INDONESIA),MySQL
JOB_0421,frontend-developer,web_development,WordPress Leader,PT DORAN SUKSES INDONESIA (JETE INDONESIA),HTML
JOB_0421,frontend-developer,web_development,WordPress Leader,PT DORAN SUKSES INDONESIA (JETE INDONESIA),CSS
JOB_0421,frontend-developer,web_development,WordPress Leader,PT DORAN SUKSES INDONESIA (JETE INDONESIA),JavaScript
JOB_0421,frontend-developer,web_development,WordPress Leader,PT DORAN SUKSES INDONESIA (JETE INDONESIA),PHP
JOB_0421,frontend-developer,web_development,WordPress Leader,PT DORAN SUKSES INDONESIA (JETE INDONESIA),REST API
JOB_0421,frontend-developer,web_development,WordPress Leader,PT DORAN SUKSES INDONESIA (JETE INDONESIA),Git
JOB_0421,frontend-developer,web_development,WordPress Leader,PT DORAN SUKSES INDONESIA (JETE INDONESIA),UI/UX
JOB_0421,frontend-developer,web_development,WordPress Leader,PT DORAN SUKSES INDONESIA (JETE INDONESIA),Problem Solving
JOB_0422,frontend-developer,web_development,Avaloq Developer – Defect Resolution / Application Support,G2 Comtech Asia Pte Ltd,SQL
JOB_0422,frontend-developer,web_development,Avaloq Developer – Defect Resolution / Application Support,G2 Comtech Asia Pte Ltd,TypeScript
JOB_0422,frontend-developer,web_development,Avaloq Developer – Defect Resolution / Application Support,G2 Comtech Asia Pte Ltd,Golang
JOB_0423,frontend-developer,web_development,DevOps,PT. MONARCH INTI TEKNOLOGI,Python
JOB_0423,frontend-developer,web_development,DevOps,PT. MONARCH INTI TEKNOLOGI,PostgreSQL
JOB_0423,frontend-developer,web_development,DevOps,PT. MONARCH INTI TEKNOLOGI,MySQL
JOB_0423,frontend-developer,web_development,DevOps,PT. MONARCH INTI TEKNOLOGI,TypeScript
JOB_0423,frontend-developer,web_development,DevOps,PT. MONARCH INTI TEKNOLOGI,Golang
JOB_0423,frontend-developer,web_development,DevOps,PT. MONARCH INTI TEKNOLOGI,Docker
JOB_0423,frontend-developer,web_development,DevOps,PT. MONARCH INTI TEKNOLOGI,Kubernetes
JOB_0423,frontend-developer,web_development,DevOps,PT. MONARCH INTI TEKNOLOGI,AWS
JOB_0423,frontend-developer,web_development,DevOps,PT. MONARCH INTI TEKNOLOGI,GCP
JOB_0423,frontend-developer,web_development,DevOps,PT. MONARCH INTI TEKNOLOGI,Azure
JOB_0423,frontend-developer,web_development,DevOps,PT. MONARCH INTI TEKNOLOGI,CI/CD
JOB_0423,frontend-developer,web_development,DevOps,PT. MONARCH INTI TEKNOLOGI,Git
JOB_0424,frontend-developer,web_development,Java/Full-Stack Developer,PT Triyakom,SQL
JOB_0424,frontend-developer,web_development,Java/Full-Stack Developer,PT Triyakom,PostgreSQL
JOB_0424,frontend-developer,web_development,Java/Full-Stack Developer,PT Triyakom,Excel
JOB_0424,frontend-developer,web_development,Java/Full-Stack Developer,PT Triyakom,JavaScript
JOB_0424,frontend-developer,web_development,Java/Full-Stack Developer,PT Triyakom,TypeScript
JOB_0424,frontend-developer,web_development,Java/Full-Stack Developer,PT Triyakom,React.js
JOB_0424,frontend-developer,web_development,Java/Full-Stack Developer,PT Triyakom,Vue.js
JOB_0424,frontend-developer,web_development,Java/Full-Stack Developer,PT Triyakom,Angular
JOB_0424,frontend-developer,web_development,Java/Full-Stack Developer,PT Triyakom,Java
JOB_0424,frontend-developer,web_development,Java/Full-Stack Developer,PT Triyakom,Spring Boot
JOB_0424,frontend-developer,web_development,Java/Full-Stack Developer,PT Triyakom,REST API
JOB_0424,frontend-developer,web_development,Java/Full-Stack Developer,PT Triyakom,Docker
JOB_0424,frontend-developer,web_development,Java/Full-Stack Developer,PT Triyakom,Kubernetes
JOB_0424,frontend-developer,web_development,Java/Full-Stack Developer,PT Triyakom,Git
JOB_0424,frontend-developer,web_development,Java/Full-Stack Developer,PT Triyakom,Microservices
JOB_0424,frontend-developer,web_development,Java/Full-Stack Developer,PT Triyakom,Agile/Scrum
JOB_0425,frontend-developer,web_development,AI Engineer,PT ILOGO INFRALOGY,SQL
JOB_0425,frontend-developer,web_development,AI Engineer,PT ILOGO INFRALOGY,PostgreSQL
JOB_0425,frontend-developer,web_development,AI Engineer,PT ILOGO INFRALOGY,MySQL
JOB_0425,frontend-developer,web_development,AI Engineer,PT ILOGO INFRALOGY,Data Modeling
JOB_0425,frontend-developer,web_development,AI Engineer,PT ILOGO INFRALOGY,JavaScript
JOB_0425,frontend-developer,web_development,AI Engineer,PT ILOGO INFRALOGY,TypeScript
JOB_0425,frontend-developer,web_development,AI Engineer,PT ILOGO INFRALOGY,React.js
JOB_0425,frontend-developer,web_development,AI Engineer,PT ILOGO INFRALOGY,Next.js
JOB_0425,frontend-developer,web_development,AI Engineer,PT ILOGO INFRALOGY,Vue.js
JOB_0425,frontend-developer,web_development,AI Engineer,PT ILOGO INFRALOGY,Svelte
JOB_0425,frontend-developer,web_development,AI Engineer,PT ILOGO INFRALOGY,Golang
JOB_0425,frontend-developer,web_development,AI Engineer,PT ILOGO INFRALOGY,REST API
JOB_0425,frontend-developer,web_development,AI Engineer,PT ILOGO INFRALOGY,GraphQL
JOB_0425,frontend-developer,web_development,AI Engineer,PT ILOGO INFRALOGY,Docker
JOB_0425,frontend-developer,web_development,AI Engineer,PT ILOGO INFRALOGY,CI/CD
JOB_0425,frontend-developer,web_development,AI Engineer,PT ILOGO INFRALOGY,Git
JOB_0425,frontend-developer,web_development,AI Engineer,PT ILOGO INFRALOGY,Microservices
JOB_0426,frontend-developer,web_development,AI – AUGMENTED FULLSTACK DEVELOPER,"PT Jasnita Telekomindo, Tbk",PostgreSQL
JOB_0426,frontend-developer,web_development,AI – AUGMENTED FULLSTACK DEVELOPER,"PT Jasnita Telekomindo, Tbk",MySQL
JOB_0426,frontend-developer,web_development,AI – AUGMENTED FULLSTACK DEVELOPER,"PT Jasnita Telekomindo, Tbk",PHP
JOB_0426,frontend-developer,web_development,AI – AUGMENTED FULLSTACK DEVELOPER,"PT Jasnita Telekomindo, Tbk",REST API
JOB_0426,frontend-developer,web_development,AI – AUGMENTED FULLSTACK DEVELOPER,"PT Jasnita Telekomindo, Tbk",Git
JOB_0427,frontend-developer,web_development,Programmer,TRR Account Service,Python
JOB_0427,frontend-developer,web_development,Programmer,TRR Account Service,PostgreSQL
JOB_0427,frontend-developer,web_development,Programmer,TRR Account Service,MySQL
JOB_0427,frontend-developer,web_development,Programmer,TRR Account Service,MongoDB
JOB_0427,frontend-developer,web_development,Programmer,TRR Account Service,Machine Learning
JOB_0427,frontend-developer,web_development,Programmer,TRR Account Service,HTML
JOB_0427,frontend-developer,web_development,Programmer,TRR Account Service,CSS
JOB_0427,frontend-developer,web_development,Programmer,TRR Account Service,JavaScript
JOB_0427,frontend-developer,web_development,Programmer,TRR Account Service,TypeScript
JOB_0427,frontend-developer,web_development,Programmer,TRR Account Service,React.js
JOB_0427,frontend-developer,web_development,Programmer,TRR Account Service,Vue.js
JOB_0427,frontend-developer,web_development,Programmer,TRR Account Service,Angular
JOB_0427,frontend-developer,web_development,Programmer,TRR Account Service,PHP
JOB_0427,frontend-developer,web_development,Programmer,TRR Account Service,Java
JOB_0427,frontend-developer,web_development,Programmer,TRR Account Service,REST API
JOB_0427,frontend-developer,web_development,Programmer,TRR Account Service,Git
JOB_0428,frontend-developer,web_development,Full Stack Developer,PT IDStar Cipta Teknologi,PostgreSQL
JOB_0428,frontend-developer,web_development,Full Stack Developer,PT IDStar Cipta Teknologi,JavaScript
JOB_0428,frontend-developer,web_development,Full Stack Developer,PT IDStar Cipta Teknologi,TypeScript
JOB_0428,frontend-developer,web_development,Full Stack Developer,PT IDStar Cipta Teknologi,React.js
JOB_0428,frontend-developer,web_development,Full Stack Developer,PT IDStar Cipta Teknologi,Golang
JOB_0428,frontend-developer,web_development,Full Stack Developer,PT IDStar Cipta Teknologi,Java
JOB_0428,frontend-developer,web_development,Full Stack Developer,PT IDStar Cipta Teknologi,Spring Boot
JOB_0428,frontend-developer,web_development,Full Stack Developer,PT IDStar Cipta Teknologi,REST API
JOB_0428,frontend-developer,web_development,Full Stack Developer,PT IDStar Cipta Teknologi,Docker
JOB_0428,frontend-developer,web_development,Full Stack Developer,PT IDStar Cipta Teknologi,Kubernetes
JOB_0428,frontend-developer,web_development,Full Stack Developer,PT IDStar Cipta Teknologi,AWS
JOB_0428,frontend-developer,web_development,Full Stack Developer,PT IDStar Cipta Teknologi,Git
JOB_0428,frontend-developer,web_development,Full Stack Developer,PT IDStar Cipta Teknologi,Figma
JOB_0428,frontend-developer,web_development,Full Stack Developer,PT IDStar Cipta Teknologi,UI/UX
JOB_0429,frontend-developer,web_development,Web Developer,IndoSoft,SQL
JOB_0429,frontend-developer,web_development,Web Developer,IndoSoft,Machine Learning
JOB_0429,frontend-developer,web_development,Web Developer,IndoSoft,HTML
JOB_0429,frontend-developer,web_development,Web Developer,IndoSoft,JavaScript
JOB_0429,frontend-developer,web_development,Web Developer,IndoSoft,TypeScript
JOB_0429,frontend-developer,web_development,Web Developer,IndoSoft,.NET
JOB_0430,frontend-developer,web_development,Full Stack Developer,PT INDOSAKU DIGITAL TEKNOLOGI,SQL
JOB_0430,frontend-developer,web_development,Full Stack Developer,PT INDOSAKU DIGITAL TEKNOLOGI,MySQL
JOB_0430,frontend-developer,web_development,Full Stack Developer,PT INDOSAKU DIGITAL TEKNOLOGI,Machine Learning
JOB_0430,frontend-developer,web_development,Full Stack Developer,PT INDOSAKU DIGITAL TEKNOLOGI,HTML
JOB_0430,frontend-developer,web_development,Full Stack Developer,PT INDOSAKU DIGITAL TEKNOLOGI,CSS
JOB_0430,frontend-developer,web_development,Full Stack Developer,PT INDOSAKU DIGITAL TEKNOLOGI,JavaScript
JOB_0430,frontend-developer,web_development,Full Stack Developer,PT INDOSAKU DIGITAL TEKNOLOGI,React.js
JOB_0430,frontend-developer,web_development,Full Stack Developer,PT INDOSAKU DIGITAL TEKNOLOGI,Vue.js
JOB_0430,frontend-developer,web_development,Full Stack Developer,PT INDOSAKU DIGITAL TEKNOLOGI,Angular
JOB_0430,frontend-developer,web_development,Full Stack Developer,PT INDOSAKU DIGITAL TEKNOLOGI,Java
JOB_0430,frontend-developer,web_development,Full Stack Developer,PT INDOSAKU DIGITAL TEKNOLOGI,Spring Boot
JOB_0430,frontend-developer,web_development,Full Stack Developer,PT INDOSAKU DIGITAL TEKNOLOGI,REST API
JOB_0430,frontend-developer,web_development,Full Stack Developer,PT INDOSAKU DIGITAL TEKNOLOGI,Git
JOB_0430,frontend-developer,web_development,Full Stack Developer,PT INDOSAKU DIGITAL TEKNOLOGI,Problem Solving
JOB_0431,frontend-developer,web_development,Programmer,ARTHA UTAMA PLASINDO,Python
JOB_0431,frontend-developer,web_development,Programmer,ARTHA UTAMA PLASINDO,SQL
JOB_0431,frontend-developer,web_development,Programmer,ARTHA UTAMA PLASINDO,Java
JOB_0432,frontend-developer,web_development,Fullstack Developer (.Net),PT Karisma Zona Kreatifku,SQL
JOB_0432,frontend-developer,web_development,Fullstack Developer (.Net),PT Karisma Zona Kreatifku,TypeScript
JOB_0432,frontend-developer,web_development,Fullstack Developer (.Net),PT Karisma Zona Kreatifku,React.js
JOB_0432,frontend-developer,web_development,Fullstack Developer (.Net),PT Karisma Zona Kreatifku,Angular
JOB_0432,frontend-developer,web_development,Fullstack Developer (.Net),PT Karisma Zona Kreatifku,REST API
JOB_0432,frontend-developer,web_development,Fullstack Developer (.Net),PT Karisma Zona Kreatifku,AWS
JOB_0432,frontend-developer,web_development,Fullstack Developer (.Net),PT Karisma Zona Kreatifku,UI/UX
JOB_0432,frontend-developer,web_development,Fullstack Developer (.Net),PT Karisma Zona Kreatifku,Problem Solving
JOB_0433,frontend-developer,web_development,Fullstack Developer (Javaspringboot & VueJS),PT Karisma Zona Kreatifku,MySQL
JOB_0433,frontend-developer,web_development,Fullstack Developer (Javaspringboot & VueJS),PT Karisma Zona Kreatifku,CSS
JOB_0433,frontend-developer,web_development,Fullstack Developer (Javaspringboot & VueJS),PT Karisma Zona Kreatifku,JavaScript
JOB_0433,frontend-developer,web_development,Fullstack Developer (Javaspringboot & VueJS),PT Karisma Zona Kreatifku,React.js
JOB_0433,frontend-developer,web_development,Fullstack Developer (Javaspringboot & VueJS),PT Karisma Zona Kreatifku,Vue.js
JOB_0433,frontend-developer,web_development,Fullstack Developer (Javaspringboot & VueJS),PT Karisma Zona Kreatifku,Angular
JOB_0433,frontend-developer,web_development,Fullstack Developer (Javaspringboot & VueJS),PT Karisma Zona Kreatifku,Golang
JOB_0433,frontend-developer,web_development,Fullstack Developer (Javaspringboot & VueJS),PT Karisma Zona Kreatifku,Java
JOB_0433,frontend-developer,web_development,Fullstack Developer (Javaspringboot & VueJS),PT Karisma Zona Kreatifku,Spring Boot
JOB_0433,frontend-developer,web_development,Fullstack Developer (Javaspringboot & VueJS),PT Karisma Zona Kreatifku,REST API
JOB_0433,frontend-developer,web_development,Fullstack Developer (Javaspringboot & VueJS),PT Karisma Zona Kreatifku,Agile/Scrum
JOB_0434,frontend-developer,web_development,Fullstack Programmer,PT. Zentralink Otoparts,MySQL
JOB_0434,frontend-developer,web_development,Fullstack Programmer,PT. Zentralink Otoparts,JavaScript
JOB_0434,frontend-developer,web_development,Fullstack Programmer,PT. Zentralink Otoparts,PHP
JOB_0434,frontend-developer,web_development,Fullstack Programmer,PT. Zentralink Otoparts,Laravel
JOB_0435,frontend-developer,web_development,Web Development & SEO Specialist,P.T. STARLEAD TECHNOLOGY,Machine Learning
JOB_0435,frontend-developer,web_development,Web Development & SEO Specialist,P.T. STARLEAD TECHNOLOGY,HTML
JOB_0435,frontend-developer,web_development,Web Development & SEO Specialist,P.T. STARLEAD TECHNOLOGY,CSS
JOB_0435,frontend-developer,web_development,Web Development & SEO Specialist,P.T. STARLEAD TECHNOLOGY,JavaScript
JOB_0435,frontend-developer,web_development,Web Development & SEO Specialist,P.T. STARLEAD TECHNOLOGY,REST API
JOB_0435,frontend-developer,web_development,Web Development & SEO Specialist,P.T. STARLEAD TECHNOLOGY,UI/UX
JOB_0436,frontend-developer,web_development,Programmer,PT Bangunsukses Niagatama Nusantara,SQL
JOB_0436,frontend-developer,web_development,Programmer,PT Bangunsukses Niagatama Nusantara,Machine Learning
JOB_0436,frontend-developer,web_development,Programmer,PT Bangunsukses Niagatama Nusantara,HTML
JOB_0436,frontend-developer,web_development,Programmer,PT Bangunsukses Niagatama Nusantara,JavaScript
JOB_0436,frontend-developer,web_development,Programmer,PT Bangunsukses Niagatama Nusantara,PHP
JOB_0437,frontend-developer,web_development,Programmer,PT GITA,SQL
JOB_0437,frontend-developer,web_development,Programmer,PT GITA,Angular
JOB_0437,frontend-developer,web_development,Programmer,PT GITA,Java
JOB_0437,frontend-developer,web_development,Programmer,PT GITA,Laravel
JOB_0438,frontend-developer,web_development,FULL STACK DEVELOPER,PT Golden Flexible Packaging,Python
JOB_0438,frontend-developer,web_development,FULL STACK DEVELOPER,PT Golden Flexible Packaging,SQL
JOB_0438,frontend-developer,web_development,FULL STACK DEVELOPER,PT Golden Flexible Packaging,PostgreSQL
JOB_0438,frontend-developer,web_development,FULL STACK DEVELOPER,PT Golden Flexible Packaging,MySQL
JOB_0438,frontend-developer,web_development,FULL STACK DEVELOPER,PT Golden Flexible Packaging,Excel
JOB_0438,frontend-developer,web_development,FULL STACK DEVELOPER,PT Golden Flexible Packaging,JavaScript
JOB_0438,frontend-developer,web_development,FULL STACK DEVELOPER,PT Golden Flexible Packaging,Node.js
JOB_0438,frontend-developer,web_development,FULL STACK DEVELOPER,PT Golden Flexible Packaging,PHP
JOB_0438,frontend-developer,web_development,FULL STACK DEVELOPER,PT Golden Flexible Packaging,Golang
JOB_0438,frontend-developer,web_development,FULL STACK DEVELOPER,PT Golden Flexible Packaging,Laravel
JOB_0438,frontend-developer,web_development,FULL STACK DEVELOPER,PT Golden Flexible Packaging,.NET
JOB_0438,frontend-developer,web_development,FULL STACK DEVELOPER,PT Golden Flexible Packaging,Django
JOB_0438,frontend-developer,web_development,FULL STACK DEVELOPER,PT Golden Flexible Packaging,FastAPI
JOB_0438,frontend-developer,web_development,FULL STACK DEVELOPER,PT Golden Flexible Packaging,REST API
JOB_0438,frontend-developer,web_development,FULL STACK DEVELOPER,PT Golden Flexible Packaging,Docker
JOB_0439,frontend-developer,web_development,Full Stack IT Developer Kubernetes Specialist (Development & Infrastructure),PT. JAGAD AMAN PRIMA,Python
JOB_0439,frontend-developer,web_development,Full Stack IT Developer Kubernetes Specialist (Development & Infrastructure),PT. JAGAD AMAN PRIMA,SQL
JOB_0439,frontend-developer,web_development,Full Stack IT Developer Kubernetes Specialist (Development & Infrastructure),PT. JAGAD AMAN PRIMA,PostgreSQL
JOB_0439,frontend-developer,web_development,Full Stack IT Developer Kubernetes Specialist (Development & Infrastructure),PT. JAGAD AMAN PRIMA,MySQL
JOB_0439,frontend-developer,web_development,Full Stack IT Developer Kubernetes Specialist (Development & Infrastructure),PT. JAGAD AMAN PRIMA,MongoDB
JOB_0439,frontend-developer,web_development,Full Stack IT Developer Kubernetes Specialist (Development & Infrastructure),PT. JAGAD AMAN PRIMA,JavaScript
JOB_0439,frontend-developer,web_development,Full Stack IT Developer Kubernetes Specialist (Development & Infrastructure),PT. JAGAD AMAN PRIMA,TypeScript
JOB_0439,frontend-developer,web_development,Full Stack IT Developer Kubernetes Specialist (Development & Infrastructure),PT. JAGAD AMAN PRIMA,React.js
JOB_0439,frontend-developer,web_development,Full Stack IT Developer Kubernetes Specialist (Development & Infrastructure),PT. JAGAD AMAN PRIMA,Next.js
JOB_0439,frontend-developer,web_development,Full Stack IT Developer Kubernetes Specialist (Development & Infrastructure),PT. JAGAD AMAN PRIMA,Vue.js
JOB_0439,frontend-developer,web_development,Full Stack IT Developer Kubernetes Specialist (Development & Infrastructure),PT. JAGAD AMAN PRIMA,Node.js
JOB_0439,frontend-developer,web_development,Full Stack IT Developer Kubernetes Specialist (Development & Infrastructure),PT. JAGAD AMAN PRIMA,Golang
JOB_0439,frontend-developer,web_development,Full Stack IT Developer Kubernetes Specialist (Development & Infrastructure),PT. JAGAD AMAN PRIMA,REST API
JOB_0439,frontend-developer,web_development,Full Stack IT Developer Kubernetes Specialist (Development & Infrastructure),PT. JAGAD AMAN PRIMA,GraphQL
JOB_0439,frontend-developer,web_development,Full Stack IT Developer Kubernetes Specialist (Development & Infrastructure),PT. JAGAD AMAN PRIMA,Docker
JOB_0439,frontend-developer,web_development,Full Stack IT Developer Kubernetes Specialist (Development & Infrastructure),PT. JAGAD AMAN PRIMA,Kubernetes
JOB_0439,frontend-developer,web_development,Full Stack IT Developer Kubernetes Specialist (Development & Infrastructure),PT. JAGAD AMAN PRIMA,AWS
JOB_0439,frontend-developer,web_development,Full Stack IT Developer Kubernetes Specialist (Development & Infrastructure),PT. JAGAD AMAN PRIMA,GCP
JOB_0439,frontend-developer,web_development,Full Stack IT Developer Kubernetes Specialist (Development & Infrastructure),PT. JAGAD AMAN PRIMA,Azure
JOB_0439,frontend-developer,web_development,Full Stack IT Developer Kubernetes Specialist (Development & Infrastructure),PT. JAGAD AMAN PRIMA,Git
JOB_0440,frontend-developer,web_development,Backend Developer,PT Intersolusi Teknologi Asia,Python
JOB_0440,frontend-developer,web_development,Backend Developer,PT Intersolusi Teknologi Asia,PostgreSQL
JOB_0440,frontend-developer,web_development,Backend Developer,PT Intersolusi Teknologi Asia,MySQL
JOB_0440,frontend-developer,web_development,Backend Developer,PT Intersolusi Teknologi Asia,MongoDB
JOB_0440,frontend-developer,web_development,Backend Developer,PT Intersolusi Teknologi Asia,JavaScript
JOB_0440,frontend-developer,web_development,Backend Developer,PT Intersolusi Teknologi Asia,TypeScript
JOB_0440,frontend-developer,web_development,Backend Developer,PT Intersolusi Teknologi Asia,React.js
JOB_0440,frontend-developer,web_development,Backend Developer,PT Intersolusi Teknologi Asia,Angular
JOB_0440,frontend-developer,web_development,Backend Developer,PT Intersolusi Teknologi Asia,PHP
JOB_0440,frontend-developer,web_development,Backend Developer,PT Intersolusi Teknologi Asia,Java
JOB_0440,frontend-developer,web_development,Backend Developer,PT Intersolusi Teknologi Asia,Ruby
JOB_0440,frontend-developer,web_development,Backend Developer,PT Intersolusi Teknologi Asia,REST API
JOB_0440,frontend-developer,web_development,Backend Developer,PT Intersolusi Teknologi Asia,Docker
JOB_0440,frontend-developer,web_development,Backend Developer,PT Intersolusi Teknologi Asia,Kubernetes
JOB_0440,frontend-developer,web_development,Backend Developer,PT Intersolusi Teknologi Asia,AWS
JOB_0440,frontend-developer,web_development,Backend Developer,PT Intersolusi Teknologi Asia,GCP
JOB_0440,frontend-developer,web_development,Backend Developer,PT Intersolusi Teknologi Asia,Azure
JOB_0440,frontend-developer,web_development,Backend Developer,PT Intersolusi Teknologi Asia,CI/CD
JOB_0440,frontend-developer,web_development,Backend Developer,PT Intersolusi Teknologi Asia,Git
JOB_0440,frontend-developer,web_development,Backend Developer,PT Intersolusi Teknologi Asia,Microservices
JOB_0441,frontend-developer,web_development,IT Programmer Staff,PT Indomobil Finance Indonesia,SQL
JOB_0441,frontend-developer,web_development,IT Programmer Staff,PT Indomobil Finance Indonesia,Machine Learning
JOB_0441,frontend-developer,web_development,IT Programmer Staff,PT Indomobil Finance Indonesia,HTML
JOB_0441,frontend-developer,web_development,IT Programmer Staff,PT Indomobil Finance Indonesia,CSS
JOB_0441,frontend-developer,web_development,IT Programmer Staff,PT Indomobil Finance Indonesia,.NET
JOB_0442,frontend-developer,web_development,Back End Developer,PT Dua Puluh Empat Jam Online (UniPin),SQL
JOB_0442,frontend-developer,web_development,Back End Developer,PT Dua Puluh Empat Jam Online (UniPin),PostgreSQL
JOB_0442,frontend-developer,web_development,Back End Developer,PT Dua Puluh Empat Jam Online (UniPin),MySQL
JOB_0442,frontend-developer,web_development,Back End Developer,PT Dua Puluh Empat Jam Online (UniPin),TypeScript
JOB_0442,frontend-developer,web_development,Back End Developer,PT Dua Puluh Empat Jam Online (UniPin),Java
JOB_0442,frontend-developer,web_development,Back End Developer,PT Dua Puluh Empat Jam Online (UniPin),Spring Boot
JOB_0442,frontend-developer,web_development,Back End Developer,PT Dua Puluh Empat Jam Online (UniPin),REST API
JOB_0442,frontend-developer,web_development,Back End Developer,PT Dua Puluh Empat Jam Online (UniPin),GraphQL
JOB_0442,frontend-developer,web_development,Back End Developer,PT Dua Puluh Empat Jam Online (UniPin),Git
JOB_0443,frontend-developer,web_development,Lead Developer (Python),PT Hashmicro Solusi Indonesia,Python
JOB_0443,frontend-developer,web_development,Lead Developer (Python),PT Hashmicro Solusi Indonesia,PostgreSQL
JOB_0443,frontend-developer,web_development,Lead Developer (Python),PT Hashmicro Solusi Indonesia,MySQL
JOB_0443,frontend-developer,web_development,Lead Developer (Python),PT Hashmicro Solusi Indonesia,JavaScript
JOB_0443,frontend-developer,web_development,Lead Developer (Python),PT Hashmicro Solusi Indonesia,TypeScript
JOB_0443,frontend-developer,web_development,Lead Developer (Python),PT Hashmicro Solusi Indonesia,Vue.js
JOB_0443,frontend-developer,web_development,Lead Developer (Python),PT Hashmicro Solusi Indonesia,Node.js
JOB_0443,frontend-developer,web_development,Lead Developer (Python),PT Hashmicro Solusi Indonesia,Golang
JOB_0443,frontend-developer,web_development,Lead Developer (Python),PT Hashmicro Solusi Indonesia,Django
JOB_0443,frontend-developer,web_development,Lead Developer (Python),PT Hashmicro Solusi Indonesia,REST API
JOB_0444,frontend-developer,web_development,Staff IT,PT RUTAN,PostgreSQL
JOB_0444,frontend-developer,web_development,Staff IT,PT RUTAN,JavaScript
JOB_0444,frontend-developer,web_development,Staff IT,PT RUTAN,PHP
JOB_0444,frontend-developer,web_development,Staff IT,PT RUTAN,REST API
JOB_0444,frontend-developer,web_development,Staff IT,PT RUTAN,Git
JOB_0445,frontend-developer,web_development,IT PROGRAMMER,PT Delta Surya Husada,PostgreSQL
JOB_0445,frontend-developer,web_development,IT PROGRAMMER,PT Delta Surya Husada,MySQL
JOB_0445,frontend-developer,web_development,IT PROGRAMMER,PT Delta Surya Husada,PHP
JOB_0445,frontend-developer,web_development,IT PROGRAMMER,PT Delta Surya Husada,Laravel
JOB_0445,frontend-developer,web_development,IT PROGRAMMER,PT Delta Surya Husada,Git
JOB_0446,frontend-developer,web_development,Staff IT Developer,PT Evergreen Hans,SQL
JOB_0446,frontend-developer,web_development,Staff IT Developer,PT Evergreen Hans,MySQL
JOB_0446,frontend-developer,web_development,Staff IT Developer,PT Evergreen Hans,PHP
JOB_0446,frontend-developer,web_development,Staff IT Developer,PT Evergreen Hans,Laravel
JOB_0446,frontend-developer,web_development,Staff IT Developer,PT Evergreen Hans,.NET
JOB_0446,frontend-developer,web_development,Staff IT Developer,PT Evergreen Hans,REST API
JOB_0446,frontend-developer,web_development,Staff IT Developer,PT Evergreen Hans,Git
JOB_0446,frontend-developer,web_development,Staff IT Developer,PT Evergreen Hans,Problem Solving
JOB_0447,frontend-developer,web_development,Fullstack Engineer,PT MNC Teknologi Nusantara (MotionPay),JavaScript
JOB_0447,frontend-developer,web_development,Fullstack Engineer,PT MNC Teknologi Nusantara (MotionPay),Svelte
JOB_0447,frontend-developer,web_development,Fullstack Engineer,PT MNC Teknologi Nusantara (MotionPay),PHP
JOB_0447,frontend-developer,web_development,Fullstack Engineer,PT MNC Teknologi Nusantara (MotionPay),Golang
JOB_0447,frontend-developer,web_development,Fullstack Engineer,PT MNC Teknologi Nusantara (MotionPay),Laravel
JOB_0447,frontend-developer,web_development,Fullstack Engineer,PT MNC Teknologi Nusantara (MotionPay),REST API
JOB_0448,frontend-developer,web_development,PHP Full Stack Development (on-Site Bali),PT iHub Solutions International,SQL
JOB_0448,frontend-developer,web_development,PHP Full Stack Development (on-Site Bali),PT iHub Solutions International,MySQL
JOB_0448,frontend-developer,web_development,PHP Full Stack Development (on-Site Bali),PT iHub Solutions International,HTML
JOB_0448,frontend-developer,web_development,PHP Full Stack Development (on-Site Bali),PT iHub Solutions International,CSS
JOB_0448,frontend-developer,web_development,PHP Full Stack Development (on-Site Bali),PT iHub Solutions International,JavaScript
JOB_0448,frontend-developer,web_development,PHP Full Stack Development (on-Site Bali),PT iHub Solutions International,TypeScript
JOB_0448,frontend-developer,web_development,PHP Full Stack Development (on-Site Bali),PT iHub Solutions International,Vue.js
JOB_0448,frontend-developer,web_development,PHP Full Stack Development (on-Site Bali),PT iHub Solutions International,Bootstrap
JOB_0448,frontend-developer,web_development,PHP Full Stack Development (on-Site Bali),PT iHub Solutions International,PHP
JOB_0448,frontend-developer,web_development,PHP Full Stack Development (on-Site Bali),PT iHub Solutions International,Laravel
JOB_0448,frontend-developer,web_development,PHP Full Stack Development (on-Site Bali),PT iHub Solutions International,Git
JOB_0449,frontend-developer,web_development,Full Stack Developer,PT SOILENS,SQL
JOB_0449,frontend-developer,web_development,Full Stack Developer,PT SOILENS,PostgreSQL
JOB_0449,frontend-developer,web_development,Full Stack Developer,PT SOILENS,MySQL
JOB_0449,frontend-developer,web_development,Full Stack Developer,PT SOILENS,JavaScript
JOB_0449,frontend-developer,web_development,Full Stack Developer,PT SOILENS,Bootstrap
JOB_0449,frontend-developer,web_development,Full Stack Developer,PT SOILENS,PHP
JOB_0449,frontend-developer,web_development,Full Stack Developer,PT SOILENS,Java
JOB_0449,frontend-developer,web_development,Full Stack Developer,PT SOILENS,Laravel
JOB_0450,frontend-developer,web_development,Flutter Developer,PT Rsystems Ibizcs International,REST API
JOB_0450,frontend-developer,web_development,Flutter Developer,PT Rsystems Ibizcs International,Git
JOB_0451,frontend-developer,web_development,Full Stack Engineer,PT Sigmantara Alfindo,Python
JOB_0451,frontend-developer,web_development,Full Stack Engineer,PT Sigmantara Alfindo,SQL
JOB_0451,frontend-developer,web_development,Full Stack Engineer,PT Sigmantara Alfindo,Machine Learning
JOB_0451,frontend-developer,web_development,Full Stack Engineer,PT Sigmantara Alfindo,CSS
JOB_0451,frontend-developer,web_development,Full Stack Engineer,PT Sigmantara Alfindo,TypeScript
JOB_0451,frontend-developer,web_development,Full Stack Engineer,PT Sigmantara Alfindo,React.js
JOB_0451,frontend-developer,web_development,Full Stack Engineer,PT Sigmantara Alfindo,FastAPI
JOB_0451,frontend-developer,web_development,Full Stack Engineer,PT Sigmantara Alfindo,REST API
JOB_0451,frontend-developer,web_development,Full Stack Engineer,PT Sigmantara Alfindo,Docker
JOB_0451,frontend-developer,web_development,Full Stack Engineer,PT Sigmantara Alfindo,Kubernetes
JOB_0451,frontend-developer,web_development,Full Stack Engineer,PT Sigmantara Alfindo,GCP
JOB_0451,frontend-developer,web_development,Full Stack Engineer,PT Sigmantara Alfindo,Git
JOB_0451,frontend-developer,web_development,Full Stack Engineer,PT Sigmantara Alfindo,Linux
JOB_0451,frontend-developer,web_development,Full Stack Engineer,PT Sigmantara Alfindo,Microservices
JOB_0452,frontend-developer,web_development,Remote API Integration Developer (Wix & Ac,CV Maju Sejahtera Abadi Makmur,Python
JOB_0452,frontend-developer,web_development,Remote API Integration Developer (Wix & Ac,CV Maju Sejahtera Abadi Makmur,SQL
JOB_0452,frontend-developer,web_development,Remote API Integration Developer (Wix & Ac,CV Maju Sejahtera Abadi Makmur,PostgreSQL
JOB_0452,frontend-developer,web_development,Remote API Integration Developer (Wix & Ac,CV Maju Sejahtera Abadi Makmur,MySQL
JOB_0452,frontend-developer,web_development,Remote API Integration Developer (Wix & Ac,CV Maju Sejahtera Abadi Makmur,JavaScript
JOB_0452,frontend-developer,web_development,Remote API Integration Developer (Wix & Ac,CV Maju Sejahtera Abadi Makmur,TypeScript
JOB_0452,frontend-developer,web_development,Remote API Integration Developer (Wix & Ac,CV Maju Sejahtera Abadi Makmur,Node.js
JOB_0452,frontend-developer,web_development,Remote API Integration Developer (Wix & Ac,CV Maju Sejahtera Abadi Makmur,Golang
JOB_0452,frontend-developer,web_development,Remote API Integration Developer (Wix & Ac,CV Maju Sejahtera Abadi Makmur,REST API
JOB_0452,frontend-developer,web_development,Remote API Integration Developer (Wix & Ac,CV Maju Sejahtera Abadi Makmur,AWS
JOB_0452,frontend-developer,web_development,Remote API Integration Developer (Wix & Ac,CV Maju Sejahtera Abadi Makmur,Git
JOB_0452,frontend-developer,web_development,Remote API Integration Developer (Wix & Ac,CV Maju Sejahtera Abadi Makmur,UI/UX
JOB_0453,frontend-developer,web_development,IT Developer Staff - Logistic - Purwakarta (B-130211),RGF HR Agent Indonesia,SQL
JOB_0453,frontend-developer,web_development,IT Developer Staff - Logistic - Purwakarta (B-130211),RGF HR Agent Indonesia,PostgreSQL
JOB_0453,frontend-developer,web_development,IT Developer Staff - Logistic - Purwakarta (B-130211),RGF HR Agent Indonesia,Machine Learning
JOB_0453,frontend-developer,web_development,IT Developer Staff - Logistic - Purwakarta (B-130211),RGF HR Agent Indonesia,HTML
JOB_0453,frontend-developer,web_development,IT Developer Staff - Logistic - Purwakarta (B-130211),RGF HR Agent Indonesia,CSS
JOB_0453,frontend-developer,web_development,IT Developer Staff - Logistic - Purwakarta (B-130211),RGF HR Agent Indonesia,JavaScript
JOB_0453,frontend-developer,web_development,IT Developer Staff - Logistic - Purwakarta (B-130211),RGF HR Agent Indonesia,TypeScript
JOB_0453,frontend-developer,web_development,IT Developer Staff - Logistic - Purwakarta (B-130211),RGF HR Agent Indonesia,PHP
JOB_0453,frontend-developer,web_development,IT Developer Staff - Logistic - Purwakarta (B-130211),RGF HR Agent Indonesia,Java
JOB_0453,frontend-developer,web_development,IT Developer Staff - Logistic - Purwakarta (B-130211),RGF HR Agent Indonesia,Laravel
JOB_0453,frontend-developer,web_development,IT Developer Staff - Logistic - Purwakarta (B-130211),RGF HR Agent Indonesia,REST API
JOB_0453,frontend-developer,web_development,IT Developer Staff - Logistic - Purwakarta (B-130211),RGF HR Agent Indonesia,Git
JOB_0454,frontend-developer,web_development,Fullstack Developer ( PHP ),PT Prawathiya Karsa Pradipta,SQL
JOB_0454,frontend-developer,web_development,Fullstack Developer ( PHP ),PT Prawathiya Karsa Pradipta,PostgreSQL
JOB_0454,frontend-developer,web_development,Fullstack Developer ( PHP ),PT Prawathiya Karsa Pradipta,MySQL
JOB_0454,frontend-developer,web_development,Fullstack Developer ( PHP ),PT Prawathiya Karsa Pradipta,Machine Learning
JOB_0454,frontend-developer,web_development,Fullstack Developer ( PHP ),PT Prawathiya Karsa Pradipta,HTML
JOB_0454,frontend-developer,web_development,Fullstack Developer ( PHP ),PT Prawathiya Karsa Pradipta,CSS
JOB_0454,frontend-developer,web_development,Fullstack Developer ( PHP ),PT Prawathiya Karsa Pradipta,JavaScript
JOB_0454,frontend-developer,web_development,Fullstack Developer ( PHP ),PT Prawathiya Karsa Pradipta,React.js
JOB_0454,frontend-developer,web_development,Fullstack Developer ( PHP ),PT Prawathiya Karsa Pradipta,Vue.js
JOB_0454,frontend-developer,web_development,Fullstack Developer ( PHP ),PT Prawathiya Karsa Pradipta,Angular
JOB_0454,frontend-developer,web_development,Fullstack Developer ( PHP ),PT Prawathiya Karsa Pradipta,Node.js
JOB_0454,frontend-developer,web_development,Fullstack Developer ( PHP ),PT Prawathiya Karsa Pradipta,PHP
JOB_0454,frontend-developer,web_development,Fullstack Developer ( PHP ),PT Prawathiya Karsa Pradipta,Laravel
JOB_0454,frontend-developer,web_development,Fullstack Developer ( PHP ),PT Prawathiya Karsa Pradipta,REST API
JOB_0454,frontend-developer,web_development,Fullstack Developer ( PHP ),PT Prawathiya Karsa Pradipta,Docker
JOB_0454,frontend-developer,web_development,Fullstack Developer ( PHP ),PT Prawathiya Karsa Pradipta,AWS
JOB_0454,frontend-developer,web_development,Fullstack Developer ( PHP ),PT Prawathiya Karsa Pradipta,GCP
JOB_0454,frontend-developer,web_development,Fullstack Developer ( PHP ),PT Prawathiya Karsa Pradipta,CI/CD
JOB_0454,frontend-developer,web_development,Fullstack Developer ( PHP ),PT Prawathiya Karsa Pradipta,Git
JOB_0454,frontend-developer,web_development,Fullstack Developer ( PHP ),PT Prawathiya Karsa Pradipta,Microservices
JOB_0454,frontend-developer,web_development,Fullstack Developer ( PHP ),PT Prawathiya Karsa Pradipta,UI/UX
JOB_0455,frontend-developer,web_development,Full Stack Engineer (Golang + React.JS),PT Sharing Vision Indonesia,Python
JOB_0455,frontend-developer,web_development,Full Stack Engineer (Golang + React.JS),PT Sharing Vision Indonesia,SQL
JOB_0455,frontend-developer,web_development,Full Stack Engineer (Golang + React.JS),PT Sharing Vision Indonesia,PostgreSQL
JOB_0455,frontend-developer,web_development,Full Stack Engineer (Golang + React.JS),PT Sharing Vision Indonesia,MySQL
JOB_0455,frontend-developer,web_development,Full Stack Engineer (Golang + React.JS),PT Sharing Vision Indonesia,JavaScript
JOB_0455,frontend-developer,web_development,Full Stack Engineer (Golang + React.JS),PT Sharing Vision Indonesia,React.js
JOB_0455,frontend-developer,web_development,Full Stack Engineer (Golang + React.JS),PT Sharing Vision Indonesia,Next.js
JOB_0455,frontend-developer,web_development,Full Stack Engineer (Golang + React.JS),PT Sharing Vision Indonesia,Vue.js
JOB_0455,frontend-developer,web_development,Full Stack Engineer (Golang + React.JS),PT Sharing Vision Indonesia,Node.js
JOB_0455,frontend-developer,web_development,Full Stack Engineer (Golang + React.JS),PT Sharing Vision Indonesia,Golang
JOB_0456,frontend-developer,web_development,IT Programmer Bali,PT Warna Abadi Mitra Bersama,MySQL
JOB_0456,frontend-developer,web_development,IT Programmer Bali,PT Warna Abadi Mitra Bersama,JavaScript
JOB_0456,frontend-developer,web_development,IT Programmer Bali,PT Warna Abadi Mitra Bersama,PHP
JOB_0456,frontend-developer,web_development,IT Programmer Bali,PT Warna Abadi Mitra Bersama,Laravel
JOB_0456,frontend-developer,web_development,IT Programmer Bali,PT Warna Abadi Mitra Bersama,.NET
JOB_0457,frontend-developer,web_development,IT Developer,PT Karunia Berca Indonesia,Python
JOB_0457,frontend-developer,web_development,IT Developer,PT Karunia Berca Indonesia,SQL
JOB_0457,frontend-developer,web_development,IT Developer,PT Karunia Berca Indonesia,MySQL
JOB_0457,frontend-developer,web_development,IT Developer,PT Karunia Berca Indonesia,PHP
JOB_0457,frontend-developer,web_development,IT Developer,PT Karunia Berca Indonesia,Java
JOB_0457,frontend-developer,web_development,IT Developer,PT Karunia Berca Indonesia,Problem Solving
JOB_0460,frontend-developer,web_development,Senior Fullstack Developer,PT Adecco Personnel Indonesia,PostgreSQL
JOB_0460,frontend-developer,web_development,Senior Fullstack Developer,PT Adecco Personnel Indonesia,MySQL
JOB_0460,frontend-developer,web_development,Senior Fullstack Developer,PT Adecco Personnel Indonesia,Excel
JOB_0460,frontend-developer,web_development,Senior Fullstack Developer,PT Adecco Personnel Indonesia,HTML
JOB_0460,frontend-developer,web_development,Senior Fullstack Developer,PT Adecco Personnel Indonesia,CSS
JOB_0460,frontend-developer,web_development,Senior Fullstack Developer,PT Adecco Personnel Indonesia,JavaScript
JOB_0460,frontend-developer,web_development,Senior Fullstack Developer,PT Adecco Personnel Indonesia,TypeScript
JOB_0460,frontend-developer,web_development,Senior Fullstack Developer,PT Adecco Personnel Indonesia,React.js
JOB_0460,frontend-developer,web_development,Senior Fullstack Developer,PT Adecco Personnel Indonesia,Next.js
JOB_0460,frontend-developer,web_development,Senior Fullstack Developer,PT Adecco Personnel Indonesia,Tailwind CSS
JOB_0460,frontend-developer,web_development,Senior Fullstack Developer,PT Adecco Personnel Indonesia,Bootstrap
JOB_0460,frontend-developer,web_development,Senior Fullstack Developer,PT Adecco Personnel Indonesia,Node.js
JOB_0460,frontend-developer,web_development,Senior Fullstack Developer,PT Adecco Personnel Indonesia,Golang
JOB_0460,frontend-developer,web_development,Senior Fullstack Developer,PT Adecco Personnel Indonesia,REST API
JOB_0460,frontend-developer,web_development,Senior Fullstack Developer,PT Adecco Personnel Indonesia,GraphQL
JOB_0460,frontend-developer,web_development,Senior Fullstack Developer,PT Adecco Personnel Indonesia,AWS
JOB_0460,frontend-developer,web_development,Senior Fullstack Developer,PT Adecco Personnel Indonesia,GCP
JOB_0460,frontend-developer,web_development,Senior Fullstack Developer,PT Adecco Personnel Indonesia,Azure
JOB_0460,frontend-developer,web_development,Senior Fullstack Developer,PT Adecco Personnel Indonesia,CI/CD
JOB_0460,frontend-developer,web_development,Senior Fullstack Developer,PT Adecco Personnel Indonesia,Git
JOB_0460,frontend-developer,web_development,Senior Fullstack Developer,PT Adecco Personnel Indonesia,Microservices
JOB_0460,frontend-developer,web_development,Senior Fullstack Developer,PT Adecco Personnel Indonesia,Figma
JOB_0460,frontend-developer,web_development,Senior Fullstack Developer,PT Adecco Personnel Indonesia,UI/UX
JOB_0461,frontend-developer,web_development,Programmer/ IT Developer,PT META LIFE INDONESIA,Python
JOB_0461,frontend-developer,web_development,Programmer/ IT Developer,PT META LIFE INDONESIA,SQL
JOB_0461,frontend-developer,web_development,Programmer/ IT Developer,PT META LIFE INDONESIA,MySQL
JOB_0461,frontend-developer,web_development,Programmer/ IT Developer,PT META LIFE INDONESIA,JavaScript
JOB_0461,frontend-developer,web_development,Programmer/ IT Developer,PT META LIFE INDONESIA,Next.js
JOB_0461,frontend-developer,web_development,Programmer/ IT Developer,PT META LIFE INDONESIA,REST API
JOB_0462,frontend-developer,web_development,Software Developer,PT Swadharma Duta Data,Python
JOB_0462,frontend-developer,web_development,Software Developer,PT Swadharma Duta Data,SQL
JOB_0462,frontend-developer,web_development,Software Developer,PT Swadharma Duta Data,PostgreSQL
JOB_0462,frontend-developer,web_development,Software Developer,PT Swadharma Duta Data,MongoDB
JOB_0462,frontend-developer,web_development,Software Developer,PT Swadharma Duta Data,JavaScript
JOB_0462,frontend-developer,web_development,Software Developer,PT Swadharma Duta Data,TypeScript
JOB_0462,frontend-developer,web_development,Software Developer,PT Swadharma Duta Data,Next.js
JOB_0462,frontend-developer,web_development,Software Developer,PT Swadharma Duta Data,Angular
JOB_0462,frontend-developer,web_development,Software Developer,PT Swadharma Duta Data,Node.js
JOB_0462,frontend-developer,web_development,Software Developer,PT Swadharma Duta Data,Java
JOB_0462,frontend-developer,web_development,Software Developer,PT Swadharma Duta Data,Spring Boot
JOB_0462,frontend-developer,web_development,Software Developer,PT Swadharma Duta Data,REST API
JOB_0462,frontend-developer,web_development,Software Developer,PT Swadharma Duta Data,Docker
JOB_0462,frontend-developer,web_development,Software Developer,PT Swadharma Duta Data,Kubernetes
JOB_0462,frontend-developer,web_development,Software Developer,PT Swadharma Duta Data,AWS
JOB_0462,frontend-developer,web_development,Software Developer,PT Swadharma Duta Data,CI/CD
JOB_0462,frontend-developer,web_development,Software Developer,PT Swadharma Duta Data,Git
JOB_0462,frontend-developer,web_development,Software Developer,PT Swadharma Duta Data,Microservices
JOB_0462,frontend-developer,web_development,Software Developer,PT Swadharma Duta Data,Agile/Scrum
JOB_0463,frontend-developer,web_development,IT Developer,PT Synergy Network Solution,SQL
JOB_0463,frontend-developer,web_development,IT Developer,PT Synergy Network Solution,Machine Learning
JOB_0463,frontend-developer,web_development,IT Developer,PT Synergy Network Solution,HTML
JOB_0463,frontend-developer,web_development,IT Developer,PT Synergy Network Solution,CSS
JOB_0463,frontend-developer,web_development,IT Developer,PT Synergy Network Solution,JavaScript
JOB_0463,frontend-developer,web_development,IT Developer,PT Synergy Network Solution,.NET
JOB_0464,frontend-developer,web_development,Full Stack Developer,PT Accelist Lentera Indonesia,SQL
JOB_0464,frontend-developer,web_development,Full Stack Developer,PT Accelist Lentera Indonesia,PostgreSQL
JOB_0464,frontend-developer,web_development,Full Stack Developer,PT Accelist Lentera Indonesia,MySQL
JOB_0464,frontend-developer,web_development,Full Stack Developer,PT Accelist Lentera Indonesia,JavaScript
JOB_0464,frontend-developer,web_development,Full Stack Developer,PT Accelist Lentera Indonesia,TypeScript
JOB_0464,frontend-developer,web_development,Full Stack Developer,PT Accelist Lentera Indonesia,React.js
JOB_0464,frontend-developer,web_development,Full Stack Developer,PT Accelist Lentera Indonesia,Next.js
JOB_0464,frontend-developer,web_development,Full Stack Developer,PT Accelist Lentera Indonesia,Vue.js
JOB_0464,frontend-developer,web_development,Full Stack Developer,PT Accelist Lentera Indonesia,Angular
JOB_0464,frontend-developer,web_development,Full Stack Developer,PT Accelist Lentera Indonesia,.NET
JOB_0464,frontend-developer,web_development,Full Stack Developer,PT Accelist Lentera Indonesia,Docker
JOB_0464,frontend-developer,web_development,Full Stack Developer,PT Accelist Lentera Indonesia,Kubernetes
JOB_0464,frontend-developer,web_development,Full Stack Developer,PT Accelist Lentera Indonesia,Azure
JOB_0464,frontend-developer,web_development,Full Stack Developer,PT Accelist Lentera Indonesia,Git
JOB_0465,frontend-developer,web_development,IT PROGRAMER STAFF,PT Agres Info Teknologi,Python
JOB_0465,frontend-developer,web_development,IT PROGRAMER STAFF,PT Agres Info Teknologi,JavaScript
JOB_0465,frontend-developer,web_development,IT PROGRAMER STAFF,PT Agres Info Teknologi,TypeScript
JOB_0465,frontend-developer,web_development,IT PROGRAMER STAFF,PT Agres Info Teknologi,React.js
JOB_0465,frontend-developer,web_development,IT PROGRAMER STAFF,PT Agres Info Teknologi,React Native
JOB_0465,frontend-developer,web_development,IT PROGRAMER STAFF,PT Agres Info Teknologi,Golang
JOB_0465,frontend-developer,web_development,IT PROGRAMER STAFF,PT Agres Info Teknologi,REST API
JOB_0465,frontend-developer,web_development,IT PROGRAMER STAFF,PT Agres Info Teknologi,Problem Solving
JOB_0467,frontend-developer,web_development,Frontend Developer for Banking Industry,PT. SIGMA GLOBAL TEKNOLOGI (SIGMATECH),Excel
JOB_0467,frontend-developer,web_development,Frontend Developer for Banking Industry,PT. SIGMA GLOBAL TEKNOLOGI (SIGMATECH),Machine Learning
JOB_0467,frontend-developer,web_development,Frontend Developer for Banking Industry,PT. SIGMA GLOBAL TEKNOLOGI (SIGMATECH),HTML
JOB_0467,frontend-developer,web_development,Frontend Developer for Banking Industry,PT. SIGMA GLOBAL TEKNOLOGI (SIGMATECH),CSS
JOB_0467,frontend-developer,web_development,Frontend Developer for Banking Industry,PT. SIGMA GLOBAL TEKNOLOGI (SIGMATECH),JavaScript
JOB_0467,frontend-developer,web_development,Frontend Developer for Banking Industry,PT. SIGMA GLOBAL TEKNOLOGI (SIGMATECH),TypeScript
JOB_0467,frontend-developer,web_development,Frontend Developer for Banking Industry,PT. SIGMA GLOBAL TEKNOLOGI (SIGMATECH),React.js
JOB_0467,frontend-developer,web_development,Frontend Developer for Banking Industry,PT. SIGMA GLOBAL TEKNOLOGI (SIGMATECH),Vue.js
JOB_0467,frontend-developer,web_development,Frontend Developer for Banking Industry,PT. SIGMA GLOBAL TEKNOLOGI (SIGMATECH),Angular
JOB_0467,frontend-developer,web_development,Frontend Developer for Banking Industry,PT. SIGMA GLOBAL TEKNOLOGI (SIGMATECH),Git
JOB_0467,frontend-developer,web_development,Frontend Developer for Banking Industry,PT. SIGMA GLOBAL TEKNOLOGI (SIGMATECH),UI/UX
JOB_0468,frontend-developer,web_development,Frontend Developer,PT Kamoro Maxima Integra,JavaScript
JOB_0468,frontend-developer,web_development,Frontend Developer,PT Kamoro Maxima Integra,TypeScript
JOB_0468,frontend-developer,web_development,Frontend Developer,PT Kamoro Maxima Integra,React.js
JOB_0468,frontend-developer,web_development,Frontend Developer,PT Kamoro Maxima Integra,Vue.js
JOB_0468,frontend-developer,web_development,Frontend Developer,PT Kamoro Maxima Integra,Java
JOB_0468,frontend-developer,web_development,Frontend Developer,PT Kamoro Maxima Integra,Git
JOB_0468,frontend-developer,web_development,Frontend Developer,PT Kamoro Maxima Integra,Agile/Scrum
JOB_0469,frontend-developer,web_development,Frontend Developer,Pengiklan Anonim,HTML
JOB_0469,frontend-developer,web_development,Frontend Developer,Pengiklan Anonim,CSS
JOB_0469,frontend-developer,web_development,Frontend Developer,Pengiklan Anonim,JavaScript
JOB_0469,frontend-developer,web_development,Frontend Developer,Pengiklan Anonim,TypeScript
JOB_0469,frontend-developer,web_development,Frontend Developer,Pengiklan Anonim,React.js
JOB_0469,frontend-developer,web_development,Frontend Developer,Pengiklan Anonim,Next.js
JOB_0469,frontend-developer,web_development,Frontend Developer,Pengiklan Anonim,Agile/Scrum
JOB_0470,frontend-developer,web_development,Frontend Engineer,PT Teknologi Pamadya Analitika (Meditap),Excel
JOB_0470,frontend-developer,web_development,Frontend Engineer,PT Teknologi Pamadya Analitika (Meditap),Machine Learning
JOB_0470,frontend-developer,web_development,Frontend Engineer,PT Teknologi Pamadya Analitika (Meditap),HTML
JOB_0470,frontend-developer,web_development,Frontend Engineer,PT Teknologi Pamadya Analitika (Meditap),CSS
JOB_0470,frontend-developer,web_development,Frontend Engineer,PT Teknologi Pamadya Analitika (Meditap),JavaScript
JOB_0470,frontend-developer,web_development,Frontend Engineer,PT Teknologi Pamadya Analitika (Meditap),TypeScript
JOB_0470,frontend-developer,web_development,Frontend Engineer,PT Teknologi Pamadya Analitika (Meditap),React.js
JOB_0470,frontend-developer,web_development,Frontend Engineer,PT Teknologi Pamadya Analitika (Meditap),Next.js
JOB_0470,frontend-developer,web_development,Frontend Engineer,PT Teknologi Pamadya Analitika (Meditap),Tailwind CSS
JOB_0470,frontend-developer,web_development,Frontend Engineer,PT Teknologi Pamadya Analitika (Meditap),Golang
JOB_0470,frontend-developer,web_development,Frontend Engineer,PT Teknologi Pamadya Analitika (Meditap),Git
JOB_0470,frontend-developer,web_development,Frontend Engineer,PT Teknologi Pamadya Analitika (Meditap),Figma
JOB_0470,frontend-developer,web_development,Frontend Engineer,PT Teknologi Pamadya Analitika (Meditap),Agile/Scrum
JOB_0471,frontend-developer,web_development,Frontend Developer,Novocall Pte Ltd,Machine Learning
JOB_0471,frontend-developer,web_development,Frontend Developer,Novocall Pte Ltd,HTML
JOB_0471,frontend-developer,web_development,Frontend Developer,Novocall Pte Ltd,CSS
JOB_0471,frontend-developer,web_development,Frontend Developer,Novocall Pte Ltd,JavaScript
JOB_0471,frontend-developer,web_development,Frontend Developer,Novocall Pte Ltd,TypeScript
JOB_0471,frontend-developer,web_development,Frontend Developer,Novocall Pte Ltd,React.js
JOB_0471,frontend-developer,web_development,Frontend Developer,Novocall Pte Ltd,Next.js
JOB_0471,frontend-developer,web_development,Frontend Developer,Novocall Pte Ltd,Git
JOB_0471,frontend-developer,web_development,Frontend Developer,Novocall Pte Ltd,Agile/Scrum
JOB_0472,frontend-developer,web_development,Frontend Developer,PT. Internet Madju Abad Milenindo,Machine Learning
JOB_0472,frontend-developer,web_development,Frontend Developer,PT. Internet Madju Abad Milenindo,HTML
JOB_0472,frontend-developer,web_development,Frontend Developer,PT. Internet Madju Abad Milenindo,CSS
JOB_0472,frontend-developer,web_development,Frontend Developer,PT. Internet Madju Abad Milenindo,JavaScript
JOB_0472,frontend-developer,web_development,Frontend Developer,PT. Internet Madju Abad Milenindo,TypeScript
JOB_0472,frontend-developer,web_development,Frontend Developer,PT. Internet Madju Abad Milenindo,Tailwind CSS
JOB_0472,frontend-developer,web_development,Frontend Developer,PT. Internet Madju Abad Milenindo,Bootstrap
JOB_0472,frontend-developer,web_development,Frontend Developer,PT. Internet Madju Abad Milenindo,Laravel
JOB_0472,frontend-developer,web_development,Frontend Developer,PT. Internet Madju Abad Milenindo,REST API
JOB_0472,frontend-developer,web_development,Frontend Developer,PT. Internet Madju Abad Milenindo,GraphQL
JOB_0472,frontend-developer,web_development,Frontend Developer,PT. Internet Madju Abad Milenindo,Git
JOB_0472,frontend-developer,web_development,Frontend Developer,PT. Internet Madju Abad Milenindo,UI/UX
JOB_0472,frontend-developer,web_development,Frontend Developer,PT. Internet Madju Abad Milenindo,Wireframing
JOB_0473,frontend-developer,web_development,Frontend Developer,PT Platinumetrix Global Inovasi,JavaScript
JOB_0473,frontend-developer,web_development,Frontend Developer,PT Platinumetrix Global Inovasi,React.js
JOB_0474,frontend-developer,web_development,Software Developer - Frontend (Indonesia),PT Xtremax Teknologi Indonesia,Machine Learning
JOB_0474,frontend-developer,web_development,Software Developer - Frontend (Indonesia),PT Xtremax Teknologi Indonesia,HTML
JOB_0474,frontend-developer,web_development,Software Developer - Frontend (Indonesia),PT Xtremax Teknologi Indonesia,CSS
JOB_0474,frontend-developer,web_development,Software Developer - Frontend (Indonesia),PT Xtremax Teknologi Indonesia,JavaScript
JOB_0474,frontend-developer,web_development,Software Developer - Frontend (Indonesia),PT Xtremax Teknologi Indonesia,TypeScript
JOB_0474,frontend-developer,web_development,Software Developer - Frontend (Indonesia),PT Xtremax Teknologi Indonesia,Java
JOB_0474,frontend-developer,web_development,Software Developer - Frontend (Indonesia),PT Xtremax Teknologi Indonesia,Figma
JOB_0475,frontend-developer,web_development,Front End Developer,PT Cycent Inovasi Kaizen,Machine Learning
JOB_0475,frontend-developer,web_development,Front End Developer,PT Cycent Inovasi Kaizen,HTML
JOB_0475,frontend-developer,web_development,Front End Developer,PT Cycent Inovasi Kaizen,CSS
JOB_0475,frontend-developer,web_development,Front End Developer,PT Cycent Inovasi Kaizen,JavaScript
JOB_0475,frontend-developer,web_development,Front End Developer,PT Cycent Inovasi Kaizen,TypeScript
JOB_0475,frontend-developer,web_development,Front End Developer,PT Cycent Inovasi Kaizen,React.js
JOB_0475,frontend-developer,web_development,Front End Developer,PT Cycent Inovasi Kaizen,React Native
JOB_0475,frontend-developer,web_development,Front End Developer,PT Cycent Inovasi Kaizen,Next.js
JOB_0475,frontend-developer,web_development,Front End Developer,PT Cycent Inovasi Kaizen,Tailwind CSS
JOB_0475,frontend-developer,web_development,Front End Developer,PT Cycent Inovasi Kaizen,Node.js
JOB_0475,frontend-developer,web_development,Front End Developer,PT Cycent Inovasi Kaizen,REST API
JOB_0475,frontend-developer,web_development,Front End Developer,PT Cycent Inovasi Kaizen,Git
JOB_0475,frontend-developer,web_development,Front End Developer,PT Cycent Inovasi Kaizen,UI/UX
JOB_0475,frontend-developer,web_development,Front End Developer,PT Cycent Inovasi Kaizen,Agile/Scrum
JOB_0475,frontend-developer,web_development,Front End Developer,PT Cycent Inovasi Kaizen,Problem Solving
JOB_0476,frontend-developer,web_development,Web Frontend Engineer,Super Bank Indonesia,Excel
JOB_0476,frontend-developer,web_development,Web Frontend Engineer,Super Bank Indonesia,Machine Learning
JOB_0476,frontend-developer,web_development,Web Frontend Engineer,Super Bank Indonesia,HTML
JOB_0476,frontend-developer,web_development,Web Frontend Engineer,Super Bank Indonesia,CSS
JOB_0476,frontend-developer,web_development,Web Frontend Engineer,Super Bank Indonesia,JavaScript
JOB_0476,frontend-developer,web_development,Web Frontend Engineer,Super Bank Indonesia,TypeScript
JOB_0476,frontend-developer,web_development,Web Frontend Engineer,Super Bank Indonesia,React.js
JOB_0476,frontend-developer,web_development,Web Frontend Engineer,Super Bank Indonesia,Next.js
JOB_0476,frontend-developer,web_development,Web Frontend Engineer,Super Bank Indonesia,REST API
JOB_0476,frontend-developer,web_development,Web Frontend Engineer,Super Bank Indonesia,Git
JOB_0476,frontend-developer,web_development,Web Frontend Engineer,Super Bank Indonesia,UI/UX
JOB_0476,frontend-developer,web_development,Web Frontend Engineer,Super Bank Indonesia,Wireframing
JOB_0476,frontend-developer,web_development,Web Frontend Engineer,Super Bank Indonesia,Agile/Scrum
JOB_0477,frontend-developer,web_development,Frontend Developer,PT Telkomsel Ekosistem Digital,HTML
JOB_0477,frontend-developer,web_development,Frontend Developer,PT Telkomsel Ekosistem Digital,CSS
JOB_0477,frontend-developer,web_development,Frontend Developer,PT Telkomsel Ekosistem Digital,JavaScript
JOB_0477,frontend-developer,web_development,Frontend Developer,PT Telkomsel Ekosistem Digital,TypeScript
JOB_0477,frontend-developer,web_development,Frontend Developer,PT Telkomsel Ekosistem Digital,React.js
JOB_0477,frontend-developer,web_development,Frontend Developer,PT Telkomsel Ekosistem Digital,Tailwind CSS
JOB_0477,frontend-developer,web_development,Frontend Developer,PT Telkomsel Ekosistem Digital,REST API
JOB_0477,frontend-developer,web_development,Frontend Developer,PT Telkomsel Ekosistem Digital,Git
JOB_0477,frontend-developer,web_development,Frontend Developer,PT Telkomsel Ekosistem Digital,Figma
JOB_0477,frontend-developer,web_development,Frontend Developer,PT Telkomsel Ekosistem Digital,UI/UX
JOB_0478,frontend-developer,web_development,Frontend Engineer,Macquarie Group,Machine Learning
JOB_0478,frontend-developer,web_development,Frontend Engineer,Macquarie Group,HTML
JOB_0478,frontend-developer,web_development,Frontend Engineer,Macquarie Group,CSS
JOB_0478,frontend-developer,web_development,Frontend Engineer,Macquarie Group,JavaScript
JOB_0478,frontend-developer,web_development,Frontend Engineer,Macquarie Group,TypeScript
JOB_0478,frontend-developer,web_development,Frontend Engineer,Macquarie Group,React.js
JOB_0478,frontend-developer,web_development,Frontend Engineer,Macquarie Group,Vue.js
JOB_0478,frontend-developer,web_development,Frontend Engineer,Macquarie Group,Angular
JOB_0478,frontend-developer,web_development,Frontend Engineer,Macquarie Group,Git
JOB_0478,frontend-developer,web_development,Frontend Engineer,Macquarie Group,Figma
JOB_0479,frontend-developer,web_development,Frontend Developer,Sagara Technology Group,SQL
JOB_0479,frontend-developer,web_development,Frontend Developer,Sagara Technology Group,PostgreSQL
JOB_0479,frontend-developer,web_development,Frontend Developer,Sagara Technology Group,MySQL
JOB_0479,frontend-developer,web_development,Frontend Developer,Sagara Technology Group,JavaScript
JOB_0479,frontend-developer,web_development,Frontend Developer,Sagara Technology Group,TypeScript
JOB_0479,frontend-developer,web_development,Frontend Developer,Sagara Technology Group,Vue.js
JOB_0479,frontend-developer,web_development,Frontend Developer,Sagara Technology Group,Bootstrap
JOB_0479,frontend-developer,web_development,Frontend Developer,Sagara Technology Group,REST API
JOB_0479,frontend-developer,web_development,Frontend Developer,Sagara Technology Group,Docker
JOB_0479,frontend-developer,web_development,Frontend Developer,Sagara Technology Group,Microservices
JOB_0479,frontend-developer,web_development,Frontend Developer,Sagara Technology Group,UI/UX
JOB_0480,frontend-developer,web_development,Front-end Developer,PT. THE MOON LAB,JavaScript
JOB_0480,frontend-developer,web_development,Front-end Developer,PT. THE MOON LAB,TypeScript
JOB_0480,frontend-developer,web_development,Front-end Developer,PT. THE MOON LAB,React.js
JOB_0480,frontend-developer,web_development,Front-end Developer,PT. THE MOON LAB,React Native
JOB_0480,frontend-developer,web_development,Front-end Developer,PT. THE MOON LAB,Next.js
JOB_0480,frontend-developer,web_development,Front-end Developer,PT. THE MOON LAB,UI/UX
JOB_0481,backend-developer,web_development,Backend Programmer,PT Nutech Integrasi,Python
JOB_0481,backend-developer,web_development,Backend Programmer,PT Nutech Integrasi,PostgreSQL
JOB_0481,backend-developer,web_development,Backend Programmer,PT Nutech Integrasi,MongoDB
JOB_0481,backend-developer,web_development,Backend Programmer,PT Nutech Integrasi,HTML
JOB_0481,backend-developer,web_development,Backend Programmer,PT Nutech Integrasi,CSS
JOB_0481,backend-developer,web_development,Backend Programmer,PT Nutech Integrasi,JavaScript
JOB_0481,backend-developer,web_development,Backend Programmer,PT Nutech Integrasi,TypeScript
JOB_0481,backend-developer,web_development,Backend Programmer,PT Nutech Integrasi,Next.js
JOB_0481,backend-developer,web_development,Backend Programmer,PT Nutech Integrasi,Node.js
JOB_0481,backend-developer,web_development,Backend Programmer,PT Nutech Integrasi,PHP
JOB_0481,backend-developer,web_development,Backend Programmer,PT Nutech Integrasi,Golang
JOB_0481,backend-developer,web_development,Backend Programmer,PT Nutech Integrasi,Java
JOB_0481,backend-developer,web_development,Backend Programmer,PT Nutech Integrasi,REST API
JOB_0481,backend-developer,web_development,Backend Programmer,PT Nutech Integrasi,Git
JOB_0482,backend-developer,web_development,Backend Developer,PT Centria Integrity Advisory,PostgreSQL
JOB_0482,backend-developer,web_development,Backend Developer,PT Centria Integrity Advisory,MySQL
JOB_0482,backend-developer,web_development,Backend Developer,PT Centria Integrity Advisory,TypeScript
JOB_0482,backend-developer,web_development,Backend Developer,PT Centria Integrity Advisory,PHP
JOB_0482,backend-developer,web_development,Backend Developer,PT Centria Integrity Advisory,Laravel
JOB_0482,backend-developer,web_development,Backend Developer,PT Centria Integrity Advisory,REST API
JOB_0482,backend-developer,web_development,Backend Developer,PT Centria Integrity Advisory,Docker
JOB_0482,backend-developer,web_development,Backend Developer,PT Centria Integrity Advisory,Git
JOB_0483,backend-developer,web_development,Backend Developer,PT Insura Media Solusi (Jakarta),SQL
JOB_0483,backend-developer,web_development,Backend Developer,PT Insura Media Solusi (Jakarta),JavaScript
JOB_0483,backend-developer,web_development,Backend Developer,PT Insura Media Solusi (Jakarta),Golang
JOB_0483,backend-developer,web_development,Backend Developer,PT Insura Media Solusi (Jakarta),Java
JOB_0483,backend-developer,web_development,Backend Developer,PT Insura Media Solusi (Jakarta),Spring Boot
JOB_0483,backend-developer,web_development,Backend Developer,PT Insura Media Solusi (Jakarta),Ruby
JOB_0483,backend-developer,web_development,Backend Developer,PT Insura Media Solusi (Jakarta),REST API
JOB_0483,backend-developer,web_development,Backend Developer,PT Insura Media Solusi (Jakarta),Docker
JOB_0483,backend-developer,web_development,Backend Developer,PT Insura Media Solusi (Jakarta),CI/CD
JOB_0483,backend-developer,web_development,Backend Developer,PT Insura Media Solusi (Jakarta),Git
JOB_0483,backend-developer,web_development,Backend Developer,PT Insura Media Solusi (Jakarta),Microservices
JOB_0483,backend-developer,web_development,Backend Developer,PT Insura Media Solusi (Jakarta),Agile/Scrum
JOB_0484,backend-developer,web_development,IT Developer,PT Wahana Sejahtera Indonesia,Python
JOB_0484,backend-developer,web_development,IT Developer,PT Wahana Sejahtera Indonesia,SQL
JOB_0484,backend-developer,web_development,IT Developer,PT Wahana Sejahtera Indonesia,JavaScript
JOB_0484,backend-developer,web_development,IT Developer,PT Wahana Sejahtera Indonesia,Node.js
JOB_0484,backend-developer,web_development,IT Developer,PT Wahana Sejahtera Indonesia,PHP
JOB_0484,backend-developer,web_development,IT Developer,PT Wahana Sejahtera Indonesia,Golang
JOB_0484,backend-developer,web_development,IT Developer,PT Wahana Sejahtera Indonesia,Java
JOB_0484,backend-developer,web_development,IT Developer,PT Wahana Sejahtera Indonesia,REST API
JOB_0484,backend-developer,web_development,IT Developer,PT Wahana Sejahtera Indonesia,GraphQL
JOB_0484,backend-developer,web_development,IT Developer,PT Wahana Sejahtera Indonesia,AWS
JOB_0484,backend-developer,web_development,IT Developer,PT Wahana Sejahtera Indonesia,GCP
JOB_0484,backend-developer,web_development,IT Developer,PT Wahana Sejahtera Indonesia,CI/CD
JOB_0484,backend-developer,web_development,IT Developer,PT Wahana Sejahtera Indonesia,Microservices
JOB_0485,backend-developer,web_development,Back End Developer,PT Digdaya Duta Digital,SQL
JOB_0485,backend-developer,web_development,Back End Developer,PT Digdaya Duta Digital,TypeScript
JOB_0486,backend-developer,web_development,IT Backend Developer Staff,Orang Tua Group,MySQL
JOB_0486,backend-developer,web_development,IT Backend Developer Staff,Orang Tua Group,JavaScript
JOB_0486,backend-developer,web_development,IT Backend Developer Staff,Orang Tua Group,PHP
JOB_0486,backend-developer,web_development,IT Backend Developer Staff,Orang Tua Group,Laravel
JOB_0486,backend-developer,web_development,IT Backend Developer Staff,Orang Tua Group,REST API
JOB_0486,backend-developer,web_development,IT Backend Developer Staff,Orang Tua Group,Agile/Scrum
JOB_0487,backend-developer,web_development,Back End Engineer (Node JS) - Outsource,PT Serasi Autoraya (Member of Astra),SQL
JOB_0487,backend-developer,web_development,Back End Engineer (Node JS) - Outsource,PT Serasi Autoraya (Member of Astra),TypeScript
JOB_0487,backend-developer,web_development,Back End Engineer (Node JS) - Outsource,PT Serasi Autoraya (Member of Astra),PHP
JOB_0487,backend-developer,web_development,Back End Engineer (Node JS) - Outsource,PT Serasi Autoraya (Member of Astra),Golang
JOB_0487,backend-developer,web_development,Back End Engineer (Node JS) - Outsource,PT Serasi Autoraya (Member of Astra),Laravel
JOB_0487,backend-developer,web_development,Back End Engineer (Node JS) - Outsource,PT Serasi Autoraya (Member of Astra),REST API
JOB_0487,backend-developer,web_development,Back End Engineer (Node JS) - Outsource,PT Serasi Autoraya (Member of Astra),Kubernetes
JOB_0487,backend-developer,web_development,Back End Engineer (Node JS) - Outsource,PT Serasi Autoraya (Member of Astra),Azure
JOB_0487,backend-developer,web_development,Back End Engineer (Node JS) - Outsource,PT Serasi Autoraya (Member of Astra),Git
JOB_0487,backend-developer,web_development,Back End Engineer (Node JS) - Outsource,PT Serasi Autoraya (Member of Astra),Linux
JOB_0487,backend-developer,web_development,Back End Engineer (Node JS) - Outsource,PT Serasi Autoraya (Member of Astra),Microservices
JOB_0488,backend-developer,web_development,Backend Developer,PT Abhimata Persada,CSS
JOB_0488,backend-developer,web_development,Backend Developer,PT Abhimata Persada,JavaScript
JOB_0488,backend-developer,web_development,Backend Developer,PT Abhimata Persada,TypeScript
JOB_0488,backend-developer,web_development,Backend Developer,PT Abhimata Persada,Tailwind CSS
JOB_0488,backend-developer,web_development,Backend Developer,PT Abhimata Persada,Java
JOB_0488,backend-developer,web_development,Backend Developer,PT Abhimata Persada,Spring Boot
JOB_0488,backend-developer,web_development,Backend Developer,PT Abhimata Persada,Git
JOB_0488,backend-developer,web_development,Backend Developer,PT Abhimata Persada,UI/UX
JOB_0488,backend-developer,web_development,Backend Developer,PT Abhimata Persada,Agile/Scrum
JOB_0489,backend-developer,web_development,Back End Java Developer,PT Lawencon Internasional,SQL
JOB_0489,backend-developer,web_development,Back End Java Developer,PT Lawencon Internasional,PostgreSQL
JOB_0489,backend-developer,web_development,Back End Java Developer,PT Lawencon Internasional,MySQL
JOB_0489,backend-developer,web_development,Back End Java Developer,PT Lawencon Internasional,TypeScript
JOB_0489,backend-developer,web_development,Back End Java Developer,PT Lawencon Internasional,Java
JOB_0489,backend-developer,web_development,Back End Java Developer,PT Lawencon Internasional,Spring Boot
JOB_0489,backend-developer,web_development,Back End Java Developer,PT Lawencon Internasional,REST API
JOB_0489,backend-developer,web_development,Back End Java Developer,PT Lawencon Internasional,Docker
JOB_0489,backend-developer,web_development,Back End Java Developer,PT Lawencon Internasional,Kubernetes
JOB_0489,backend-developer,web_development,Back End Java Developer,PT Lawencon Internasional,AWS
JOB_0489,backend-developer,web_development,Back End Java Developer,PT Lawencon Internasional,GCP
JOB_0489,backend-developer,web_development,Back End Java Developer,PT Lawencon Internasional,Azure
JOB_0489,backend-developer,web_development,Back End Java Developer,PT Lawencon Internasional,CI/CD
JOB_0489,backend-developer,web_development,Back End Java Developer,PT Lawencon Internasional,Git
JOB_0489,backend-developer,web_development,Back End Java Developer,PT Lawencon Internasional,Microservices
JOB_0489,backend-developer,web_development,Back End Java Developer,PT Lawencon Internasional,Agile/Scrum
JOB_0490,backend-developer,web_development,Back End Developer,PT Dua Puluh Empat Jam Online (UniPin),SQL
JOB_0490,backend-developer,web_development,Back End Developer,PT Dua Puluh Empat Jam Online (UniPin),PostgreSQL
JOB_0490,backend-developer,web_development,Back End Developer,PT Dua Puluh Empat Jam Online (UniPin),MySQL
JOB_0490,backend-developer,web_development,Back End Developer,PT Dua Puluh Empat Jam Online (UniPin),TypeScript
JOB_0490,backend-developer,web_development,Back End Developer,PT Dua Puluh Empat Jam Online (UniPin),Java
JOB_0490,backend-developer,web_development,Back End Developer,PT Dua Puluh Empat Jam Online (UniPin),Spring Boot
JOB_0490,backend-developer,web_development,Back End Developer,PT Dua Puluh Empat Jam Online (UniPin),REST API
JOB_0490,backend-developer,web_development,Back End Developer,PT Dua Puluh Empat Jam Online (UniPin),GraphQL
JOB_0490,backend-developer,web_development,Back End Developer,PT Dua Puluh Empat Jam Online (UniPin),Git
JOB_0491,backend-developer,web_development,Backend Developer,PT Intersolusi Teknologi Asia,Python
JOB_0491,backend-developer,web_development,Backend Developer,PT Intersolusi Teknologi Asia,PostgreSQL
JOB_0491,backend-developer,web_development,Backend Developer,PT Intersolusi Teknologi Asia,MySQL
JOB_0491,backend-developer,web_development,Backend Developer,PT Intersolusi Teknologi Asia,MongoDB
JOB_0491,backend-developer,web_development,Backend Developer,PT Intersolusi Teknologi Asia,JavaScript
JOB_0491,backend-developer,web_development,Backend Developer,PT Intersolusi Teknologi Asia,TypeScript
JOB_0491,backend-developer,web_development,Backend Developer,PT Intersolusi Teknologi Asia,React.js
JOB_0491,backend-developer,web_development,Backend Developer,PT Intersolusi Teknologi Asia,Angular
JOB_0491,backend-developer,web_development,Backend Developer,PT Intersolusi Teknologi Asia,PHP
JOB_0491,backend-developer,web_development,Backend Developer,PT Intersolusi Teknologi Asia,Java
JOB_0491,backend-developer,web_development,Backend Developer,PT Intersolusi Teknologi Asia,Ruby
JOB_0491,backend-developer,web_development,Backend Developer,PT Intersolusi Teknologi Asia,REST API
JOB_0491,backend-developer,web_development,Backend Developer,PT Intersolusi Teknologi Asia,Docker
JOB_0491,backend-developer,web_development,Backend Developer,PT Intersolusi Teknologi Asia,Kubernetes
JOB_0491,backend-developer,web_development,Backend Developer,PT Intersolusi Teknologi Asia,AWS
JOB_0491,backend-developer,web_development,Backend Developer,PT Intersolusi Teknologi Asia,GCP
JOB_0491,backend-developer,web_development,Backend Developer,PT Intersolusi Teknologi Asia,Azure
JOB_0491,backend-developer,web_development,Backend Developer,PT Intersolusi Teknologi Asia,CI/CD
JOB_0491,backend-developer,web_development,Backend Developer,PT Intersolusi Teknologi Asia,Git
JOB_0491,backend-developer,web_development,Backend Developer,PT Intersolusi Teknologi Asia,Microservices
JOB_0492,backend-developer,web_development,Golang Developer,PT IDStar Cipta Teknologi,PostgreSQL
JOB_0492,backend-developer,web_development,Golang Developer,PT IDStar Cipta Teknologi,TypeScript
JOB_0492,backend-developer,web_development,Golang Developer,PT IDStar Cipta Teknologi,Golang
JOB_0492,backend-developer,web_development,Golang Developer,PT IDStar Cipta Teknologi,REST API
JOB_0492,backend-developer,web_development,Golang Developer,PT IDStar Cipta Teknologi,Git
JOB_0492,backend-developer,web_development,Golang Developer,PT IDStar Cipta Teknologi,Agile/Scrum
JOB_0493,backend-developer,web_development,Back End Engineer,PT Falah Inovasi Teknologi,SQL
JOB_0493,backend-developer,web_development,Back End Engineer,PT Falah Inovasi Teknologi,TypeScript
JOB_0493,backend-developer,web_development,Back End Engineer,PT Falah Inovasi Teknologi,REST API
JOB_0493,backend-developer,web_development,Back End Engineer,PT Falah Inovasi Teknologi,GraphQL
JOB_0493,backend-developer,web_development,Back End Engineer,PT Falah Inovasi Teknologi,Docker
JOB_0493,backend-developer,web_development,Back End Engineer,PT Falah Inovasi Teknologi,Kubernetes
JOB_0493,backend-developer,web_development,Back End Engineer,PT Falah Inovasi Teknologi,Git
JOB_0493,backend-developer,web_development,Back End Engineer,PT Falah Inovasi Teknologi,Microservices
JOB_0493,backend-developer,web_development,Back End Engineer,PT Falah Inovasi Teknologi,Agile/Scrum
JOB_0494,backend-developer,web_development,Senior Back-End TypeScript Developer,PT John Galt Properties,PostgreSQL
JOB_0494,backend-developer,web_development,Senior Back-End TypeScript Developer,PT John Galt Properties,Machine Learning
JOB_0494,backend-developer,web_development,Senior Back-End TypeScript Developer,PT John Galt Properties,JavaScript
JOB_0494,backend-developer,web_development,Senior Back-End TypeScript Developer,PT John Galt Properties,TypeScript
JOB_0494,backend-developer,web_development,Senior Back-End TypeScript Developer,PT John Galt Properties,Next.js
JOB_0494,backend-developer,web_development,Senior Back-End TypeScript Developer,PT John Galt Properties,Node.js
JOB_0494,backend-developer,web_development,Senior Back-End TypeScript Developer,PT John Galt Properties,REST API
JOB_0494,backend-developer,web_development,Senior Back-End TypeScript Developer,PT John Galt Properties,Docker
JOB_0494,backend-developer,web_development,Senior Back-End TypeScript Developer,PT John Galt Properties,AWS
JOB_0494,backend-developer,web_development,Senior Back-End TypeScript Developer,PT John Galt Properties,Git
JOB_0495,backend-developer,web_development,Backend (Golang) Developer,Steradian Data Optima,SQL
JOB_0495,backend-developer,web_development,Backend (Golang) Developer,Steradian Data Optima,TypeScript
JOB_0495,backend-developer,web_development,Backend (Golang) Developer,Steradian Data Optima,Golang
JOB_0495,backend-developer,web_development,Backend (Golang) Developer,Steradian Data Optima,Docker
JOB_0495,backend-developer,web_development,Backend (Golang) Developer,Steradian Data Optima,Git
JOB_0495,backend-developer,web_development,Backend (Golang) Developer,Steradian Data Optima,Agile/Scrum
JOB_0496,backend-developer,web_development,IT Fullstack Developer,PT Sinar Sukses Mandiri,MySQL
JOB_0496,backend-developer,web_development,IT Fullstack Developer,PT Sinar Sukses Mandiri,CSS
JOB_0496,backend-developer,web_development,IT Fullstack Developer,PT Sinar Sukses Mandiri,JavaScript
JOB_0496,backend-developer,web_development,IT Fullstack Developer,PT Sinar Sukses Mandiri,React.js
JOB_0496,backend-developer,web_development,IT Fullstack Developer,PT Sinar Sukses Mandiri,Vue.js
JOB_0496,backend-developer,web_development,IT Fullstack Developer,PT Sinar Sukses Mandiri,Node.js
JOB_0496,backend-developer,web_development,IT Fullstack Developer,PT Sinar Sukses Mandiri,Golang
JOB_0496,backend-developer,web_development,IT Fullstack Developer,PT Sinar Sukses Mandiri,Java
JOB_0496,backend-developer,web_development,IT Fullstack Developer,PT Sinar Sukses Mandiri,Spring Boot
JOB_0496,backend-developer,web_development,IT Fullstack Developer,PT Sinar Sukses Mandiri,REST API
JOB_0497,backend-developer,web_development,Web Developer,PT Grune Teknologi Indonesia,Python
JOB_0497,backend-developer,web_development,Web Developer,PT Grune Teknologi Indonesia,MySQL
JOB_0497,backend-developer,web_development,Web Developer,PT Grune Teknologi Indonesia,JavaScript
JOB_0497,backend-developer,web_development,Web Developer,PT Grune Teknologi Indonesia,TypeScript
JOB_0497,backend-developer,web_development,Web Developer,PT Grune Teknologi Indonesia,React.js
JOB_0497,backend-developer,web_development,Web Developer,PT Grune Teknologi Indonesia,React Native
JOB_0497,backend-developer,web_development,Web Developer,PT Grune Teknologi Indonesia,Next.js
JOB_0497,backend-developer,web_development,Web Developer,PT Grune Teknologi Indonesia,Tailwind CSS
JOB_0497,backend-developer,web_development,Web Developer,PT Grune Teknologi Indonesia,PHP
JOB_0497,backend-developer,web_development,Web Developer,PT Grune Teknologi Indonesia,Laravel
JOB_0497,backend-developer,web_development,Web Developer,PT Grune Teknologi Indonesia,AWS
JOB_0497,backend-developer,web_development,Web Developer,PT Grune Teknologi Indonesia,CI/CD
JOB_0497,backend-developer,web_development,Web Developer,PT Grune Teknologi Indonesia,Git
JOB_0497,backend-developer,web_development,Web Developer,PT Grune Teknologi Indonesia,Figma
JOB_0498,backend-developer,web_development,Fullstack developer,PT Kodenusa Tekno Buana,MongoDB
JOB_0498,backend-developer,web_development,Fullstack developer,PT Kodenusa Tekno Buana,JavaScript
JOB_0498,backend-developer,web_development,Fullstack developer,PT Kodenusa Tekno Buana,React.js
JOB_0498,backend-developer,web_development,Fullstack developer,PT Kodenusa Tekno Buana,Next.js
JOB_0498,backend-developer,web_development,Fullstack developer,PT Kodenusa Tekno Buana,Vue.js
JOB_0498,backend-developer,web_development,Fullstack developer,PT Kodenusa Tekno Buana,Angular
JOB_0498,backend-developer,web_development,Fullstack developer,PT Kodenusa Tekno Buana,Node.js
JOB_0498,backend-developer,web_development,Fullstack developer,PT Kodenusa Tekno Buana,Laravel
JOB_0498,backend-developer,web_development,Fullstack developer,PT Kodenusa Tekno Buana,REST API
JOB_0498,backend-developer,web_development,Fullstack developer,PT Kodenusa Tekno Buana,Git
JOB_0498,backend-developer,web_development,Fullstack developer,PT Kodenusa Tekno Buana,Microservices
JOB_0499,backend-developer,web_development,Full Stack Developer,Solutech Indonesia Maju,SQL
JOB_0499,backend-developer,web_development,Full Stack Developer,Solutech Indonesia Maju,PostgreSQL
JOB_0499,backend-developer,web_development,Full Stack Developer,Solutech Indonesia Maju,JavaScript
JOB_0499,backend-developer,web_development,Full Stack Developer,Solutech Indonesia Maju,TypeScript
JOB_0499,backend-developer,web_development,Full Stack Developer,Solutech Indonesia Maju,React.js
JOB_0499,backend-developer,web_development,Full Stack Developer,Solutech Indonesia Maju,Next.js
JOB_0499,backend-developer,web_development,Full Stack Developer,Solutech Indonesia Maju,Node.js
JOB_0499,backend-developer,web_development,Full Stack Developer,Solutech Indonesia Maju,REST API
JOB_0499,backend-developer,web_development,Full Stack Developer,Solutech Indonesia Maju,Git
JOB_0499,backend-developer,web_development,Full Stack Developer,Solutech Indonesia Maju,UI/UX
JOB_0500,backend-developer,web_development,IT Full Stack Developer,PT Sahabat Sentra Asia,PostgreSQL
JOB_0500,backend-developer,web_development,IT Full Stack Developer,PT Sahabat Sentra Asia,MySQL
JOB_0500,backend-developer,web_development,IT Full Stack Developer,PT Sahabat Sentra Asia,Machine Learning
JOB_0500,backend-developer,web_development,IT Full Stack Developer,PT Sahabat Sentra Asia,HTML
JOB_0500,backend-developer,web_development,IT Full Stack Developer,PT Sahabat Sentra Asia,CSS
JOB_0500,backend-developer,web_development,IT Full Stack Developer,PT Sahabat Sentra Asia,JavaScript
JOB_0500,backend-developer,web_development,IT Full Stack Developer,PT Sahabat Sentra Asia,React.js
JOB_0500,backend-developer,web_development,IT Full Stack Developer,PT Sahabat Sentra Asia,Vue.js
JOB_0500,backend-developer,web_development,IT Full Stack Developer,PT Sahabat Sentra Asia,Node.js
JOB_0500,backend-developer,web_development,IT Full Stack Developer,PT Sahabat Sentra Asia,PHP
JOB_0500,backend-developer,web_development,IT Full Stack Developer,PT Sahabat Sentra Asia,Laravel
JOB_0500,backend-developer,web_development,IT Full Stack Developer,PT Sahabat Sentra Asia,REST API
JOB_0500,backend-developer,web_development,IT Full Stack Developer,PT Sahabat Sentra Asia,Problem Solving
JOB_0501,backend-developer,web_development,APPLICATION DEVELOPER,Raditya Mulia Lestari (RML),REST API
JOB_0502,backend-developer,web_development,Jr. Backend Developer,PT. Venteny Fortuna International TBK,PostgreSQL
JOB_0502,backend-developer,web_development,Jr. Backend Developer,PT. Venteny Fortuna International TBK,MySQL
JOB_0502,backend-developer,web_development,Jr. Backend Developer,PT. Venteny Fortuna International TBK,JavaScript
JOB_0502,backend-developer,web_development,Jr. Backend Developer,PT. Venteny Fortuna International TBK,TypeScript
JOB_0502,backend-developer,web_development,Jr. Backend Developer,PT. Venteny Fortuna International TBK,Node.js
JOB_0502,backend-developer,web_development,Jr. Backend Developer,PT. Venteny Fortuna International TBK,REST API
JOB_0502,backend-developer,web_development,Jr. Backend Developer,PT. Venteny Fortuna International TBK,GraphQL
JOB_0502,backend-developer,web_development,Jr. Backend Developer,PT. Venteny Fortuna International TBK,CI/CD
JOB_0502,backend-developer,web_development,Jr. Backend Developer,PT. Venteny Fortuna International TBK,Microservices
JOB_0503,backend-developer,web_development,PROGRAMMER WEB,Pengiklan Anonim,SQL
JOB_0503,backend-developer,web_development,PROGRAMMER WEB,Pengiklan Anonim,JavaScript
JOB_0503,backend-developer,web_development,PROGRAMMER WEB,Pengiklan Anonim,PHP
JOB_0503,backend-developer,web_development,PROGRAMMER WEB,Pengiklan Anonim,Agile/Scrum
JOB_0504,backend-developer,web_development,Web Developer Intern,PT Indolok Bakti Utama,SQL
JOB_0504,backend-developer,web_development,Web Developer Intern,PT Indolok Bakti Utama,MySQL
JOB_0504,backend-developer,web_development,Web Developer Intern,PT Indolok Bakti Utama,Machine Learning
JOB_0504,backend-developer,web_development,Web Developer Intern,PT Indolok Bakti Utama,HTML
JOB_0504,backend-developer,web_development,Web Developer Intern,PT Indolok Bakti Utama,CSS
JOB_0504,backend-developer,web_development,Web Developer Intern,PT Indolok Bakti Utama,JavaScript
JOB_0504,backend-developer,web_development,Web Developer Intern,PT Indolok Bakti Utama,TypeScript
JOB_0504,backend-developer,web_development,Web Developer Intern,PT Indolok Bakti Utama,Tailwind CSS
JOB_0504,backend-developer,web_development,Web Developer Intern,PT Indolok Bakti Utama,PHP
JOB_0504,backend-developer,web_development,Web Developer Intern,PT Indolok Bakti Utama,Laravel
JOB_0504,backend-developer,web_development,Web Developer Intern,PT Indolok Bakti Utama,Git
JOB_0504,backend-developer,web_development,Web Developer Intern,PT Indolok Bakti Utama,UI/UX
JOB_0505,backend-developer,web_development,Fullstack Developer,PT Adi Data Informatika,SQL
JOB_0505,backend-developer,web_development,Fullstack Developer,PT Adi Data Informatika,PostgreSQL
JOB_0505,backend-developer,web_development,Fullstack Developer,PT Adi Data Informatika,MySQL
JOB_0505,backend-developer,web_development,Fullstack Developer,PT Adi Data Informatika,HTML
JOB_0505,backend-developer,web_development,Fullstack Developer,PT Adi Data Informatika,CSS
JOB_0505,backend-developer,web_development,Fullstack Developer,PT Adi Data Informatika,JavaScript
JOB_0505,backend-developer,web_development,Fullstack Developer,PT Adi Data Informatika,TypeScript
JOB_0505,backend-developer,web_development,Fullstack Developer,PT Adi Data Informatika,React.js
JOB_0505,backend-developer,web_development,Fullstack Developer,PT Adi Data Informatika,Next.js
JOB_0505,backend-developer,web_development,Fullstack Developer,PT Adi Data Informatika,Java
JOB_0505,backend-developer,web_development,Fullstack Developer,PT Adi Data Informatika,Spring Boot
JOB_0505,backend-developer,web_development,Fullstack Developer,PT Adi Data Informatika,REST API
JOB_0505,backend-developer,web_development,Fullstack Developer,PT Adi Data Informatika,Git
JOB_0505,backend-developer,web_development,Fullstack Developer,PT Adi Data Informatika,Microservices
JOB_0505,backend-developer,web_development,Fullstack Developer,PT Adi Data Informatika,Problem Solving
JOB_0506,backend-developer,web_development,IT Programmer,PT Asco Prima Mobilindo,SQL
JOB_0506,backend-developer,web_development,IT Programmer,PT Asco Prima Mobilindo,JavaScript
JOB_0506,backend-developer,web_development,IT Programmer,PT Asco Prima Mobilindo,Vue.js
JOB_0506,backend-developer,web_development,IT Programmer,PT Asco Prima Mobilindo,PHP
JOB_0506,backend-developer,web_development,IT Programmer,PT Asco Prima Mobilindo,Laravel
JOB_0507,backend-developer,web_development,IT System Analyst,Moya Holdings Asia Limited,SQL
JOB_0507,backend-developer,web_development,IT System Analyst,Moya Holdings Asia Limited,PostgreSQL
JOB_0507,backend-developer,web_development,IT System Analyst,Moya Holdings Asia Limited,MySQL
JOB_0507,backend-developer,web_development,IT System Analyst,Moya Holdings Asia Limited,Machine Learning
JOB_0507,backend-developer,web_development,IT System Analyst,Moya Holdings Asia Limited,HTML
JOB_0507,backend-developer,web_development,IT System Analyst,Moya Holdings Asia Limited,JavaScript
JOB_0507,backend-developer,web_development,IT System Analyst,Moya Holdings Asia Limited,React.js
JOB_0507,backend-developer,web_development,IT System Analyst,Moya Holdings Asia Limited,Vue.js
JOB_0507,backend-developer,web_development,IT System Analyst,Moya Holdings Asia Limited,Node.js
JOB_0507,backend-developer,web_development,IT System Analyst,Moya Holdings Asia Limited,PHP
JOB_0507,backend-developer,web_development,IT System Analyst,Moya Holdings Asia Limited,Java
JOB_0507,backend-developer,web_development,IT System Analyst,Moya Holdings Asia Limited,REST API
JOB_0508,backend-developer,web_development,SOFTWARE ENGINEER,Kakiku Family Health & Beauty (Tangerang),Python
JOB_0508,backend-developer,web_development,SOFTWARE ENGINEER,Kakiku Family Health & Beauty (Tangerang),PostgreSQL
JOB_0508,backend-developer,web_development,SOFTWARE ENGINEER,Kakiku Family Health & Beauty (Tangerang),MySQL
JOB_0508,backend-developer,web_development,SOFTWARE ENGINEER,Kakiku Family Health & Beauty (Tangerang),JavaScript
JOB_0508,backend-developer,web_development,SOFTWARE ENGINEER,Kakiku Family Health & Beauty (Tangerang),PHP
JOB_0508,backend-developer,web_development,SOFTWARE ENGINEER,Kakiku Family Health & Beauty (Tangerang),REST API
JOB_0509,backend-developer,web_development,Front End Engineer,PT Falah Inovasi Teknologi,CSS
JOB_0509,backend-developer,web_development,Front End Engineer,PT Falah Inovasi Teknologi,JavaScript
JOB_0509,backend-developer,web_development,Front End Engineer,PT Falah Inovasi Teknologi,TypeScript
JOB_0509,backend-developer,web_development,Front End Engineer,PT Falah Inovasi Teknologi,React.js
JOB_0509,backend-developer,web_development,Front End Engineer,PT Falah Inovasi Teknologi,Next.js
JOB_0509,backend-developer,web_development,Front End Engineer,PT Falah Inovasi Teknologi,Vue.js
JOB_0509,backend-developer,web_development,Front End Engineer,PT Falah Inovasi Teknologi,Angular
JOB_0509,backend-developer,web_development,Front End Engineer,PT Falah Inovasi Teknologi,Tailwind CSS
JOB_0509,backend-developer,web_development,Front End Engineer,PT Falah Inovasi Teknologi,Git
JOB_0509,backend-developer,web_development,Front End Engineer,PT Falah Inovasi Teknologi,UI/UX
JOB_0509,backend-developer,web_development,Front End Engineer,PT Falah Inovasi Teknologi,Agile/Scrum
JOB_0510,backend-developer,web_development,Fullstack Developer,PT Siba Surya,Python
JOB_0510,backend-developer,web_development,Fullstack Developer,PT Siba Surya,SQL
JOB_0510,backend-developer,web_development,Fullstack Developer,PT Siba Surya,TypeScript
JOB_0510,backend-developer,web_development,Fullstack Developer,PT Siba Surya,Golang
JOB_0510,backend-developer,web_development,Fullstack Developer,PT Siba Surya,REST API
JOB_0510,backend-developer,web_development,Fullstack Developer,PT Siba Surya,Docker
JOB_0510,backend-developer,web_development,Fullstack Developer,PT Siba Surya,AWS
JOB_0510,backend-developer,web_development,Fullstack Developer,PT Siba Surya,GCP
JOB_0510,backend-developer,web_development,Fullstack Developer,PT Siba Surya,Azure
JOB_0510,backend-developer,web_development,Fullstack Developer,PT Siba Surya,Git
JOB_0510,backend-developer,web_development,Fullstack Developer,PT Siba Surya,Linux
JOB_0510,backend-developer,web_development,Fullstack Developer,PT Siba Surya,UI/UX
JOB_0510,backend-developer,web_development,Fullstack Developer,PT Siba Surya,Problem Solving
JOB_0511,backend-developer,web_development,Web Programmer,PT Panin Asset Management,Machine Learning
JOB_0511,backend-developer,web_development,Web Programmer,PT Panin Asset Management,HTML
JOB_0511,backend-developer,web_development,Web Programmer,PT Panin Asset Management,CSS
JOB_0511,backend-developer,web_development,Web Programmer,PT Panin Asset Management,JavaScript
JOB_0511,backend-developer,web_development,Web Programmer,PT Panin Asset Management,TypeScript
JOB_0511,backend-developer,web_development,Web Programmer,PT Panin Asset Management,.NET
JOB_0511,backend-developer,web_development,Web Programmer,PT Panin Asset Management,REST API
JOB_0512,backend-developer,web_development,Senior Backend Programmer,BRAWIJAYA HOSPITAL GROUP,SQL
JOB_0512,backend-developer,web_development,Senior Backend Programmer,BRAWIJAYA HOSPITAL GROUP,TypeScript
JOB_0512,backend-developer,web_development,Senior Backend Programmer,BRAWIJAYA HOSPITAL GROUP,CI/CD
JOB_0513,backend-developer,web_development,Golang Backend Engineer - PG,PT. MONARCH INTI TEKNOLOGI,PostgreSQL
JOB_0513,backend-developer,web_development,Golang Backend Engineer - PG,PT. MONARCH INTI TEKNOLOGI,TypeScript
JOB_0513,backend-developer,web_development,Golang Backend Engineer - PG,PT. MONARCH INTI TEKNOLOGI,Golang
JOB_0513,backend-developer,web_development,Golang Backend Engineer - PG,PT. MONARCH INTI TEKNOLOGI,CI/CD
JOB_0514,backend-developer,web_development,Full-stack Engineer,PT CryoCord Indonesia,Python
JOB_0514,backend-developer,web_development,Full-stack Engineer,PT CryoCord Indonesia,PostgreSQL
JOB_0514,backend-developer,web_development,Full-stack Engineer,PT CryoCord Indonesia,Machine Learning
JOB_0514,backend-developer,web_development,Full-stack Engineer,PT CryoCord Indonesia,JavaScript
JOB_0514,backend-developer,web_development,Full-stack Engineer,PT CryoCord Indonesia,TypeScript
JOB_0514,backend-developer,web_development,Full-stack Engineer,PT CryoCord Indonesia,React.js
JOB_0514,backend-developer,web_development,Full-stack Engineer,PT CryoCord Indonesia,Next.js
JOB_0514,backend-developer,web_development,Full-stack Engineer,PT CryoCord Indonesia,Node.js
JOB_0514,backend-developer,web_development,Full-stack Engineer,PT CryoCord Indonesia,REST API
JOB_0515,backend-developer,web_development,Software Engineer (Backend),PT Solusi Pembayaran Elektronik,PostgreSQL
JOB_0515,backend-developer,web_development,Software Engineer (Backend),PT Solusi Pembayaran Elektronik,MySQL
JOB_0515,backend-developer,web_development,Software Engineer (Backend),PT Solusi Pembayaran Elektronik,MongoDB
JOB_0515,backend-developer,web_development,Software Engineer (Backend),PT Solusi Pembayaran Elektronik,TypeScript
JOB_0515,backend-developer,web_development,Software Engineer (Backend),PT Solusi Pembayaran Elektronik,Golang
JOB_0515,backend-developer,web_development,Software Engineer (Backend),PT Solusi Pembayaran Elektronik,REST API
JOB_0515,backend-developer,web_development,Software Engineer (Backend),PT Solusi Pembayaran Elektronik,Docker
JOB_0515,backend-developer,web_development,Software Engineer (Backend),PT Solusi Pembayaran Elektronik,CI/CD
JOB_0515,backend-developer,web_development,Software Engineer (Backend),PT Solusi Pembayaran Elektronik,Git
JOB_0515,backend-developer,web_development,Software Engineer (Backend),PT Solusi Pembayaran Elektronik,Agile/Scrum
JOB_0517,backend-developer,web_development,Full Stack Engineer,PT DIGITAL XCELERATION NUSANTARA,SQL
JOB_0517,backend-developer,web_development,Full Stack Engineer,PT DIGITAL XCELERATION NUSANTARA,MongoDB
JOB_0517,backend-developer,web_development,Full Stack Engineer,PT DIGITAL XCELERATION NUSANTARA,Machine Learning
JOB_0517,backend-developer,web_development,Full Stack Engineer,PT DIGITAL XCELERATION NUSANTARA,HTML
JOB_0517,backend-developer,web_development,Full Stack Engineer,PT DIGITAL XCELERATION NUSANTARA,CSS
JOB_0517,backend-developer,web_development,Full Stack Engineer,PT DIGITAL XCELERATION NUSANTARA,JavaScript
JOB_0517,backend-developer,web_development,Full Stack Engineer,PT DIGITAL XCELERATION NUSANTARA,React.js
JOB_0517,backend-developer,web_development,Full Stack Engineer,PT DIGITAL XCELERATION NUSANTARA,React Native
JOB_0517,backend-developer,web_development,Full Stack Engineer,PT DIGITAL XCELERATION NUSANTARA,Vue.js
JOB_0517,backend-developer,web_development,Full Stack Engineer,PT DIGITAL XCELERATION NUSANTARA,Java
JOB_0517,backend-developer,web_development,Full Stack Engineer,PT DIGITAL XCELERATION NUSANTARA,Spring Boot
JOB_0517,backend-developer,web_development,Full Stack Engineer,PT DIGITAL XCELERATION NUSANTARA,GraphQL
JOB_0517,backend-developer,web_development,Full Stack Engineer,PT DIGITAL XCELERATION NUSANTARA,AWS
JOB_0517,backend-developer,web_development,Full Stack Engineer,PT DIGITAL XCELERATION NUSANTARA,GCP
JOB_0517,backend-developer,web_development,Full Stack Engineer,PT DIGITAL XCELERATION NUSANTARA,Azure
JOB_0517,backend-developer,web_development,Full Stack Engineer,PT DIGITAL XCELERATION NUSANTARA,Microservices
JOB_0517,backend-developer,web_development,Full Stack Engineer,PT DIGITAL XCELERATION NUSANTARA,Agile/Scrum
JOB_0518,backend-developer,web_development,Senior Fullstack Backend Developer,"PT. Trimegah Sekuritas Indonesia, Tbk",SQL
JOB_0518,backend-developer,web_development,Senior Fullstack Backend Developer,"PT. Trimegah Sekuritas Indonesia, Tbk",PostgreSQL
JOB_0518,backend-developer,web_development,Senior Fullstack Backend Developer,"PT. Trimegah Sekuritas Indonesia, Tbk",MongoDB
JOB_0518,backend-developer,web_development,Senior Fullstack Backend Developer,"PT. Trimegah Sekuritas Indonesia, Tbk",Excel
JOB_0518,backend-developer,web_development,Senior Fullstack Backend Developer,"PT. Trimegah Sekuritas Indonesia, Tbk",Machine Learning
JOB_0518,backend-developer,web_development,Senior Fullstack Backend Developer,"PT. Trimegah Sekuritas Indonesia, Tbk",HTML
JOB_0518,backend-developer,web_development,Senior Fullstack Backend Developer,"PT. Trimegah Sekuritas Indonesia, Tbk",CSS
JOB_0518,backend-developer,web_development,Senior Fullstack Backend Developer,"PT. Trimegah Sekuritas Indonesia, Tbk",JavaScript
JOB_0518,backend-developer,web_development,Senior Fullstack Backend Developer,"PT. Trimegah Sekuritas Indonesia, Tbk",TypeScript
JOB_0518,backend-developer,web_development,Senior Fullstack Backend Developer,"PT. Trimegah Sekuritas Indonesia, Tbk",React.js
JOB_0518,backend-developer,web_development,Senior Fullstack Backend Developer,"PT. Trimegah Sekuritas Indonesia, Tbk",Vue.js
JOB_0518,backend-developer,web_development,Senior Fullstack Backend Developer,"PT. Trimegah Sekuritas Indonesia, Tbk",PHP
JOB_0518,backend-developer,web_development,Senior Fullstack Backend Developer,"PT. Trimegah Sekuritas Indonesia, Tbk",Golang
JOB_0518,backend-developer,web_development,Senior Fullstack Backend Developer,"PT. Trimegah Sekuritas Indonesia, Tbk",Java
JOB_0518,backend-developer,web_development,Senior Fullstack Backend Developer,"PT. Trimegah Sekuritas Indonesia, Tbk",REST API
JOB_0518,backend-developer,web_development,Senior Fullstack Backend Developer,"PT. Trimegah Sekuritas Indonesia, Tbk",Docker
JOB_0518,backend-developer,web_development,Senior Fullstack Backend Developer,"PT. Trimegah Sekuritas Indonesia, Tbk",Kubernetes
JOB_0518,backend-developer,web_development,Senior Fullstack Backend Developer,"PT. Trimegah Sekuritas Indonesia, Tbk",AWS
JOB_0518,backend-developer,web_development,Senior Fullstack Backend Developer,"PT. Trimegah Sekuritas Indonesia, Tbk",GCP
JOB_0518,backend-developer,web_development,Senior Fullstack Backend Developer,"PT. Trimegah Sekuritas Indonesia, Tbk",Azure
JOB_0518,backend-developer,web_development,Senior Fullstack Backend Developer,"PT. Trimegah Sekuritas Indonesia, Tbk",Git
JOB_0518,backend-developer,web_development,Senior Fullstack Backend Developer,"PT. Trimegah Sekuritas Indonesia, Tbk",Microservices
JOB_0519,backend-developer,web_development,Backend Developer (Golang),PT Ako Media Asia,SQL
JOB_0519,backend-developer,web_development,Backend Developer (Golang),PT Ako Media Asia,MySQL
JOB_0519,backend-developer,web_development,Backend Developer (Golang),PT Ako Media Asia,TypeScript
JOB_0519,backend-developer,web_development,Backend Developer (Golang),PT Ako Media Asia,Golang
JOB_0519,backend-developer,web_development,Backend Developer (Golang),PT Ako Media Asia,Java
JOB_0519,backend-developer,web_development,Backend Developer (Golang),PT Ako Media Asia,Spring Boot
JOB_0519,backend-developer,web_development,Backend Developer (Golang),PT Ako Media Asia,REST API
JOB_0519,backend-developer,web_development,Backend Developer (Golang),PT Ako Media Asia,Docker
JOB_0519,backend-developer,web_development,Backend Developer (Golang),PT Ako Media Asia,AWS
JOB_0519,backend-developer,web_development,Backend Developer (Golang),PT Ako Media Asia,Azure
JOB_0519,backend-developer,web_development,Backend Developer (Golang),PT Ako Media Asia,Git
JOB_0519,backend-developer,web_development,Backend Developer (Golang),PT Ako Media Asia,Microservices
JOB_0520,backend-developer,web_development,Backend Engineer,Eiger Ekowisata Nusantara,Python
JOB_0520,backend-developer,web_development,Backend Engineer,Eiger Ekowisata Nusantara,PostgreSQL
JOB_0520,backend-developer,web_development,Backend Engineer,Eiger Ekowisata Nusantara,MySQL
JOB_0520,backend-developer,web_development,Backend Engineer,Eiger Ekowisata Nusantara,JavaScript
JOB_0520,backend-developer,web_development,Backend Engineer,Eiger Ekowisata Nusantara,TypeScript
JOB_0520,backend-developer,web_development,Backend Engineer,Eiger Ekowisata Nusantara,Node.js
JOB_0520,backend-developer,web_development,Backend Engineer,Eiger Ekowisata Nusantara,Golang
JOB_0520,backend-developer,web_development,Backend Engineer,Eiger Ekowisata Nusantara,Java
JOB_0520,backend-developer,web_development,Backend Engineer,Eiger Ekowisata Nusantara,REST API
JOB_0520,backend-developer,web_development,Backend Engineer,Eiger Ekowisata Nusantara,Agile/Scrum
JOB_0521,backend-developer,web_development,Fullstack Developer,PT Forty Resources,Laravel
JOB_0521,backend-developer,web_development,Fullstack Developer,PT Forty Resources,REST API
JOB_0521,backend-developer,web_development,Fullstack Developer,PT Forty Resources,Linux
JOB_0521,backend-developer,web_development,Fullstack Developer,PT Forty Resources,UI/UX
JOB_0522,backend-developer,web_development,Full Stack Developer,Yayasan BPK Penabur Jakarta,SQL
JOB_0522,backend-developer,web_development,Full Stack Developer,Yayasan BPK Penabur Jakarta,PostgreSQL
JOB_0522,backend-developer,web_development,Full Stack Developer,Yayasan BPK Penabur Jakarta,MySQL
JOB_0522,backend-developer,web_development,Full Stack Developer,Yayasan BPK Penabur Jakarta,JavaScript
JOB_0522,backend-developer,web_development,Full Stack Developer,Yayasan BPK Penabur Jakarta,React.js
JOB_0522,backend-developer,web_development,Full Stack Developer,Yayasan BPK Penabur Jakarta,Node.js
JOB_0522,backend-developer,web_development,Full Stack Developer,Yayasan BPK Penabur Jakarta,REST API
JOB_0522,backend-developer,web_development,Full Stack Developer,Yayasan BPK Penabur Jakarta,Git
JOB_0523,backend-developer,web_development,IT Manager,PT Pharos Indonesia,Python
JOB_0523,backend-developer,web_development,IT Manager,PT Pharos Indonesia,SQL
JOB_0523,backend-developer,web_development,IT Manager,PT Pharos Indonesia,React.js
JOB_0523,backend-developer,web_development,IT Manager,PT Pharos Indonesia,Git
JOB_0523,backend-developer,web_development,IT Manager,PT Pharos Indonesia,Problem Solving
JOB_0524,backend-developer,web_development,Front End Developer,PT Tjitra Selaras Sampoerno,Python
JOB_0524,backend-developer,web_development,Front End Developer,PT Tjitra Selaras Sampoerno,Excel
JOB_0524,backend-developer,web_development,Front End Developer,PT Tjitra Selaras Sampoerno,Machine Learning
JOB_0524,backend-developer,web_development,Front End Developer,PT Tjitra Selaras Sampoerno,HTML
JOB_0524,backend-developer,web_development,Front End Developer,PT Tjitra Selaras Sampoerno,CSS
JOB_0524,backend-developer,web_development,Front End Developer,PT Tjitra Selaras Sampoerno,JavaScript
JOB_0524,backend-developer,web_development,Front End Developer,PT Tjitra Selaras Sampoerno,TypeScript
JOB_0524,backend-developer,web_development,Front End Developer,PT Tjitra Selaras Sampoerno,PHP
JOB_0524,backend-developer,web_development,Front End Developer,PT Tjitra Selaras Sampoerno,REST API
JOB_0524,backend-developer,web_development,Front End Developer,PT Tjitra Selaras Sampoerno,Git
JOB_0524,backend-developer,web_development,Front End Developer,PT Tjitra Selaras Sampoerno,UI/UX
JOB_0524,backend-developer,web_development,Front End Developer,PT Tjitra Selaras Sampoerno,Prototyping
JOB_0525,backend-developer,web_development,Full Stack Developer (Python),Engine Room Global Pte Ltd.,Python
JOB_0525,backend-developer,web_development,Full Stack Developer (Python),Engine Room Global Pte Ltd.,SQL
JOB_0525,backend-developer,web_development,Full Stack Developer (Python),Engine Room Global Pte Ltd.,ETL
JOB_0525,backend-developer,web_development,Full Stack Developer (Python),Engine Room Global Pte Ltd.,JavaScript
JOB_0525,backend-developer,web_development,Full Stack Developer (Python),Engine Room Global Pte Ltd.,TypeScript
JOB_0525,backend-developer,web_development,Full Stack Developer (Python),Engine Room Global Pte Ltd.,React.js
JOB_0525,backend-developer,web_development,Full Stack Developer (Python),Engine Room Global Pte Ltd.,Next.js
JOB_0525,backend-developer,web_development,Full Stack Developer (Python),Engine Room Global Pte Ltd.,Golang
JOB_0525,backend-developer,web_development,Full Stack Developer (Python),Engine Room Global Pte Ltd.,Django
JOB_0525,backend-developer,web_development,Full Stack Developer (Python),Engine Room Global Pte Ltd.,FastAPI
JOB_0525,backend-developer,web_development,Full Stack Developer (Python),Engine Room Global Pte Ltd.,REST API
JOB_0525,backend-developer,web_development,Full Stack Developer (Python),Engine Room Global Pte Ltd.,AWS
JOB_0525,backend-developer,web_development,Full Stack Developer (Python),Engine Room Global Pte Ltd.,GCP
JOB_0525,backend-developer,web_development,Full Stack Developer (Python),Engine Room Global Pte Ltd.,Azure
JOB_0525,backend-developer,web_development,Full Stack Developer (Python),Engine Room Global Pte Ltd.,Git
JOB_0526,backend-developer,web_development,Software Engineer (Backend Java),PT Rsystems Ibizcs International,SQL
JOB_0526,backend-developer,web_development,Software Engineer (Backend Java),PT Rsystems Ibizcs International,Data Modeling
JOB_0526,backend-developer,web_development,Software Engineer (Backend Java),PT Rsystems Ibizcs International,TypeScript
JOB_0526,backend-developer,web_development,Software Engineer (Backend Java),PT Rsystems Ibizcs International,Java
JOB_0526,backend-developer,web_development,Software Engineer (Backend Java),PT Rsystems Ibizcs International,Spring Boot
JOB_0526,backend-developer,web_development,Software Engineer (Backend Java),PT Rsystems Ibizcs International,REST API
JOB_0526,backend-developer,web_development,Software Engineer (Backend Java),PT Rsystems Ibizcs International,Docker
JOB_0526,backend-developer,web_development,Software Engineer (Backend Java),PT Rsystems Ibizcs International,Kubernetes
JOB_0526,backend-developer,web_development,Software Engineer (Backend Java),PT Rsystems Ibizcs International,AWS
JOB_0526,backend-developer,web_development,Software Engineer (Backend Java),PT Rsystems Ibizcs International,GCP
JOB_0526,backend-developer,web_development,Software Engineer (Backend Java),PT Rsystems Ibizcs International,Azure
JOB_0526,backend-developer,web_development,Software Engineer (Backend Java),PT Rsystems Ibizcs International,CI/CD
JOB_0526,backend-developer,web_development,Software Engineer (Backend Java),PT Rsystems Ibizcs International,Git
JOB_0526,backend-developer,web_development,Software Engineer (Backend Java),PT Rsystems Ibizcs International,Microservices
JOB_0526,backend-developer,web_development,Software Engineer (Backend Java),PT Rsystems Ibizcs International,Agile/Scrum
JOB_0528,backend-developer,web_development,Fullstack/Frontend Web Developer,PT Turboly Teknologi Indonesia,MySQL
JOB_0528,backend-developer,web_development,Fullstack/Frontend Web Developer,PT Turboly Teknologi Indonesia,HTML
JOB_0528,backend-developer,web_development,Fullstack/Frontend Web Developer,PT Turboly Teknologi Indonesia,CSS
JOB_0528,backend-developer,web_development,Fullstack/Frontend Web Developer,PT Turboly Teknologi Indonesia,JavaScript
JOB_0528,backend-developer,web_development,Fullstack/Frontend Web Developer,PT Turboly Teknologi Indonesia,TypeScript
JOB_0528,backend-developer,web_development,Fullstack/Frontend Web Developer,PT Turboly Teknologi Indonesia,Tailwind CSS
JOB_0528,backend-developer,web_development,Fullstack/Frontend Web Developer,PT Turboly Teknologi Indonesia,Ruby
JOB_0528,backend-developer,web_development,Fullstack/Frontend Web Developer,PT Turboly Teknologi Indonesia,REST API
JOB_0528,backend-developer,web_development,Fullstack/Frontend Web Developer,PT Turboly Teknologi Indonesia,CI/CD
JOB_0528,backend-developer,web_development,Fullstack/Frontend Web Developer,PT Turboly Teknologi Indonesia,Git
JOB_0528,backend-developer,web_development,Fullstack/Frontend Web Developer,PT Turboly Teknologi Indonesia,UI/UX
JOB_0528,backend-developer,web_development,Fullstack/Frontend Web Developer,PT Turboly Teknologi Indonesia,Prototyping
JOB_0528,backend-developer,web_development,Fullstack/Frontend Web Developer,PT Turboly Teknologi Indonesia,Agile/Scrum
JOB_0529,backend-developer,web_development,Software Developer,PT System Ever Indonesia,SQL
JOB_0529,backend-developer,web_development,Software Developer,PT System Ever Indonesia,MySQL
JOB_0529,backend-developer,web_development,Software Developer,PT System Ever Indonesia,TypeScript
JOB_0529,backend-developer,web_development,Software Developer,PT System Ever Indonesia,UI/UX
JOB_0530,backend-developer,web_development,Software Developer,PT Universal Traktor Indonesia,MySQL
JOB_0530,backend-developer,web_development,Software Developer,PT Universal Traktor Indonesia,JavaScript
JOB_0530,backend-developer,web_development,Software Developer,PT Universal Traktor Indonesia,TypeScript
JOB_0530,backend-developer,web_development,Software Developer,PT Universal Traktor Indonesia,Next.js
JOB_0530,backend-developer,web_development,Software Developer,PT Universal Traktor Indonesia,PHP
JOB_0530,backend-developer,web_development,Software Developer,PT Universal Traktor Indonesia,REST API
JOB_0531,backend-developer,web_development,"Fullstack Developer (AI-Assisted Dev, Node.js, React, GraphQL)",PT. BADAN KODEFOX TECHNOLOGY SERVICE,Machine Learning
JOB_0531,backend-developer,web_development,"Fullstack Developer (AI-Assisted Dev, Node.js, React, GraphQL)",PT. BADAN KODEFOX TECHNOLOGY SERVICE,JavaScript
JOB_0531,backend-developer,web_development,"Fullstack Developer (AI-Assisted Dev, Node.js, React, GraphQL)",PT. BADAN KODEFOX TECHNOLOGY SERVICE,TypeScript
JOB_0531,backend-developer,web_development,"Fullstack Developer (AI-Assisted Dev, Node.js, React, GraphQL)",PT. BADAN KODEFOX TECHNOLOGY SERVICE,React.js
JOB_0531,backend-developer,web_development,"Fullstack Developer (AI-Assisted Dev, Node.js, React, GraphQL)",PT. BADAN KODEFOX TECHNOLOGY SERVICE,Next.js
JOB_0531,backend-developer,web_development,"Fullstack Developer (AI-Assisted Dev, Node.js, React, GraphQL)",PT. BADAN KODEFOX TECHNOLOGY SERVICE,Node.js
JOB_0531,backend-developer,web_development,"Fullstack Developer (AI-Assisted Dev, Node.js, React, GraphQL)",PT. BADAN KODEFOX TECHNOLOGY SERVICE,REST API
JOB_0531,backend-developer,web_development,"Fullstack Developer (AI-Assisted Dev, Node.js, React, GraphQL)",PT. BADAN KODEFOX TECHNOLOGY SERVICE,GraphQL
JOB_0531,backend-developer,web_development,"Fullstack Developer (AI-Assisted Dev, Node.js, React, GraphQL)",PT. BADAN KODEFOX TECHNOLOGY SERVICE,Git
JOB_0533,backend-developer,web_development,IT Programmer,PT Sinar Surya Bajaprofilindo,SQL
JOB_0534,backend-developer,web_development,Backend Engineer - Go,PT Sentra Vidya Utama,Golang
JOB_0534,backend-developer,web_development,Backend Engineer - Go,PT Sentra Vidya Utama,REST API
JOB_0534,backend-developer,web_development,Backend Engineer - Go,PT Sentra Vidya Utama,Git
JOB_0534,backend-developer,web_development,Backend Engineer - Go,PT Sentra Vidya Utama,Microservices
JOB_0534,backend-developer,web_development,Backend Engineer - Go,PT Sentra Vidya Utama,Agile/Scrum
JOB_0535,backend-developer,web_development,IT GPS Developer,PT Batavia Prosperindo Trans Tbk.,JavaScript
JOB_0535,backend-developer,web_development,IT GPS Developer,PT Batavia Prosperindo Trans Tbk.,PHP
JOB_0535,backend-developer,web_development,IT GPS Developer,PT Batavia Prosperindo Trans Tbk.,Golang
JOB_0535,backend-developer,web_development,IT GPS Developer,PT Batavia Prosperindo Trans Tbk.,REST API
JOB_0535,backend-developer,web_development,IT GPS Developer,PT Batavia Prosperindo Trans Tbk.,Docker
JOB_0535,backend-developer,web_development,IT GPS Developer,PT Batavia Prosperindo Trans Tbk.,CI/CD
JOB_0535,backend-developer,web_development,IT GPS Developer,PT Batavia Prosperindo Trans Tbk.,Git
JOB_0536,backend-developer,web_development,Senior Back End Engineer,PT Central Mega Kencana,Python
JOB_0536,backend-developer,web_development,Senior Back End Engineer,PT Central Mega Kencana,PostgreSQL
JOB_0536,backend-developer,web_development,Senior Back End Engineer,PT Central Mega Kencana,MySQL
JOB_0536,backend-developer,web_development,Senior Back End Engineer,PT Central Mega Kencana,TypeScript
JOB_0536,backend-developer,web_development,Senior Back End Engineer,PT Central Mega Kencana,Bootstrap
JOB_0536,backend-developer,web_development,Senior Back End Engineer,PT Central Mega Kencana,PHP
JOB_0536,backend-developer,web_development,Senior Back End Engineer,PT Central Mega Kencana,Golang
JOB_0536,backend-developer,web_development,Senior Back End Engineer,PT Central Mega Kencana,Laravel
JOB_0536,backend-developer,web_development,Senior Back End Engineer,PT Central Mega Kencana,Docker
JOB_0536,backend-developer,web_development,Senior Back End Engineer,PT Central Mega Kencana,Kubernetes
JOB_0536,backend-developer,web_development,Senior Back End Engineer,PT Central Mega Kencana,AWS
JOB_0536,backend-developer,web_development,Senior Back End Engineer,PT Central Mega Kencana,GCP
JOB_0536,backend-developer,web_development,Senior Back End Engineer,PT Central Mega Kencana,Git
JOB_0537,backend-developer,web_development,"Software Engineer, Backend",PT Solusi Transportasi Indonesia,PostgreSQL
JOB_0537,backend-developer,web_development,"Software Engineer, Backend",PT Solusi Transportasi Indonesia,MySQL
JOB_0537,backend-developer,web_development,"Software Engineer, Backend",PT Solusi Transportasi Indonesia,Excel
JOB_0537,backend-developer,web_development,"Software Engineer, Backend",PT Solusi Transportasi Indonesia,TypeScript
JOB_0537,backend-developer,web_development,"Software Engineer, Backend",PT Solusi Transportasi Indonesia,Golang
JOB_0537,backend-developer,web_development,"Software Engineer, Backend",PT Solusi Transportasi Indonesia,Java
JOB_0537,backend-developer,web_development,"Software Engineer, Backend",PT Solusi Transportasi Indonesia,Git
JOB_0538,backend-developer,web_development,Node.js Developer,PT Hashmicro Solusi Indonesia,PostgreSQL
JOB_0538,backend-developer,web_development,Node.js Developer,PT Hashmicro Solusi Indonesia,MySQL
JOB_0538,backend-developer,web_development,Node.js Developer,PT Hashmicro Solusi Indonesia,MongoDB
JOB_0538,backend-developer,web_development,Node.js Developer,PT Hashmicro Solusi Indonesia,JavaScript
JOB_0538,backend-developer,web_development,Node.js Developer,PT Hashmicro Solusi Indonesia,Node.js
JOB_0538,backend-developer,web_development,Node.js Developer,PT Hashmicro Solusi Indonesia,REST API
JOB_0538,backend-developer,web_development,Node.js Developer,PT Hashmicro Solusi Indonesia,CI/CD
JOB_0538,backend-developer,web_development,Node.js Developer,PT Hashmicro Solusi Indonesia,Git
JOB_0539,backend-developer,web_development,FULL STACK SOFTWARE DEVELOPER,Pengiklan Anonim,Python
JOB_0539,backend-developer,web_development,FULL STACK SOFTWARE DEVELOPER,Pengiklan Anonim,SQL
JOB_0539,backend-developer,web_development,FULL STACK SOFTWARE DEVELOPER,Pengiklan Anonim,JavaScript
JOB_0539,backend-developer,web_development,FULL STACK SOFTWARE DEVELOPER,Pengiklan Anonim,TypeScript
JOB_0539,backend-developer,web_development,FULL STACK SOFTWARE DEVELOPER,Pengiklan Anonim,React.js
JOB_0539,backend-developer,web_development,FULL STACK SOFTWARE DEVELOPER,Pengiklan Anonim,Next.js
JOB_0539,backend-developer,web_development,FULL STACK SOFTWARE DEVELOPER,Pengiklan Anonim,Node.js
JOB_0539,backend-developer,web_development,FULL STACK SOFTWARE DEVELOPER,Pengiklan Anonim,REST API
JOB_0539,backend-developer,web_development,FULL STACK SOFTWARE DEVELOPER,Pengiklan Anonim,Git
JOB_0539,backend-developer,web_development,FULL STACK SOFTWARE DEVELOPER,Pengiklan Anonim,Wireframing
JOB_0539,backend-developer,web_development,FULL STACK SOFTWARE DEVELOPER,Pengiklan Anonim,Prototyping
JOB_0540,backend-developer,web_development,Fullstack Developer,Elitez Pte Ltd,SQL
JOB_0540,backend-developer,web_development,Fullstack Developer,Elitez Pte Ltd,MySQL
JOB_0540,backend-developer,web_development,Fullstack Developer,Elitez Pte Ltd,JavaScript
JOB_0540,backend-developer,web_development,Fullstack Developer,Elitez Pte Ltd,TypeScript
JOB_0540,backend-developer,web_development,Fullstack Developer,Elitez Pte Ltd,React.js
JOB_0540,backend-developer,web_development,Fullstack Developer,Elitez Pte Ltd,Node.js
JOB_0540,backend-developer,web_development,Fullstack Developer,Elitez Pte Ltd,PHP
JOB_0540,backend-developer,web_development,Fullstack Developer,Elitez Pte Ltd,Laravel
JOB_0540,backend-developer,web_development,Fullstack Developer,Elitez Pte Ltd,UI/UX
JOB_0541,backend-developer,web_development,IT Fullstack,PT Trans Indonesia Superkoridor,MySQL
JOB_0541,backend-developer,web_development,IT Fullstack,PT Trans Indonesia Superkoridor,PHP
JOB_0541,backend-developer,web_development,IT Fullstack,PT Trans Indonesia Superkoridor,Linux
JOB_0542,backend-developer,web_development,Flutter / Dart Developer,PT John Galt Properties,JavaScript
JOB_0542,backend-developer,web_development,Flutter / Dart Developer,PT John Galt Properties,TypeScript
JOB_0542,backend-developer,web_development,Flutter / Dart Developer,PT John Galt Properties,Next.js
JOB_0542,backend-developer,web_development,Flutter / Dart Developer,PT John Galt Properties,REST API
JOB_0542,backend-developer,web_development,Flutter / Dart Developer,PT John Galt Properties,CI/CD
JOB_0542,backend-developer,web_development,Flutter / Dart Developer,PT John Galt Properties,Git
JOB_0542,backend-developer,web_development,Flutter / Dart Developer,PT John Galt Properties,Figma
JOB_0543,backend-developer,web_development,Junior Software Engineer,PT Technet Vision Indonesia,Python
JOB_0543,backend-developer,web_development,Junior Software Engineer,PT Technet Vision Indonesia,SQL
JOB_0543,backend-developer,web_development,Junior Software Engineer,PT Technet Vision Indonesia,Machine Learning
JOB_0543,backend-developer,web_development,Junior Software Engineer,PT Technet Vision Indonesia,HTML
JOB_0543,backend-developer,web_development,Junior Software Engineer,PT Technet Vision Indonesia,CSS
JOB_0543,backend-developer,web_development,Junior Software Engineer,PT Technet Vision Indonesia,JavaScript
JOB_0543,backend-developer,web_development,Junior Software Engineer,PT Technet Vision Indonesia,TypeScript
JOB_0543,backend-developer,web_development,Junior Software Engineer,PT Technet Vision Indonesia,React.js
JOB_0543,backend-developer,web_development,Junior Software Engineer,PT Technet Vision Indonesia,Vue.js
JOB_0543,backend-developer,web_development,Junior Software Engineer,PT Technet Vision Indonesia,Angular
JOB_0543,backend-developer,web_development,Junior Software Engineer,PT Technet Vision Indonesia,Node.js
JOB_0543,backend-developer,web_development,Junior Software Engineer,PT Technet Vision Indonesia,Java
JOB_0543,backend-developer,web_development,Junior Software Engineer,PT Technet Vision Indonesia,Ruby
JOB_0543,backend-developer,web_development,Junior Software Engineer,PT Technet Vision Indonesia,REST API
JOB_0543,backend-developer,web_development,Junior Software Engineer,PT Technet Vision Indonesia,Docker
JOB_0543,backend-developer,web_development,Junior Software Engineer,PT Technet Vision Indonesia,Kubernetes
JOB_0543,backend-developer,web_development,Junior Software Engineer,PT Technet Vision Indonesia,AWS
JOB_0543,backend-developer,web_development,Junior Software Engineer,PT Technet Vision Indonesia,GCP
JOB_0543,backend-developer,web_development,Junior Software Engineer,PT Technet Vision Indonesia,CI/CD
JOB_0543,backend-developer,web_development,Junior Software Engineer,PT Technet Vision Indonesia,Git
JOB_0543,backend-developer,web_development,Junior Software Engineer,PT Technet Vision Indonesia,Agile/Scrum
JOB_0544,backend-developer,web_development,Frontend ASP.NET Blazor,PT BANGUNPERKASA  ADHITAMASENTRA,Machine Learning
JOB_0544,backend-developer,web_development,Frontend ASP.NET Blazor,PT BANGUNPERKASA  ADHITAMASENTRA,HTML
JOB_0544,backend-developer,web_development,Frontend ASP.NET Blazor,PT BANGUNPERKASA  ADHITAMASENTRA,CSS
JOB_0544,backend-developer,web_development,Frontend ASP.NET Blazor,PT BANGUNPERKASA  ADHITAMASENTRA,TypeScript
JOB_0544,backend-developer,web_development,Frontend ASP.NET Blazor,PT BANGUNPERKASA  ADHITAMASENTRA,Bootstrap
JOB_0544,backend-developer,web_development,Frontend ASP.NET Blazor,PT BANGUNPERKASA  ADHITAMASENTRA,REST API
JOB_0544,backend-developer,web_development,Frontend ASP.NET Blazor,PT BANGUNPERKASA  ADHITAMASENTRA,Git
JOB_0544,backend-developer,web_development,Frontend ASP.NET Blazor,PT BANGUNPERKASA  ADHITAMASENTRA,Figma
JOB_0544,backend-developer,web_development,Frontend ASP.NET Blazor,PT BANGUNPERKASA  ADHITAMASENTRA,UI/UX
JOB_0544,backend-developer,web_development,Frontend ASP.NET Blazor,PT BANGUNPERKASA  ADHITAMASENTRA,Wireframing
JOB_0544,backend-developer,web_development,Frontend ASP.NET Blazor,PT BANGUNPERKASA  ADHITAMASENTRA,Problem Solving
JOB_0545,backend-developer,web_development,Web Trading Developer,PT Micro Piranti Computer,SQL
JOB_0545,backend-developer,web_development,Web Trading Developer,PT Micro Piranti Computer,PostgreSQL
JOB_0545,backend-developer,web_development,Web Trading Developer,PT Micro Piranti Computer,MySQL
JOB_0545,backend-developer,web_development,Web Trading Developer,PT Micro Piranti Computer,Machine Learning
JOB_0545,backend-developer,web_development,Web Trading Developer,PT Micro Piranti Computer,HTML
JOB_0545,backend-developer,web_development,Web Trading Developer,PT Micro Piranti Computer,CSS
JOB_0545,backend-developer,web_development,Web Trading Developer,PT Micro Piranti Computer,JavaScript
JOB_0545,backend-developer,web_development,Web Trading Developer,PT Micro Piranti Computer,REST API
JOB_0545,backend-developer,web_development,Web Trading Developer,PT Micro Piranti Computer,Git
JOB_0546,backend-developer,web_development,Junior Software Developer,PT Intramega Global,SQL
JOB_0546,backend-developer,web_development,Junior Software Developer,PT Intramega Global,TypeScript
JOB_0546,backend-developer,web_development,Junior Software Developer,PT Intramega Global,Java
JOB_0546,backend-developer,web_development,Junior Software Developer,PT Intramega Global,REST API
JOB_0547,backend-developer,web_development,IT Programmer,PT Nusantara Pelabuhan Handal Tbk,SQL
JOB_0547,backend-developer,web_development,IT Programmer,PT Nusantara Pelabuhan Handal Tbk,MySQL
JOB_0547,backend-developer,web_development,IT Programmer,PT Nusantara Pelabuhan Handal Tbk,TypeScript
JOB_0547,backend-developer,web_development,IT Programmer,PT Nusantara Pelabuhan Handal Tbk,PHP
JOB_0547,backend-developer,web_development,IT Programmer,PT Nusantara Pelabuhan Handal Tbk,Laravel
JOB_0548,backend-developer,web_development,Frontend Developer,PT Centria Integrity Advisory,CSS
JOB_0548,backend-developer,web_development,Frontend Developer,PT Centria Integrity Advisory,JavaScript
JOB_0548,backend-developer,web_development,Frontend Developer,PT Centria Integrity Advisory,TypeScript
JOB_0548,backend-developer,web_development,Frontend Developer,PT Centria Integrity Advisory,React.js
JOB_0548,backend-developer,web_development,Frontend Developer,PT Centria Integrity Advisory,Tailwind CSS
JOB_0548,backend-developer,web_development,Frontend Developer,PT Centria Integrity Advisory,Docker
JOB_0548,backend-developer,web_development,Frontend Developer,PT Centria Integrity Advisory,Git
JOB_0549,backend-developer,web_development,IT Programmer,MOMIASI OFFICIAL,PostgreSQL
JOB_0549,backend-developer,web_development,IT Programmer,MOMIASI OFFICIAL,MySQL
JOB_0549,backend-developer,web_development,IT Programmer,MOMIASI OFFICIAL,HTML
JOB_0549,backend-developer,web_development,IT Programmer,MOMIASI OFFICIAL,CSS
JOB_0549,backend-developer,web_development,IT Programmer,MOMIASI OFFICIAL,JavaScript
JOB_0549,backend-developer,web_development,IT Programmer,MOMIASI OFFICIAL,Laravel
JOB_0549,backend-developer,web_development,IT Programmer,MOMIASI OFFICIAL,REST API
JOB_0549,backend-developer,web_development,IT Programmer,MOMIASI OFFICIAL,UI/UX
JOB_0550,backend-developer,web_development,Full Stack Developer,PT KARYA TEKHNIK UTAMA,Python
JOB_0550,backend-developer,web_development,Full Stack Developer,PT KARYA TEKHNIK UTAMA,SQL
JOB_0550,backend-developer,web_development,Full Stack Developer,PT KARYA TEKHNIK UTAMA,PostgreSQL
JOB_0550,backend-developer,web_development,Full Stack Developer,PT KARYA TEKHNIK UTAMA,MySQL
JOB_0550,backend-developer,web_development,Full Stack Developer,PT KARYA TEKHNIK UTAMA,MongoDB
JOB_0550,backend-developer,web_development,Full Stack Developer,PT KARYA TEKHNIK UTAMA,JavaScript
JOB_0550,backend-developer,web_development,Full Stack Developer,PT KARYA TEKHNIK UTAMA,React.js
JOB_0550,backend-developer,web_development,Full Stack Developer,PT KARYA TEKHNIK UTAMA,React Native
JOB_0550,backend-developer,web_development,Full Stack Developer,PT KARYA TEKHNIK UTAMA,Next.js
JOB_0550,backend-developer,web_development,Full Stack Developer,PT KARYA TEKHNIK UTAMA,Vue.js
JOB_0550,backend-developer,web_development,Full Stack Developer,PT KARYA TEKHNIK UTAMA,Angular
JOB_0550,backend-developer,web_development,Full Stack Developer,PT KARYA TEKHNIK UTAMA,Node.js
JOB_0550,backend-developer,web_development,Full Stack Developer,PT KARYA TEKHNIK UTAMA,PHP
JOB_0550,backend-developer,web_development,Full Stack Developer,PT KARYA TEKHNIK UTAMA,Golang
JOB_0550,backend-developer,web_development,Full Stack Developer,PT KARYA TEKHNIK UTAMA,Java
JOB_0550,backend-developer,web_development,Full Stack Developer,PT KARYA TEKHNIK UTAMA,Laravel
JOB_0550,backend-developer,web_development,Full Stack Developer,PT KARYA TEKHNIK UTAMA,Spring Boot
JOB_0550,backend-developer,web_development,Full Stack Developer,PT KARYA TEKHNIK UTAMA,REST API
JOB_0550,backend-developer,web_development,Full Stack Developer,PT KARYA TEKHNIK UTAMA,Docker
JOB_0550,backend-developer,web_development,Full Stack Developer,PT KARYA TEKHNIK UTAMA,CI/CD
JOB_0550,backend-developer,web_development,Full Stack Developer,PT KARYA TEKHNIK UTAMA,Git
JOB_0550,backend-developer,web_development,Full Stack Developer,PT KARYA TEKHNIK UTAMA,Microservices
JOB_0550,backend-developer,web_development,Full Stack Developer,PT KARYA TEKHNIK UTAMA,Problem Solving
JOB_0552,backend-developer,web_development,Web Developer,PT Petrolink Services Indonesia,Excel
JOB_0552,backend-developer,web_development,Web Developer,PT Petrolink Services Indonesia,Machine Learning
JOB_0552,backend-developer,web_development,Web Developer,PT Petrolink Services Indonesia,HTML
JOB_0552,backend-developer,web_development,Web Developer,PT Petrolink Services Indonesia,CSS
JOB_0552,backend-developer,web_development,Web Developer,PT Petrolink Services Indonesia,JavaScript
JOB_0552,backend-developer,web_development,Web Developer,PT Petrolink Services Indonesia,TypeScript
JOB_0552,backend-developer,web_development,Web Developer,PT Petrolink Services Indonesia,React.js
JOB_0552,backend-developer,web_development,Web Developer,PT Petrolink Services Indonesia,Next.js
JOB_0552,backend-developer,web_development,Web Developer,PT Petrolink Services Indonesia,Angular
JOB_0552,backend-developer,web_development,Web Developer,PT Petrolink Services Indonesia,Agile/Scrum
JOB_0553,backend-developer,web_development,Information Technology (Programmer),PT Kitoshindo International Biotech,SQL
JOB_0553,backend-developer,web_development,Information Technology (Programmer),PT Kitoshindo International Biotech,Excel
JOB_0553,backend-developer,web_development,Information Technology (Programmer),PT Kitoshindo International Biotech,CSS
JOB_0553,backend-developer,web_development,Information Technology (Programmer),PT Kitoshindo International Biotech,JavaScript
JOB_0553,backend-developer,web_development,Information Technology (Programmer),PT Kitoshindo International Biotech,PHP
JOB_0554,backend-developer,web_development,AI-Native Fullstack Developer,PT. Superbrands International,SQL
JOB_0554,backend-developer,web_development,AI-Native Fullstack Developer,PT. Superbrands International,JavaScript
JOB_0554,backend-developer,web_development,AI-Native Fullstack Developer,PT. Superbrands International,TypeScript
JOB_0554,backend-developer,web_development,AI-Native Fullstack Developer,PT. Superbrands International,React.js
JOB_0554,backend-developer,web_development,AI-Native Fullstack Developer,PT. Superbrands International,Next.js
JOB_0554,backend-developer,web_development,AI-Native Fullstack Developer,PT. Superbrands International,REST API
JOB_0554,backend-developer,web_development,AI-Native Fullstack Developer,PT. Superbrands International,Docker
JOB_0554,backend-developer,web_development,AI-Native Fullstack Developer,PT. Superbrands International,CI/CD
JOB_0554,backend-developer,web_development,AI-Native Fullstack Developer,PT. Superbrands International,Git
JOB_0555,backend-developer,web_development,Software Developer,Pengiklan Anonim,Python
JOB_0555,backend-developer,web_development,Software Developer,Pengiklan Anonim,PostgreSQL
JOB_0555,backend-developer,web_development,Software Developer,Pengiklan Anonim,MySQL
JOB_0555,backend-developer,web_development,Software Developer,Pengiklan Anonim,MongoDB
JOB_0555,backend-developer,web_development,Software Developer,Pengiklan Anonim,Machine Learning
JOB_0555,backend-developer,web_development,Software Developer,Pengiklan Anonim,HTML
JOB_0555,backend-developer,web_development,Software Developer,Pengiklan Anonim,CSS
JOB_0555,backend-developer,web_development,Software Developer,Pengiklan Anonim,JavaScript
JOB_0555,backend-developer,web_development,Software Developer,Pengiklan Anonim,TypeScript
JOB_0555,backend-developer,web_development,Software Developer,Pengiklan Anonim,React.js
JOB_0555,backend-developer,web_development,Software Developer,Pengiklan Anonim,React Native
JOB_0555,backend-developer,web_development,Software Developer,Pengiklan Anonim,Next.js
JOB_0555,backend-developer,web_development,Software Developer,Pengiklan Anonim,Vue.js
JOB_0555,backend-developer,web_development,Software Developer,Pengiklan Anonim,Angular
JOB_0555,backend-developer,web_development,Software Developer,Pengiklan Anonim,Tailwind CSS
JOB_0555,backend-developer,web_development,Software Developer,Pengiklan Anonim,Bootstrap
JOB_0555,backend-developer,web_development,Software Developer,Pengiklan Anonim,Node.js
JOB_0555,backend-developer,web_development,Software Developer,Pengiklan Anonim,PHP
JOB_0555,backend-developer,web_development,Software Developer,Pengiklan Anonim,Golang
JOB_0555,backend-developer,web_development,Software Developer,Pengiklan Anonim,Java
JOB_0555,backend-developer,web_development,Software Developer,Pengiklan Anonim,Laravel
JOB_0555,backend-developer,web_development,Software Developer,Pengiklan Anonim,REST API
JOB_0555,backend-developer,web_development,Software Developer,Pengiklan Anonim,Git
JOB_0555,backend-developer,web_development,Software Developer,Pengiklan Anonim,Figma
JOB_0555,backend-developer,web_development,Software Developer,Pengiklan Anonim,UI/UX
JOB_0555,backend-developer,web_development,Software Developer,Pengiklan Anonim,Problem Solving
JOB_0556,backend-developer,web_development,IT Programmer,PT. Indo Pack Printing,SQL
JOB_0556,backend-developer,web_development,IT Programmer,PT. Indo Pack Printing,PHP
JOB_0557,backend-developer,web_development,Sr. Frontend Developer (Web + Native UIs),"PT. Trimegah Sekuritas Indonesia, Tbk",Excel
JOB_0557,backend-developer,web_development,Sr. Frontend Developer (Web + Native UIs),"PT. Trimegah Sekuritas Indonesia, Tbk",HTML
JOB_0557,backend-developer,web_development,Sr. Frontend Developer (Web + Native UIs),"PT. Trimegah Sekuritas Indonesia, Tbk",CSS
JOB_0557,backend-developer,web_development,Sr. Frontend Developer (Web + Native UIs),"PT. Trimegah Sekuritas Indonesia, Tbk",JavaScript
JOB_0557,backend-developer,web_development,Sr. Frontend Developer (Web + Native UIs),"PT. Trimegah Sekuritas Indonesia, Tbk",TypeScript
JOB_0557,backend-developer,web_development,Sr. Frontend Developer (Web + Native UIs),"PT. Trimegah Sekuritas Indonesia, Tbk",React.js
JOB_0557,backend-developer,web_development,Sr. Frontend Developer (Web + Native UIs),"PT. Trimegah Sekuritas Indonesia, Tbk",Vue.js
JOB_0557,backend-developer,web_development,Sr. Frontend Developer (Web + Native UIs),"PT. Trimegah Sekuritas Indonesia, Tbk",Tailwind CSS
JOB_0557,backend-developer,web_development,Sr. Frontend Developer (Web + Native UIs),"PT. Trimegah Sekuritas Indonesia, Tbk",Bootstrap
JOB_0557,backend-developer,web_development,Sr. Frontend Developer (Web + Native UIs),"PT. Trimegah Sekuritas Indonesia, Tbk",Java
JOB_0557,backend-developer,web_development,Sr. Frontend Developer (Web + Native UIs),"PT. Trimegah Sekuritas Indonesia, Tbk",REST API
JOB_0557,backend-developer,web_development,Sr. Frontend Developer (Web + Native UIs),"PT. Trimegah Sekuritas Indonesia, Tbk",Docker
JOB_0557,backend-developer,web_development,Sr. Frontend Developer (Web + Native UIs),"PT. Trimegah Sekuritas Indonesia, Tbk",Kubernetes
JOB_0557,backend-developer,web_development,Sr. Frontend Developer (Web + Native UIs),"PT. Trimegah Sekuritas Indonesia, Tbk",Git
JOB_0557,backend-developer,web_development,Sr. Frontend Developer (Web + Native UIs),"PT. Trimegah Sekuritas Indonesia, Tbk",UI/UX
JOB_0557,backend-developer,web_development,Sr. Frontend Developer (Web + Native UIs),"PT. Trimegah Sekuritas Indonesia, Tbk",Wireframing
JOB_0558,backend-developer,web_development,Programmer,PT. Lestari Mulia Sentosa,Python
JOB_0558,backend-developer,web_development,Programmer,PT. Lestari Mulia Sentosa,MySQL
JOB_0558,backend-developer,web_development,Programmer,PT. Lestari Mulia Sentosa,PHP
JOB_0558,backend-developer,web_development,Programmer,PT. Lestari Mulia Sentosa,Laravel
JOB_0560,backend-developer,web_development,UI/UX Engineer,PT IT Group Indonesia,JavaScript
JOB_0560,backend-developer,web_development,UI/UX Engineer,PT IT Group Indonesia,Bootstrap
JOB_0560,backend-developer,web_development,UI/UX Engineer,PT IT Group Indonesia,Docker
JOB_0560,backend-developer,web_development,UI/UX Engineer,PT IT Group Indonesia,Kubernetes
JOB_0560,backend-developer,web_development,UI/UX Engineer,PT IT Group Indonesia,Git
JOB_0560,backend-developer,web_development,UI/UX Engineer,PT IT Group Indonesia,Figma
JOB_0560,backend-developer,web_development,UI/UX Engineer,PT IT Group Indonesia,UI/UX
JOB_0561,backend-developer,web_development,Freelance Fullstack Engineer,PT Solusi Prima Packaging,SQL
JOB_0561,backend-developer,web_development,Freelance Fullstack Engineer,PT Solusi Prima Packaging,TypeScript
JOB_0561,backend-developer,web_development,Freelance Fullstack Engineer,PT Solusi Prima Packaging,React.js
JOB_0561,backend-developer,web_development,Freelance Fullstack Engineer,PT Solusi Prima Packaging,Git
JOB_0562,backend-developer,web_development,FULL STACK DEVELOPER STAFF,PT Asuransi Jiwa Syariah Al Amin,PostgreSQL
JOB_0562,backend-developer,web_development,FULL STACK DEVELOPER STAFF,PT Asuransi Jiwa Syariah Al Amin,MySQL
JOB_0562,backend-developer,web_development,FULL STACK DEVELOPER STAFF,PT Asuransi Jiwa Syariah Al Amin,CSS
JOB_0562,backend-developer,web_development,FULL STACK DEVELOPER STAFF,PT Asuransi Jiwa Syariah Al Amin,JavaScript
JOB_0562,backend-developer,web_development,FULL STACK DEVELOPER STAFF,PT Asuransi Jiwa Syariah Al Amin,React.js
JOB_0562,backend-developer,web_development,FULL STACK DEVELOPER STAFF,PT Asuransi Jiwa Syariah Al Amin,Vue.js
JOB_0562,backend-developer,web_development,FULL STACK DEVELOPER STAFF,PT Asuransi Jiwa Syariah Al Amin,Tailwind CSS
JOB_0562,backend-developer,web_development,FULL STACK DEVELOPER STAFF,PT Asuransi Jiwa Syariah Al Amin,Bootstrap
JOB_0562,backend-developer,web_development,FULL STACK DEVELOPER STAFF,PT Asuransi Jiwa Syariah Al Amin,Node.js
JOB_0562,backend-developer,web_development,FULL STACK DEVELOPER STAFF,PT Asuransi Jiwa Syariah Al Amin,PHP
JOB_0562,backend-developer,web_development,FULL STACK DEVELOPER STAFF,PT Asuransi Jiwa Syariah Al Amin,Golang
JOB_0562,backend-developer,web_development,FULL STACK DEVELOPER STAFF,PT Asuransi Jiwa Syariah Al Amin,Laravel
JOB_0562,backend-developer,web_development,FULL STACK DEVELOPER STAFF,PT Asuransi Jiwa Syariah Al Amin,REST API
JOB_0562,backend-developer,web_development,FULL STACK DEVELOPER STAFF,PT Asuransi Jiwa Syariah Al Amin,Docker
JOB_0562,backend-developer,web_development,FULL STACK DEVELOPER STAFF,PT Asuransi Jiwa Syariah Al Amin,CI/CD
JOB_0562,backend-developer,web_development,FULL STACK DEVELOPER STAFF,PT Asuransi Jiwa Syariah Al Amin,Git
JOB_0562,backend-developer,web_development,FULL STACK DEVELOPER STAFF,PT Asuransi Jiwa Syariah Al Amin,Linux
JOB_0563,backend-developer,web_development,IT Developer,PT Mitra Transaksi Indonesia,SQL
JOB_0563,backend-developer,web_development,IT Developer,PT Mitra Transaksi Indonesia,Machine Learning
JOB_0563,backend-developer,web_development,IT Developer,PT Mitra Transaksi Indonesia,JavaScript
JOB_0563,backend-developer,web_development,IT Developer,PT Mitra Transaksi Indonesia,TypeScript
JOB_0563,backend-developer,web_development,IT Developer,PT Mitra Transaksi Indonesia,Java
JOB_0564,backend-developer,web_development,PHP Developer,Askarasoft,MySQL
JOB_0564,backend-developer,web_development,PHP Developer,Askarasoft,Excel
JOB_0564,backend-developer,web_development,PHP Developer,Askarasoft,JavaScript
JOB_0564,backend-developer,web_development,PHP Developer,Askarasoft,TypeScript
JOB_0564,backend-developer,web_development,PHP Developer,Askarasoft,PHP
JOB_0564,backend-developer,web_development,PHP Developer,Askarasoft,Problem Solving
JOB_0565,backend-developer,web_development,.Net Developer (Full Stack),PT Kamoro Maxima Integra,SQL
JOB_0565,backend-developer,web_development,.Net Developer (Full Stack),PT Kamoro Maxima Integra,MySQL
JOB_0565,backend-developer,web_development,.Net Developer (Full Stack),PT Kamoro Maxima Integra,MongoDB
JOB_0565,backend-developer,web_development,.Net Developer (Full Stack),PT Kamoro Maxima Integra,Machine Learning
JOB_0565,backend-developer,web_development,.Net Developer (Full Stack),PT Kamoro Maxima Integra,HTML
JOB_0565,backend-developer,web_development,.Net Developer (Full Stack),PT Kamoro Maxima Integra,CSS
JOB_0565,backend-developer,web_development,.Net Developer (Full Stack),PT Kamoro Maxima Integra,JavaScript
JOB_0565,backend-developer,web_development,.Net Developer (Full Stack),PT Kamoro Maxima Integra,TypeScript
JOB_0565,backend-developer,web_development,.Net Developer (Full Stack),PT Kamoro Maxima Integra,REST API
JOB_0565,backend-developer,web_development,.Net Developer (Full Stack),PT Kamoro Maxima Integra,Azure
JOB_0565,backend-developer,web_development,.Net Developer (Full Stack),PT Kamoro Maxima Integra,Agile/Scrum
JOB_0566,backend-developer,web_development,Senior Software Engineer,Kawan Lama Group,PostgreSQL
JOB_0566,backend-developer,web_development,Senior Software Engineer,Kawan Lama Group,MySQL
JOB_0566,backend-developer,web_development,Senior Software Engineer,Kawan Lama Group,Machine Learning
JOB_0566,backend-developer,web_development,Senior Software Engineer,Kawan Lama Group,HTML
JOB_0566,backend-developer,web_development,Senior Software Engineer,Kawan Lama Group,CSS
JOB_0566,backend-developer,web_development,Senior Software Engineer,Kawan Lama Group,JavaScript
JOB_0566,backend-developer,web_development,Senior Software Engineer,Kawan Lama Group,React.js
JOB_0566,backend-developer,web_development,Senior Software Engineer,Kawan Lama Group,Vue.js
JOB_0566,backend-developer,web_development,Senior Software Engineer,Kawan Lama Group,Ruby
JOB_0566,backend-developer,web_development,Senior Software Engineer,Kawan Lama Group,REST API
JOB_0566,backend-developer,web_development,Senior Software Engineer,Kawan Lama Group,Docker
JOB_0566,backend-developer,web_development,Senior Software Engineer,Kawan Lama Group,AWS
JOB_0566,backend-developer,web_development,Senior Software Engineer,Kawan Lama Group,GCP
JOB_0566,backend-developer,web_development,Senior Software Engineer,Kawan Lama Group,Azure
JOB_0566,backend-developer,web_development,Senior Software Engineer,Kawan Lama Group,CI/CD
JOB_0566,backend-developer,web_development,Senior Software Engineer,Kawan Lama Group,Git
JOB_0566,backend-developer,web_development,Senior Software Engineer,Kawan Lama Group,Microservices
JOB_0566,backend-developer,web_development,Senior Software Engineer,Kawan Lama Group,Agile/Scrum
JOB_0567,backend-developer,web_development,Web Developer (PHP / Laravel),Kop. Nusantara,SQL
JOB_0567,backend-developer,web_development,Web Developer (PHP / Laravel),Kop. Nusantara,PostgreSQL
JOB_0567,backend-developer,web_development,Web Developer (PHP / Laravel),Kop. Nusantara,MySQL
JOB_0567,backend-developer,web_development,Web Developer (PHP / Laravel),Kop. Nusantara,HTML
JOB_0567,backend-developer,web_development,Web Developer (PHP / Laravel),Kop. Nusantara,CSS
JOB_0567,backend-developer,web_development,Web Developer (PHP / Laravel),Kop. Nusantara,JavaScript
JOB_0567,backend-developer,web_development,Web Developer (PHP / Laravel),Kop. Nusantara,TypeScript
JOB_0567,backend-developer,web_development,Web Developer (PHP / Laravel),Kop. Nusantara,React.js
JOB_0567,backend-developer,web_development,Web Developer (PHP / Laravel),Kop. Nusantara,Next.js
JOB_0567,backend-developer,web_development,Web Developer (PHP / Laravel),Kop. Nusantara,Vue.js
JOB_0567,backend-developer,web_development,Web Developer (PHP / Laravel),Kop. Nusantara,PHP
JOB_0567,backend-developer,web_development,Web Developer (PHP / Laravel),Kop. Nusantara,Laravel
JOB_0567,backend-developer,web_development,Web Developer (PHP / Laravel),Kop. Nusantara,REST API
JOB_0567,backend-developer,web_development,Web Developer (PHP / Laravel),Kop. Nusantara,Docker
JOB_0567,backend-developer,web_development,Web Developer (PHP / Laravel),Kop. Nusantara,CI/CD
JOB_0567,backend-developer,web_development,Web Developer (PHP / Laravel),Kop. Nusantara,Git
JOB_0567,backend-developer,web_development,Web Developer (PHP / Laravel),Kop. Nusantara,Linux
JOB_0567,backend-developer,web_development,Web Developer (PHP / Laravel),Kop. Nusantara,Microservices
JOB_0568,backend-developer,web_development,Corporate HRIS Programmer,PT Wahana Duta Jaya Rucika,Python
JOB_0568,backend-developer,web_development,Corporate HRIS Programmer,PT Wahana Duta Jaya Rucika,SQL
JOB_0568,backend-developer,web_development,Corporate HRIS Programmer,PT Wahana Duta Jaya Rucika,MySQL
JOB_0568,backend-developer,web_development,Corporate HRIS Programmer,PT Wahana Duta Jaya Rucika,Excel
JOB_0568,backend-developer,web_development,Corporate HRIS Programmer,PT Wahana Duta Jaya Rucika,JavaScript
JOB_0568,backend-developer,web_development,Corporate HRIS Programmer,PT Wahana Duta Jaya Rucika,TypeScript
JOB_0568,backend-developer,web_development,Corporate HRIS Programmer,PT Wahana Duta Jaya Rucika,React.js
JOB_0568,backend-developer,web_development,Corporate HRIS Programmer,PT Wahana Duta Jaya Rucika,Vue.js
JOB_0568,backend-developer,web_development,Corporate HRIS Programmer,PT Wahana Duta Jaya Rucika,Node.js
JOB_0568,backend-developer,web_development,Corporate HRIS Programmer,PT Wahana Duta Jaya Rucika,PHP
JOB_0568,backend-developer,web_development,Corporate HRIS Programmer,PT Wahana Duta Jaya Rucika,REST API
JOB_0569,backend-developer,web_development,IT Application Developer,PT Supra Boga Lestari Tbk,Python
JOB_0569,backend-developer,web_development,IT Application Developer,PT Supra Boga Lestari Tbk,SQL
JOB_0569,backend-developer,web_development,IT Application Developer,PT Supra Boga Lestari Tbk,PostgreSQL
JOB_0569,backend-developer,web_development,IT Application Developer,PT Supra Boga Lestari Tbk,MySQL
JOB_0569,backend-developer,web_development,IT Application Developer,PT Supra Boga Lestari Tbk,MongoDB
JOB_0569,backend-developer,web_development,IT Application Developer,PT Supra Boga Lestari Tbk,Tableau
JOB_0569,backend-developer,web_development,IT Application Developer,PT Supra Boga Lestari Tbk,Power BI
JOB_0569,backend-developer,web_development,IT Application Developer,PT Supra Boga Lestari Tbk,Excel
JOB_0569,backend-developer,web_development,IT Application Developer,PT Supra Boga Lestari Tbk,Data Modeling
JOB_0569,backend-developer,web_development,IT Application Developer,PT Supra Boga Lestari Tbk,ETL
JOB_0569,backend-developer,web_development,IT Application Developer,PT Supra Boga Lestari Tbk,TypeScript
JOB_0569,backend-developer,web_development,IT Application Developer,PT Supra Boga Lestari Tbk,Java
JOB_0570,backend-developer,web_development,Golang Developer,PT Lawencon Internasional,TypeScript
JOB_0570,backend-developer,web_development,Golang Developer,PT Lawencon Internasional,Golang
JOB_0570,backend-developer,web_development,Golang Developer,PT Lawencon Internasional,REST API
JOB_0570,backend-developer,web_development,Golang Developer,PT Lawencon Internasional,Microservices
JOB_0570,backend-developer,web_development,Golang Developer,PT Lawencon Internasional,Agile/Scrum
JOB_0571,backend-developer,web_development,Software Developer,PT Swadharma Duta Data,Python
JOB_0571,backend-developer,web_development,Software Developer,PT Swadharma Duta Data,SQL
JOB_0571,backend-developer,web_development,Software Developer,PT Swadharma Duta Data,PostgreSQL
JOB_0571,backend-developer,web_development,Software Developer,PT Swadharma Duta Data,MongoDB
JOB_0571,backend-developer,web_development,Software Developer,PT Swadharma Duta Data,JavaScript
JOB_0571,backend-developer,web_development,Software Developer,PT Swadharma Duta Data,TypeScript
JOB_0571,backend-developer,web_development,Software Developer,PT Swadharma Duta Data,Next.js
JOB_0571,backend-developer,web_development,Software Developer,PT Swadharma Duta Data,Angular
JOB_0571,backend-developer,web_development,Software Developer,PT Swadharma Duta Data,Node.js
JOB_0571,backend-developer,web_development,Software Developer,PT Swadharma Duta Data,Java
JOB_0571,backend-developer,web_development,Software Developer,PT Swadharma Duta Data,Spring Boot
JOB_0571,backend-developer,web_development,Software Developer,PT Swadharma Duta Data,REST API
JOB_0571,backend-developer,web_development,Software Developer,PT Swadharma Duta Data,Docker
JOB_0571,backend-developer,web_development,Software Developer,PT Swadharma Duta Data,Kubernetes
JOB_0571,backend-developer,web_development,Software Developer,PT Swadharma Duta Data,AWS
JOB_0571,backend-developer,web_development,Software Developer,PT Swadharma Duta Data,CI/CD
JOB_0571,backend-developer,web_development,Software Developer,PT Swadharma Duta Data,Git
JOB_0571,backend-developer,web_development,Software Developer,PT Swadharma Duta Data,Microservices
JOB_0571,backend-developer,web_development,Software Developer,PT Swadharma Duta Data,Agile/Scrum
JOB_0572,backend-developer,web_development,Team Lead Application Developer,PT Sigma Cipta Utama,REST API
JOB_0572,backend-developer,web_development,Team Lead Application Developer,PT Sigma Cipta Utama,Docker
JOB_0572,backend-developer,web_development,Team Lead Application Developer,PT Sigma Cipta Utama,CI/CD
JOB_0572,backend-developer,web_development,Team Lead Application Developer,PT Sigma Cipta Utama,Git
JOB_0572,backend-developer,web_development,Team Lead Application Developer,PT Sigma Cipta Utama,Microservices
JOB_0572,backend-developer,web_development,Team Lead Application Developer,PT Sigma Cipta Utama,UI/UX
JOB_0572,backend-developer,web_development,Team Lead Application Developer,PT Sigma Cipta Utama,Agile/Scrum
JOB_0572,backend-developer,web_development,Team Lead Application Developer,PT Sigma Cipta Utama,Problem Solving
JOB_0573,backend-developer,web_development,IT JAVA Programmer (Senior),PT Hitachi eBworx Indonesia,SQL
JOB_0573,backend-developer,web_development,IT JAVA Programmer (Senior),PT Hitachi eBworx Indonesia,TypeScript
JOB_0573,backend-developer,web_development,IT JAVA Programmer (Senior),PT Hitachi eBworx Indonesia,Java
JOB_0574,backend-developer,web_development,Developer,PT Masmindo Dwi Area,SQL
JOB_0574,backend-developer,web_development,Developer,PT Masmindo Dwi Area,PostgreSQL
JOB_0574,backend-developer,web_development,Developer,PT Masmindo Dwi Area,MySQL
JOB_0574,backend-developer,web_development,Developer,PT Masmindo Dwi Area,TypeScript
JOB_0574,backend-developer,web_development,Developer,PT Masmindo Dwi Area,PHP
JOB_0574,backend-developer,web_development,Developer,PT Masmindo Dwi Area,Java
JOB_0574,backend-developer,web_development,Developer,PT Masmindo Dwi Area,Laravel
JOB_0574,backend-developer,web_development,Developer,PT Masmindo Dwi Area,.NET
JOB_0574,backend-developer,web_development,Developer,PT Masmindo Dwi Area,REST API
JOB_0574,backend-developer,web_development,Developer,PT Masmindo Dwi Area,Cybersecurity
JOB_0575,backend-developer,web_development,Junior Full Stack Developer (Java),PT Lawencon Internasional,JavaScript
JOB_0575,backend-developer,web_development,Junior Full Stack Developer (Java),PT Lawencon Internasional,TypeScript
JOB_0575,backend-developer,web_development,Junior Full Stack Developer (Java),PT Lawencon Internasional,React.js
JOB_0575,backend-developer,web_development,Junior Full Stack Developer (Java),PT Lawencon Internasional,Vue.js
JOB_0575,backend-developer,web_development,Junior Full Stack Developer (Java),PT Lawencon Internasional,Angular
JOB_0575,backend-developer,web_development,Junior Full Stack Developer (Java),PT Lawencon Internasional,Java
JOB_0575,backend-developer,web_development,Junior Full Stack Developer (Java),PT Lawencon Internasional,REST API
JOB_0575,backend-developer,web_development,Junior Full Stack Developer (Java),PT Lawencon Internasional,Agile/Scrum
JOB_0575,backend-developer,web_development,Junior Full Stack Developer (Java),PT Lawencon Internasional,Problem Solving
JOB_0576,backend-developer,web_development,Odoo Developer Intern,PT Foom Lab Global,Python
JOB_0576,backend-developer,web_development,Odoo Developer Intern,PT Foom Lab Global,PostgreSQL
JOB_0576,backend-developer,web_development,Odoo Developer Intern,PT Foom Lab Global,Machine Learning
JOB_0576,backend-developer,web_development,Odoo Developer Intern,PT Foom Lab Global,HTML
JOB_0576,backend-developer,web_development,Odoo Developer Intern,PT Foom Lab Global,CSS
JOB_0576,backend-developer,web_development,Odoo Developer Intern,PT Foom Lab Global,JavaScript
JOB_0576,backend-developer,web_development,Odoo Developer Intern,PT Foom Lab Global,TypeScript
JOB_0576,backend-developer,web_development,Odoo Developer Intern,PT Foom Lab Global,REST API
JOB_0577,backend-developer,web_development,Full Stack Developer,PT Idana Solusi Sejahtera,Python
JOB_0577,backend-developer,web_development,Full Stack Developer,PT Idana Solusi Sejahtera,SQL
JOB_0577,backend-developer,web_development,Full Stack Developer,PT Idana Solusi Sejahtera,PostgreSQL
JOB_0577,backend-developer,web_development,Full Stack Developer,PT Idana Solusi Sejahtera,MySQL
JOB_0577,backend-developer,web_development,Full Stack Developer,PT Idana Solusi Sejahtera,Machine Learning
JOB_0577,backend-developer,web_development,Full Stack Developer,PT Idana Solusi Sejahtera,HTML
JOB_0577,backend-developer,web_development,Full Stack Developer,PT Idana Solusi Sejahtera,CSS
JOB_0577,backend-developer,web_development,Full Stack Developer,PT Idana Solusi Sejahtera,JavaScript
JOB_0577,backend-developer,web_development,Full Stack Developer,PT Idana Solusi Sejahtera,Golang
JOB_0577,backend-developer,web_development,Full Stack Developer,PT Idana Solusi Sejahtera,Docker
JOB_0577,backend-developer,web_development,Full Stack Developer,PT Idana Solusi Sejahtera,Linux
JOB_0578,backend-developer,web_development,Software Engineer,PT Sentra Vidya Utama,PostgreSQL
JOB_0578,backend-developer,web_development,Software Engineer,PT Sentra Vidya Utama,JavaScript
JOB_0578,backend-developer,web_development,Software Engineer,PT Sentra Vidya Utama,TypeScript
JOB_0578,backend-developer,web_development,Software Engineer,PT Sentra Vidya Utama,Vue.js
JOB_0578,backend-developer,web_development,Software Engineer,PT Sentra Vidya Utama,Node.js
JOB_0578,backend-developer,web_development,Software Engineer,PT Sentra Vidya Utama,PHP
JOB_0578,backend-developer,web_development,Software Engineer,PT Sentra Vidya Utama,Laravel
JOB_0578,backend-developer,web_development,Software Engineer,PT Sentra Vidya Utama,REST API
JOB_0578,backend-developer,web_development,Software Engineer,PT Sentra Vidya Utama,Docker
JOB_0578,backend-developer,web_development,Software Engineer,PT Sentra Vidya Utama,Microservices
JOB_0579,backend-developer,web_development,"Senior Software Engineer, Backend",PT Solusi Transportasi Indonesia,PostgreSQL
JOB_0579,backend-developer,web_development,"Senior Software Engineer, Backend",PT Solusi Transportasi Indonesia,MySQL
JOB_0579,backend-developer,web_development,"Senior Software Engineer, Backend",PT Solusi Transportasi Indonesia,Excel
JOB_0579,backend-developer,web_development,"Senior Software Engineer, Backend",PT Solusi Transportasi Indonesia,TypeScript
JOB_0579,backend-developer,web_development,"Senior Software Engineer, Backend",PT Solusi Transportasi Indonesia,Golang
JOB_0579,backend-developer,web_development,"Senior Software Engineer, Backend",PT Solusi Transportasi Indonesia,Java
JOB_0579,backend-developer,web_development,"Senior Software Engineer, Backend",PT Solusi Transportasi Indonesia,AWS
JOB_0579,backend-developer,web_development,"Senior Software Engineer, Backend",PT Solusi Transportasi Indonesia,Git
JOB_0580,backend-developer,web_development,Senior Full Stack Developer,AME Mineral Economics Pty Ltd,HTML
JOB_0580,backend-developer,web_development,Senior Full Stack Developer,AME Mineral Economics Pty Ltd,CSS
JOB_0580,backend-developer,web_development,Senior Full Stack Developer,AME Mineral Economics Pty Ltd,TypeScript
JOB_0580,backend-developer,web_development,Senior Full Stack Developer,AME Mineral Economics Pty Ltd,Angular
JOB_0580,backend-developer,web_development,Senior Full Stack Developer,AME Mineral Economics Pty Ltd,REST API
JOB_0580,backend-developer,web_development,Senior Full Stack Developer,AME Mineral Economics Pty Ltd,CI/CD
JOB_0580,backend-developer,web_development,Senior Full Stack Developer,AME Mineral Economics Pty Ltd,Git
JOB_0580,backend-developer,web_development,Senior Full Stack Developer,AME Mineral Economics Pty Ltd,Agile/Scrum
JOB_0581,backend-developer,web_development,Senior AI Programmer / Architect,"PT Tera Data Indonusa, Tbk",Python
JOB_0581,backend-developer,web_development,Senior AI Programmer / Architect,"PT Tera Data Indonusa, Tbk",JavaScript
JOB_0581,backend-developer,web_development,Senior AI Programmer / Architect,"PT Tera Data Indonusa, Tbk",TypeScript
JOB_0581,backend-developer,web_development,Senior AI Programmer / Architect,"PT Tera Data Indonusa, Tbk",Node.js
JOB_0581,backend-developer,web_development,Senior AI Programmer / Architect,"PT Tera Data Indonusa, Tbk",Golang
JOB_0581,backend-developer,web_development,Senior AI Programmer / Architect,"PT Tera Data Indonusa, Tbk",REST API
JOB_0581,backend-developer,web_development,Senior AI Programmer / Architect,"PT Tera Data Indonusa, Tbk",Docker
JOB_0581,backend-developer,web_development,Senior AI Programmer / Architect,"PT Tera Data Indonusa, Tbk",Kubernetes
JOB_0581,backend-developer,web_development,Senior AI Programmer / Architect,"PT Tera Data Indonusa, Tbk",Microservices
JOB_0582,backend-developer,web_development,Full-Stack & Mobile Developer (AI/ML Skills),Pengiklan Anonim,Python
JOB_0582,backend-developer,web_development,Full-Stack & Mobile Developer (AI/ML Skills),Pengiklan Anonim,MongoDB
JOB_0582,backend-developer,web_development,Full-Stack & Mobile Developer (AI/ML Skills),Pengiklan Anonim,Excel
JOB_0582,backend-developer,web_development,Full-Stack & Mobile Developer (AI/ML Skills),Pengiklan Anonim,Machine Learning
JOB_0582,backend-developer,web_development,Full-Stack & Mobile Developer (AI/ML Skills),Pengiklan Anonim,TensorFlow
JOB_0582,backend-developer,web_development,Full-Stack & Mobile Developer (AI/ML Skills),Pengiklan Anonim,PyTorch
JOB_0582,backend-developer,web_development,Full-Stack & Mobile Developer (AI/ML Skills),Pengiklan Anonim,JavaScript
JOB_0582,backend-developer,web_development,Full-Stack & Mobile Developer (AI/ML Skills),Pengiklan Anonim,TypeScript
JOB_0582,backend-developer,web_development,Full-Stack & Mobile Developer (AI/ML Skills),Pengiklan Anonim,React.js
JOB_0582,backend-developer,web_development,Full-Stack & Mobile Developer (AI/ML Skills),Pengiklan Anonim,Node.js
JOB_0582,backend-developer,web_development,Full-Stack & Mobile Developer (AI/ML Skills),Pengiklan Anonim,PHP
JOB_0582,backend-developer,web_development,Full-Stack & Mobile Developer (AI/ML Skills),Pengiklan Anonim,REST API
JOB_0582,backend-developer,web_development,Full-Stack & Mobile Developer (AI/ML Skills),Pengiklan Anonim,AWS
JOB_0583,backend-developer,web_development,Software Engineer -  Backend,PT Formulatrix Indonesia,Python
JOB_0583,backend-developer,web_development,Software Engineer -  Backend,PT Formulatrix Indonesia,R
JOB_0583,backend-developer,web_development,Software Engineer -  Backend,PT Formulatrix Indonesia,Machine Learning
JOB_0583,backend-developer,web_development,Software Engineer -  Backend,PT Formulatrix Indonesia,TensorFlow
JOB_0583,backend-developer,web_development,Software Engineer -  Backend,PT Formulatrix Indonesia,PyTorch
JOB_0583,backend-developer,web_development,Software Engineer -  Backend,PT Formulatrix Indonesia,JavaScript
JOB_0583,backend-developer,web_development,Software Engineer -  Backend,PT Formulatrix Indonesia,TypeScript
JOB_0583,backend-developer,web_development,Software Engineer -  Backend,PT Formulatrix Indonesia,Java
JOB_0583,backend-developer,web_development,Software Engineer -  Backend,PT Formulatrix Indonesia,Linux
JOB_0584,backend-developer,web_development,Developer,PT Lintas Media Danawa,SQL
JOB_0584,backend-developer,web_development,Developer,PT Lintas Media Danawa,MySQL
JOB_0584,backend-developer,web_development,Developer,PT Lintas Media Danawa,Excel
JOB_0584,backend-developer,web_development,Developer,PT Lintas Media Danawa,TypeScript
JOB_0584,backend-developer,web_development,Developer,PT Lintas Media Danawa,Java
JOB_0584,backend-developer,web_development,Developer,PT Lintas Media Danawa,Spring Boot
JOB_0584,backend-developer,web_development,Developer,PT Lintas Media Danawa,REST API
JOB_0584,backend-developer,web_development,Developer,PT Lintas Media Danawa,AWS
JOB_0584,backend-developer,web_development,Developer,PT Lintas Media Danawa,Microservices
JOB_0584,backend-developer,web_development,Developer,PT Lintas Media Danawa,Problem Solving
JOB_0585,backend-developer,web_development,Senior Software Engineer / Technical Lead - CMMS Platform,Kraanwerks Pte. Ltd.,TypeScript
JOB_0585,backend-developer,web_development,Senior Software Engineer / Technical Lead - CMMS Platform,Kraanwerks Pte. Ltd.,Next.js
JOB_0585,backend-developer,web_development,Senior Software Engineer / Technical Lead - CMMS Platform,Kraanwerks Pte. Ltd.,Golang
JOB_0585,backend-developer,web_development,Senior Software Engineer / Technical Lead - CMMS Platform,Kraanwerks Pte. Ltd.,AWS
JOB_0585,backend-developer,web_development,Senior Software Engineer / Technical Lead - CMMS Platform,Kraanwerks Pte. Ltd.,GCP
JOB_0585,backend-developer,web_development,Senior Software Engineer / Technical Lead - CMMS Platform,Kraanwerks Pte. Ltd.,Azure
JOB_0586,backend-developer,web_development,Intermediate ASP.NET Core Developer,PT Sahassa Panca Manunggal,SQL
JOB_0586,backend-developer,web_development,Intermediate ASP.NET Core Developer,PT Sahassa Panca Manunggal,Machine Learning
JOB_0586,backend-developer,web_development,Intermediate ASP.NET Core Developer,PT Sahassa Panca Manunggal,HTML
JOB_0586,backend-developer,web_development,Intermediate ASP.NET Core Developer,PT Sahassa Panca Manunggal,CSS
JOB_0586,backend-developer,web_development,Intermediate ASP.NET Core Developer,PT Sahassa Panca Manunggal,JavaScript
JOB_0586,backend-developer,web_development,Intermediate ASP.NET Core Developer,PT Sahassa Panca Manunggal,TypeScript
JOB_0586,backend-developer,web_development,Intermediate ASP.NET Core Developer,PT Sahassa Panca Manunggal,Vue.js
JOB_0586,backend-developer,web_development,Intermediate ASP.NET Core Developer,PT Sahassa Panca Manunggal,.NET
JOB_0586,backend-developer,web_development,Intermediate ASP.NET Core Developer,PT Sahassa Panca Manunggal,REST API
JOB_0586,backend-developer,web_development,Intermediate ASP.NET Core Developer,PT Sahassa Panca Manunggal,Git
JOB_0587,backend-developer,web_development,"Senior Software Engineer, Backend",PT Solusi Transportasi Indonesia,SQL
JOB_0587,backend-developer,web_development,"Senior Software Engineer, Backend",PT Solusi Transportasi Indonesia,Excel
JOB_0587,backend-developer,web_development,"Senior Software Engineer, Backend",PT Solusi Transportasi Indonesia,TypeScript
JOB_0587,backend-developer,web_development,"Senior Software Engineer, Backend",PT Solusi Transportasi Indonesia,Golang
JOB_0587,backend-developer,web_development,"Senior Software Engineer, Backend",PT Solusi Transportasi Indonesia,Kubernetes
JOB_0587,backend-developer,web_development,"Senior Software Engineer, Backend",PT Solusi Transportasi Indonesia,Agile/Scrum
JOB_0588,backend-developer,web_development,Staff Backend/Interface Development - R&D Jakarta,PT SUPRANUSA SINDATA,Python
JOB_0588,backend-developer,web_development,Staff Backend/Interface Development - R&D Jakarta,PT SUPRANUSA SINDATA,SQL
JOB_0588,backend-developer,web_development,Staff Backend/Interface Development - R&D Jakarta,PT SUPRANUSA SINDATA,TypeScript
JOB_0588,backend-developer,web_development,Staff Backend/Interface Development - R&D Jakarta,PT SUPRANUSA SINDATA,.NET
JOB_0588,backend-developer,web_development,Staff Backend/Interface Development - R&D Jakarta,PT SUPRANUSA SINDATA,REST API
JOB_0588,backend-developer,web_development,Staff Backend/Interface Development - R&D Jakarta,PT SUPRANUSA SINDATA,Git
JOB_0589,backend-developer,web_development,Java/Full-Stack Developer,PT Triyakom,SQL
JOB_0589,backend-developer,web_development,Java/Full-Stack Developer,PT Triyakom,PostgreSQL
JOB_0589,backend-developer,web_development,Java/Full-Stack Developer,PT Triyakom,Excel
JOB_0589,backend-developer,web_development,Java/Full-Stack Developer,PT Triyakom,JavaScript
JOB_0589,backend-developer,web_development,Java/Full-Stack Developer,PT Triyakom,TypeScript
JOB_0589,backend-developer,web_development,Java/Full-Stack Developer,PT Triyakom,React.js
JOB_0589,backend-developer,web_development,Java/Full-Stack Developer,PT Triyakom,Vue.js
JOB_0589,backend-developer,web_development,Java/Full-Stack Developer,PT Triyakom,Angular
JOB_0589,backend-developer,web_development,Java/Full-Stack Developer,PT Triyakom,Java
JOB_0589,backend-developer,web_development,Java/Full-Stack Developer,PT Triyakom,Spring Boot
JOB_0589,backend-developer,web_development,Java/Full-Stack Developer,PT Triyakom,REST API
JOB_0589,backend-developer,web_development,Java/Full-Stack Developer,PT Triyakom,Docker
JOB_0589,backend-developer,web_development,Java/Full-Stack Developer,PT Triyakom,Kubernetes
JOB_0589,backend-developer,web_development,Java/Full-Stack Developer,PT Triyakom,Git
JOB_0589,backend-developer,web_development,Java/Full-Stack Developer,PT Triyakom,Microservices
JOB_0589,backend-developer,web_development,Java/Full-Stack Developer,PT Triyakom,Agile/Scrum
JOB_0590,backend-developer,web_development,Senior Odoo Developer (Technical),PT Nisson Indonesia,Python
JOB_0590,backend-developer,web_development,Senior Odoo Developer (Technical),PT Nisson Indonesia,PostgreSQL
JOB_0590,backend-developer,web_development,Senior Odoo Developer (Technical),PT Nisson Indonesia,Machine Learning
JOB_0590,backend-developer,web_development,Senior Odoo Developer (Technical),PT Nisson Indonesia,HTML
JOB_0590,backend-developer,web_development,Senior Odoo Developer (Technical),PT Nisson Indonesia,CSS
JOB_0590,backend-developer,web_development,Senior Odoo Developer (Technical),PT Nisson Indonesia,JavaScript
JOB_0590,backend-developer,web_development,Senior Odoo Developer (Technical),PT Nisson Indonesia,TypeScript
JOB_0591,backend-developer,web_development,"Senior Software Engineer, Backend",PT Solusi Transportasi Indonesia,Python
JOB_0591,backend-developer,web_development,"Senior Software Engineer, Backend",PT Solusi Transportasi Indonesia,PostgreSQL
JOB_0591,backend-developer,web_development,"Senior Software Engineer, Backend",PT Solusi Transportasi Indonesia,MySQL
JOB_0591,backend-developer,web_development,"Senior Software Engineer, Backend",PT Solusi Transportasi Indonesia,Excel
JOB_0591,backend-developer,web_development,"Senior Software Engineer, Backend",PT Solusi Transportasi Indonesia,TypeScript
JOB_0591,backend-developer,web_development,"Senior Software Engineer, Backend",PT Solusi Transportasi Indonesia,Golang
JOB_0591,backend-developer,web_development,"Senior Software Engineer, Backend",PT Solusi Transportasi Indonesia,Java
JOB_0591,backend-developer,web_development,"Senior Software Engineer, Backend",PT Solusi Transportasi Indonesia,Kubernetes
JOB_0591,backend-developer,web_development,"Senior Software Engineer, Backend",PT Solusi Transportasi Indonesia,AWS
JOB_0591,backend-developer,web_development,"Senior Software Engineer, Backend",PT Solusi Transportasi Indonesia,GCP
JOB_0591,backend-developer,web_development,"Senior Software Engineer, Backend",PT Solusi Transportasi Indonesia,Azure
JOB_0591,backend-developer,web_development,"Senior Software Engineer, Backend",PT Solusi Transportasi Indonesia,CI/CD
JOB_0591,backend-developer,web_development,"Senior Software Engineer, Backend",PT Solusi Transportasi Indonesia,Microservices
JOB_0592,backend-developer,web_development,IT JAVA Programmer (Junior),PT Hitachi eBworx Indonesia,SQL
JOB_0592,backend-developer,web_development,IT JAVA Programmer (Junior),PT Hitachi eBworx Indonesia,TypeScript
JOB_0592,backend-developer,web_development,IT JAVA Programmer (Junior),PT Hitachi eBworx Indonesia,Java
JOB_0593,backend-developer,web_development,Tech Lead Ruby on Rails,Luce Maintenance Group,PostgreSQL
JOB_0593,backend-developer,web_development,Tech Lead Ruby on Rails,Luce Maintenance Group,Excel
JOB_0593,backend-developer,web_development,Tech Lead Ruby on Rails,Luce Maintenance Group,TypeScript
JOB_0593,backend-developer,web_development,Tech Lead Ruby on Rails,Luce Maintenance Group,React.js
JOB_0593,backend-developer,web_development,Tech Lead Ruby on Rails,Luce Maintenance Group,Ruby
JOB_0593,backend-developer,web_development,Tech Lead Ruby on Rails,Luce Maintenance Group,GraphQL
JOB_0593,backend-developer,web_development,Tech Lead Ruby on Rails,Luce Maintenance Group,Docker
JOB_0593,backend-developer,web_development,Tech Lead Ruby on Rails,Luce Maintenance Group,Kubernetes
JOB_0593,backend-developer,web_development,Tech Lead Ruby on Rails,Luce Maintenance Group,CI/CD
JOB_0593,backend-developer,web_development,Tech Lead Ruby on Rails,Luce Maintenance Group,Git
JOB_0594,backend-developer,web_development,DevOps,PT. MONARCH INTI TEKNOLOGI,Python
JOB_0594,backend-developer,web_development,DevOps,PT. MONARCH INTI TEKNOLOGI,PostgreSQL
JOB_0594,backend-developer,web_development,DevOps,PT. MONARCH INTI TEKNOLOGI,MySQL
JOB_0594,backend-developer,web_development,DevOps,PT. MONARCH INTI TEKNOLOGI,TypeScript
JOB_0594,backend-developer,web_development,DevOps,PT. MONARCH INTI TEKNOLOGI,Golang
JOB_0594,backend-developer,web_development,DevOps,PT. MONARCH INTI TEKNOLOGI,Docker
JOB_0594,backend-developer,web_development,DevOps,PT. MONARCH INTI TEKNOLOGI,Kubernetes
JOB_0594,backend-developer,web_development,DevOps,PT. MONARCH INTI TEKNOLOGI,AWS
JOB_0594,backend-developer,web_development,DevOps,PT. MONARCH INTI TEKNOLOGI,GCP
JOB_0594,backend-developer,web_development,DevOps,PT. MONARCH INTI TEKNOLOGI,Azure
JOB_0594,backend-developer,web_development,DevOps,PT. MONARCH INTI TEKNOLOGI,CI/CD
JOB_0594,backend-developer,web_development,DevOps,PT. MONARCH INTI TEKNOLOGI,Git
JOB_0595,backend-developer,web_development,IOS Developer,PT GLOBAL LOYALTY INDONESIA,TypeScript
JOB_0595,backend-developer,web_development,IOS Developer,PT GLOBAL LOYALTY INDONESIA,Git
JOB_0595,backend-developer,web_development,IOS Developer,PT GLOBAL LOYALTY INDONESIA,UI/UX
JOB_0595,backend-developer,web_development,IOS Developer,PT GLOBAL LOYALTY INDONESIA,Problem Solving
JOB_0596,backend-developer,web_development,C# Developer,PT Petrolink Services Indonesia,SQL
JOB_0596,backend-developer,web_development,C# Developer,PT Petrolink Services Indonesia,PostgreSQL
JOB_0596,backend-developer,web_development,C# Developer,PT Petrolink Services Indonesia,Spark
JOB_0596,backend-developer,web_development,C# Developer,PT Petrolink Services Indonesia,HTML
JOB_0596,backend-developer,web_development,C# Developer,PT Petrolink Services Indonesia,JavaScript
JOB_0596,backend-developer,web_development,C# Developer,PT Petrolink Services Indonesia,TypeScript
JOB_0596,backend-developer,web_development,C# Developer,PT Petrolink Services Indonesia,Next.js
JOB_0596,backend-developer,web_development,C# Developer,PT Petrolink Services Indonesia,Angular
JOB_0596,backend-developer,web_development,C# Developer,PT Petrolink Services Indonesia,Node.js
JOB_0596,backend-developer,web_development,C# Developer,PT Petrolink Services Indonesia,.NET
JOB_0596,backend-developer,web_development,C# Developer,PT Petrolink Services Indonesia,REST API
JOB_0596,backend-developer,web_development,C# Developer,PT Petrolink Services Indonesia,CI/CD
JOB_0596,backend-developer,web_development,C# Developer,PT Petrolink Services Indonesia,Agile/Scrum
JOB_0597,backend-developer,web_development,Senior Programmer ( Kota Makassar),Universitas Ciputra Surabaya,MySQL
JOB_0597,backend-developer,web_development,Senior Programmer ( Kota Makassar),Universitas Ciputra Surabaya,HTML
JOB_0597,backend-developer,web_development,Senior Programmer ( Kota Makassar),Universitas Ciputra Surabaya,CSS
JOB_0597,backend-developer,web_development,Senior Programmer ( Kota Makassar),Universitas Ciputra Surabaya,PHP
JOB_0598,backend-developer,web_development,Avaloq Developer – Defect Resolution / Application Support,G2 Comtech Asia Pte Ltd,SQL
JOB_0598,backend-developer,web_development,Avaloq Developer – Defect Resolution / Application Support,G2 Comtech Asia Pte Ltd,TypeScript
JOB_0598,backend-developer,web_development,Avaloq Developer – Defect Resolution / Application Support,G2 Comtech Asia Pte Ltd,Golang
JOB_0599,backend-developer,web_development,Junior Software Developer,PT Sahabat Laut Lestari,SQL
JOB_0599,backend-developer,web_development,Junior Software Developer,PT Sahabat Laut Lestari,PostgreSQL
JOB_0599,backend-developer,web_development,Junior Software Developer,PT Sahabat Laut Lestari,MySQL
JOB_0599,backend-developer,web_development,Junior Software Developer,PT Sahabat Laut Lestari,REST API
JOB_0599,backend-developer,web_development,Junior Software Developer,PT Sahabat Laut Lestari,Git
JOB_0600,backend-developer,web_development,Software Engineer in Test - Insurance,PT Solusi Transportasi Indonesia,PostgreSQL
JOB_0600,backend-developer,web_development,Software Engineer in Test - Insurance,PT Solusi Transportasi Indonesia,MySQL
JOB_0600,backend-developer,web_development,Software Engineer in Test - Insurance,PT Solusi Transportasi Indonesia,Excel
JOB_0600,backend-developer,web_development,Software Engineer in Test - Insurance,PT Solusi Transportasi Indonesia,JavaScript
JOB_0600,backend-developer,web_development,Software Engineer in Test - Insurance,PT Solusi Transportasi Indonesia,TypeScript
JOB_0600,backend-developer,web_development,Software Engineer in Test - Insurance,PT Solusi Transportasi Indonesia,Node.js
JOB_0600,backend-developer,web_development,Software Engineer in Test - Insurance,PT Solusi Transportasi Indonesia,Golang
JOB_0600,backend-developer,web_development,Software Engineer in Test - Insurance,PT Solusi Transportasi Indonesia,Java
JOB_0600,backend-developer,web_development,Software Engineer in Test - Insurance,PT Solusi Transportasi Indonesia,Git
JOB_0600,backend-developer,web_development,Software Engineer in Test - Insurance,PT Solusi Transportasi Indonesia,Microservices
JOB_0601,backend-developer,web_development,Head of Software Solutions,Yayasan Bina Nusantara,JavaScript
JOB_0601,backend-developer,web_development,Head of Software Solutions,Yayasan Bina Nusantara,TypeScript
JOB_0601,backend-developer,web_development,Head of Software Solutions,Yayasan Bina Nusantara,React.js
JOB_0602,backend-developer,web_development,Software Engineer,Geonet Property & Finance Group,Python
JOB_0602,backend-developer,web_development,Software Engineer,Geonet Property & Finance Group,SQL
JOB_0602,backend-developer,web_development,Software Engineer,Geonet Property & Finance Group,JavaScript
JOB_0602,backend-developer,web_development,Software Engineer,Geonet Property & Finance Group,TypeScript
JOB_0602,backend-developer,web_development,Software Engineer,Geonet Property & Finance Group,React.js
JOB_0602,backend-developer,web_development,Software Engineer,Geonet Property & Finance Group,Node.js
JOB_0602,backend-developer,web_development,Software Engineer,Geonet Property & Finance Group,PHP
JOB_0602,backend-developer,web_development,Software Engineer,Geonet Property & Finance Group,Laravel
JOB_0602,backend-developer,web_development,Software Engineer,Geonet Property & Finance Group,AWS
JOB_0602,backend-developer,web_development,Software Engineer,Geonet Property & Finance Group,GCP
JOB_0602,backend-developer,web_development,Software Engineer,Geonet Property & Finance Group,Git
JOB_0602,backend-developer,web_development,Software Engineer,Geonet Property & Finance Group,UI/UX
JOB_0603,backend-developer,web_development,Java Developer,PT Karisma Zona Kreatifku,PostgreSQL
JOB_0603,backend-developer,web_development,Java Developer,PT Karisma Zona Kreatifku,Excel
JOB_0603,backend-developer,web_development,Java Developer,PT Karisma Zona Kreatifku,TypeScript
JOB_0603,backend-developer,web_development,Java Developer,PT Karisma Zona Kreatifku,React.js
JOB_0603,backend-developer,web_development,Java Developer,PT Karisma Zona Kreatifku,Bootstrap
JOB_0603,backend-developer,web_development,Java Developer,PT Karisma Zona Kreatifku,Java
JOB_0603,backend-developer,web_development,Java Developer,PT Karisma Zona Kreatifku,Spring Boot
JOB_0603,backend-developer,web_development,Java Developer,PT Karisma Zona Kreatifku,AWS
JOB_0603,backend-developer,web_development,Java Developer,PT Karisma Zona Kreatifku,UI/UX
JOB_0605,backend-developer,web_development,Java Developer,"PT. Metrodata Electronics, Tbk",Excel
JOB_0605,backend-developer,web_development,Java Developer,"PT. Metrodata Electronics, Tbk",TypeScript
JOB_0605,backend-developer,web_development,Java Developer,"PT. Metrodata Electronics, Tbk",Java
JOB_0605,backend-developer,web_development,Java Developer,"PT. Metrodata Electronics, Tbk",REST API
JOB_0605,backend-developer,web_development,Java Developer,"PT. Metrodata Electronics, Tbk",UI/UX
JOB_0605,backend-developer,web_development,Java Developer,"PT. Metrodata Electronics, Tbk",Problem Solving
JOB_0606,backend-developer,web_development,"Engineering Manager, Backend - Consumer Experience",PT Solusi Transportasi Indonesia,PostgreSQL
JOB_0606,backend-developer,web_development,"Engineering Manager, Backend - Consumer Experience",PT Solusi Transportasi Indonesia,MySQL
JOB_0606,backend-developer,web_development,"Engineering Manager, Backend - Consumer Experience",PT Solusi Transportasi Indonesia,Excel
JOB_0606,backend-developer,web_development,"Engineering Manager, Backend - Consumer Experience",PT Solusi Transportasi Indonesia,TypeScript
JOB_0606,backend-developer,web_development,"Engineering Manager, Backend - Consumer Experience",PT Solusi Transportasi Indonesia,AWS
JOB_0606,backend-developer,web_development,"Engineering Manager, Backend - Consumer Experience",PT Solusi Transportasi Indonesia,GCP
JOB_0606,backend-developer,web_development,"Engineering Manager, Backend - Consumer Experience",PT Solusi Transportasi Indonesia,Azure
JOB_0606,backend-developer,web_development,"Engineering Manager, Backend - Consumer Experience",PT Solusi Transportasi Indonesia,CI/CD
JOB_0606,backend-developer,web_development,"Engineering Manager, Backend - Consumer Experience",PT Solusi Transportasi Indonesia,Git
JOB_0607,backend-developer,web_development,JAVA Developer Expert (IT Audit & Regulatory Compliance),PT Sejahtera Sama Kita,SQL
JOB_0607,backend-developer,web_development,JAVA Developer Expert (IT Audit & Regulatory Compliance),PT Sejahtera Sama Kita,R
JOB_0607,backend-developer,web_development,JAVA Developer Expert (IT Audit & Regulatory Compliance),PT Sejahtera Sama Kita,TypeScript
JOB_0607,backend-developer,web_development,JAVA Developer Expert (IT Audit & Regulatory Compliance),PT Sejahtera Sama Kita,Java
JOB_0607,backend-developer,web_development,JAVA Developer Expert (IT Audit & Regulatory Compliance),PT Sejahtera Sama Kita,Microservices
JOB_0607,backend-developer,web_development,JAVA Developer Expert (IT Audit & Regulatory Compliance),PT Sejahtera Sama Kita,Cybersecurity
JOB_0608,backend-developer,web_development,"Full Stack Developer (Node.js, React.js, SQL, AWS)",PT Kencana Jaya Kreasi Lestari,SQL
JOB_0608,backend-developer,web_development,"Full Stack Developer (Node.js, React.js, SQL, AWS)",PT Kencana Jaya Kreasi Lestari,PostgreSQL
JOB_0608,backend-developer,web_development,"Full Stack Developer (Node.js, React.js, SQL, AWS)",PT Kencana Jaya Kreasi Lestari,MySQL
JOB_0608,backend-developer,web_development,"Full Stack Developer (Node.js, React.js, SQL, AWS)",PT Kencana Jaya Kreasi Lestari,MongoDB
JOB_0608,backend-developer,web_development,"Full Stack Developer (Node.js, React.js, SQL, AWS)",PT Kencana Jaya Kreasi Lestari,JavaScript
JOB_0608,backend-developer,web_development,"Full Stack Developer (Node.js, React.js, SQL, AWS)",PT Kencana Jaya Kreasi Lestari,TypeScript
JOB_0608,backend-developer,web_development,"Full Stack Developer (Node.js, React.js, SQL, AWS)",PT Kencana Jaya Kreasi Lestari,React.js
JOB_0608,backend-developer,web_development,"Full Stack Developer (Node.js, React.js, SQL, AWS)",PT Kencana Jaya Kreasi Lestari,Node.js
JOB_0608,backend-developer,web_development,"Full Stack Developer (Node.js, React.js, SQL, AWS)",PT Kencana Jaya Kreasi Lestari,REST API
JOB_0608,backend-developer,web_development,"Full Stack Developer (Node.js, React.js, SQL, AWS)",PT Kencana Jaya Kreasi Lestari,GraphQL
JOB_0608,backend-developer,web_development,"Full Stack Developer (Node.js, React.js, SQL, AWS)",PT Kencana Jaya Kreasi Lestari,AWS
JOB_0608,backend-developer,web_development,"Full Stack Developer (Node.js, React.js, SQL, AWS)",PT Kencana Jaya Kreasi Lestari,CI/CD
JOB_0608,backend-developer,web_development,"Full Stack Developer (Node.js, React.js, SQL, AWS)",PT Kencana Jaya Kreasi Lestari,Git
JOB_0608,backend-developer,web_development,"Full Stack Developer (Node.js, React.js, SQL, AWS)",PT Kencana Jaya Kreasi Lestari,Microservices
JOB_0608,backend-developer,web_development,"Full Stack Developer (Node.js, React.js, SQL, AWS)",PT Kencana Jaya Kreasi Lestari,UI/UX
JOB_0608,backend-developer,web_development,"Full Stack Developer (Node.js, React.js, SQL, AWS)",PT Kencana Jaya Kreasi Lestari,Agile/Scrum
JOB_0609,backend-developer,web_development,PROGRAMMER,PT. PLANA NETWORKS INDONESIA,TypeScript
JOB_0609,backend-developer,web_development,PROGRAMMER,PT. PLANA NETWORKS INDONESIA,Java
JOB_0610,backend-developer,web_development,FULL STACK DEVELOPER (WEB APLIKASI),PT. AMORA WALET INDONESIA,Python
JOB_0610,backend-developer,web_development,FULL STACK DEVELOPER (WEB APLIKASI),PT. AMORA WALET INDONESIA,PostgreSQL
JOB_0610,backend-developer,web_development,FULL STACK DEVELOPER (WEB APLIKASI),PT. AMORA WALET INDONESIA,MySQL
JOB_0610,backend-developer,web_development,FULL STACK DEVELOPER (WEB APLIKASI),PT. AMORA WALET INDONESIA,MongoDB
JOB_0610,backend-developer,web_development,FULL STACK DEVELOPER (WEB APLIKASI),PT. AMORA WALET INDONESIA,Machine Learning
JOB_0610,backend-developer,web_development,FULL STACK DEVELOPER (WEB APLIKASI),PT. AMORA WALET INDONESIA,HTML
JOB_0610,backend-developer,web_development,FULL STACK DEVELOPER (WEB APLIKASI),PT. AMORA WALET INDONESIA,CSS
JOB_0610,backend-developer,web_development,FULL STACK DEVELOPER (WEB APLIKASI),PT. AMORA WALET INDONESIA,JavaScript
JOB_0610,backend-developer,web_development,FULL STACK DEVELOPER (WEB APLIKASI),PT. AMORA WALET INDONESIA,React.js
JOB_0610,backend-developer,web_development,FULL STACK DEVELOPER (WEB APLIKASI),PT. AMORA WALET INDONESIA,Vue.js
JOB_0610,backend-developer,web_development,FULL STACK DEVELOPER (WEB APLIKASI),PT. AMORA WALET INDONESIA,Angular
JOB_0610,backend-developer,web_development,FULL STACK DEVELOPER (WEB APLIKASI),PT. AMORA WALET INDONESIA,Node.js
JOB_0610,backend-developer,web_development,FULL STACK DEVELOPER (WEB APLIKASI),PT. AMORA WALET INDONESIA,PHP
JOB_0610,backend-developer,web_development,FULL STACK DEVELOPER (WEB APLIKASI),PT. AMORA WALET INDONESIA,REST API
JOB_0610,backend-developer,web_development,FULL STACK DEVELOPER (WEB APLIKASI),PT. AMORA WALET INDONESIA,AWS
JOB_0610,backend-developer,web_development,FULL STACK DEVELOPER (WEB APLIKASI),PT. AMORA WALET INDONESIA,GCP
JOB_0610,backend-developer,web_development,FULL STACK DEVELOPER (WEB APLIKASI),PT. AMORA WALET INDONESIA,CI/CD
JOB_0610,backend-developer,web_development,FULL STACK DEVELOPER (WEB APLIKASI),PT. AMORA WALET INDONESIA,Git
JOB_0610,backend-developer,web_development,FULL STACK DEVELOPER (WEB APLIKASI),PT. AMORA WALET INDONESIA,Problem Solving
JOB_0611,backend-developer,web_development,"Lead Engineer, AI Agents & Backend Platforms",PT Solusi Transportasi Indonesia,Excel
JOB_0611,backend-developer,web_development,"Lead Engineer, AI Agents & Backend Platforms",PT Solusi Transportasi Indonesia,TypeScript
JOB_0611,backend-developer,web_development,"Lead Engineer, AI Agents & Backend Platforms",PT Solusi Transportasi Indonesia,Golang
JOB_0611,backend-developer,web_development,"Lead Engineer, AI Agents & Backend Platforms",PT Solusi Transportasi Indonesia,REST API
JOB_0611,backend-developer,web_development,"Lead Engineer, AI Agents & Backend Platforms",PT Solusi Transportasi Indonesia,CI/CD
JOB_0611,backend-developer,web_development,"Lead Engineer, AI Agents & Backend Platforms",PT Solusi Transportasi Indonesia,Microservices
JOB_0612,backend-developer,web_development,Programmer,PT. Ken Solusindo,Python
JOB_0612,backend-developer,web_development,Programmer,PT. Ken Solusindo,SQL
JOB_0612,backend-developer,web_development,Programmer,PT. Ken Solusindo,PostgreSQL
JOB_0612,backend-developer,web_development,Programmer,PT. Ken Solusindo,MySQL
JOB_0612,backend-developer,web_development,Programmer,PT. Ken Solusindo,MongoDB
JOB_0612,backend-developer,web_development,Programmer,PT. Ken Solusindo,Excel
JOB_0612,backend-developer,web_development,Programmer,PT. Ken Solusindo,JavaScript
JOB_0612,backend-developer,web_development,Programmer,PT. Ken Solusindo,TypeScript
JOB_0612,backend-developer,web_development,Programmer,PT. Ken Solusindo,PHP
JOB_0612,backend-developer,web_development,Programmer,PT. Ken Solusindo,Golang
JOB_0613,backend-developer,web_development,Java Spring Boot Developer,PT Hare Business Consulting,PostgreSQL
JOB_0613,backend-developer,web_development,Java Spring Boot Developer,PT Hare Business Consulting,TypeScript
JOB_0613,backend-developer,web_development,Java Spring Boot Developer,PT Hare Business Consulting,Java
JOB_0613,backend-developer,web_development,Java Spring Boot Developer,PT Hare Business Consulting,Spring Boot
JOB_0613,backend-developer,web_development,Java Spring Boot Developer,PT Hare Business Consulting,REST API
JOB_0613,backend-developer,web_development,Java Spring Boot Developer,PT Hare Business Consulting,Git
JOB_0613,backend-developer,web_development,Java Spring Boot Developer,PT Hare Business Consulting,UI/UX
JOB_0613,backend-developer,web_development,Java Spring Boot Developer,PT Hare Business Consulting,Agile/Scrum
JOB_0615,backend-developer,web_development,Full Stack Developer,PT IDStar Cipta Teknologi,PostgreSQL
JOB_0615,backend-developer,web_development,Full Stack Developer,PT IDStar Cipta Teknologi,JavaScript
JOB_0615,backend-developer,web_development,Full Stack Developer,PT IDStar Cipta Teknologi,TypeScript
JOB_0615,backend-developer,web_development,Full Stack Developer,PT IDStar Cipta Teknologi,React.js
JOB_0615,backend-developer,web_development,Full Stack Developer,PT IDStar Cipta Teknologi,Golang
JOB_0615,backend-developer,web_development,Full Stack Developer,PT IDStar Cipta Teknologi,Java
JOB_0615,backend-developer,web_development,Full Stack Developer,PT IDStar Cipta Teknologi,Spring Boot
JOB_0615,backend-developer,web_development,Full Stack Developer,PT IDStar Cipta Teknologi,REST API
JOB_0615,backend-developer,web_development,Full Stack Developer,PT IDStar Cipta Teknologi,Docker
JOB_0615,backend-developer,web_development,Full Stack Developer,PT IDStar Cipta Teknologi,Kubernetes
JOB_0615,backend-developer,web_development,Full Stack Developer,PT IDStar Cipta Teknologi,AWS
JOB_0615,backend-developer,web_development,Full Stack Developer,PT IDStar Cipta Teknologi,Git
JOB_0615,backend-developer,web_development,Full Stack Developer,PT IDStar Cipta Teknologi,Figma
JOB_0615,backend-developer,web_development,Full Stack Developer,PT IDStar Cipta Teknologi,UI/UX
JOB_0616,backend-developer,web_development,Full Stack Developer (Nuxt.js & Laravel),PT Eigerindo Multi Produk Industri,PostgreSQL
JOB_0616,backend-developer,web_development,Full Stack Developer (Nuxt.js & Laravel),PT Eigerindo Multi Produk Industri,MySQL
JOB_0616,backend-developer,web_development,Full Stack Developer (Nuxt.js & Laravel),PT Eigerindo Multi Produk Industri,JavaScript
JOB_0616,backend-developer,web_development,Full Stack Developer (Nuxt.js & Laravel),PT Eigerindo Multi Produk Industri,TypeScript
JOB_0616,backend-developer,web_development,Full Stack Developer (Nuxt.js & Laravel),PT Eigerindo Multi Produk Industri,Laravel
JOB_0616,backend-developer,web_development,Full Stack Developer (Nuxt.js & Laravel),PT Eigerindo Multi Produk Industri,REST API
JOB_0616,backend-developer,web_development,Full Stack Developer (Nuxt.js & Laravel),PT Eigerindo Multi Produk Industri,Git
JOB_0617,backend-developer,web_development,Frontend Developer,PT Abhimata Persada,CSS
JOB_0617,backend-developer,web_development,Frontend Developer,PT Abhimata Persada,JavaScript
JOB_0617,backend-developer,web_development,Frontend Developer,PT Abhimata Persada,TypeScript
JOB_0617,backend-developer,web_development,Frontend Developer,PT Abhimata Persada,React.js
JOB_0617,backend-developer,web_development,Frontend Developer,PT Abhimata Persada,Next.js
JOB_0617,backend-developer,web_development,Frontend Developer,PT Abhimata Persada,Vue.js
JOB_0617,backend-developer,web_development,Frontend Developer,PT Abhimata Persada,Angular
JOB_0617,backend-developer,web_development,Frontend Developer,PT Abhimata Persada,Tailwind CSS
JOB_0617,backend-developer,web_development,Frontend Developer,PT Abhimata Persada,Git
JOB_0617,backend-developer,web_development,Frontend Developer,PT Abhimata Persada,UI/UX
JOB_0617,backend-developer,web_development,Frontend Developer,PT Abhimata Persada,Agile/Scrum
JOB_0618,backend-developer,web_development,Epicor Developer,PT Lyman Investindo,SQL
JOB_0618,backend-developer,web_development,Epicor Developer,PT Lyman Investindo,TypeScript
JOB_0618,backend-developer,web_development,Epicor Developer,PT Lyman Investindo,REST API
JOB_0618,backend-developer,web_development,Epicor Developer,PT Lyman Investindo,Linux
JOB_0619,backend-developer,web_development,Senior Odoo Developer,PT IDStar Cipta Teknologi,Python
JOB_0619,backend-developer,web_development,Senior Odoo Developer,PT IDStar Cipta Teknologi,PostgreSQL
JOB_0619,backend-developer,web_development,Senior Odoo Developer,PT IDStar Cipta Teknologi,Machine Learning
JOB_0619,backend-developer,web_development,Senior Odoo Developer,PT IDStar Cipta Teknologi,HTML
JOB_0619,backend-developer,web_development,Senior Odoo Developer,PT IDStar Cipta Teknologi,CSS
JOB_0619,backend-developer,web_development,Senior Odoo Developer,PT IDStar Cipta Teknologi,JavaScript
JOB_0619,backend-developer,web_development,Senior Odoo Developer,PT IDStar Cipta Teknologi,TypeScript
JOB_0620,backend-developer,web_development,Lead Developer (Python),PT Hashmicro Solusi Indonesia,Python
JOB_0620,backend-developer,web_development,Lead Developer (Python),PT Hashmicro Solusi Indonesia,PostgreSQL
JOB_0620,backend-developer,web_development,Lead Developer (Python),PT Hashmicro Solusi Indonesia,MySQL
JOB_0620,backend-developer,web_development,Lead Developer (Python),PT Hashmicro Solusi Indonesia,JavaScript
JOB_0620,backend-developer,web_development,Lead Developer (Python),PT Hashmicro Solusi Indonesia,TypeScript
JOB_0620,backend-developer,web_development,Lead Developer (Python),PT Hashmicro Solusi Indonesia,Vue.js
JOB_0620,backend-developer,web_development,Lead Developer (Python),PT Hashmicro Solusi Indonesia,Node.js
JOB_0620,backend-developer,web_development,Lead Developer (Python),PT Hashmicro Solusi Indonesia,Golang
JOB_0620,backend-developer,web_development,Lead Developer (Python),PT Hashmicro Solusi Indonesia,Django
JOB_0620,backend-developer,web_development,Lead Developer (Python),PT Hashmicro Solusi Indonesia,REST API
JOB_0621,backend-developer,web_development,AI – AUGMENTED FULLSTACK DEVELOPER,"PT Jasnita Telekomindo, Tbk",PostgreSQL
JOB_0621,backend-developer,web_development,AI – AUGMENTED FULLSTACK DEVELOPER,"PT Jasnita Telekomindo, Tbk",MySQL
JOB_0621,backend-developer,web_development,AI – AUGMENTED FULLSTACK DEVELOPER,"PT Jasnita Telekomindo, Tbk",PHP
JOB_0621,backend-developer,web_development,AI – AUGMENTED FULLSTACK DEVELOPER,"PT Jasnita Telekomindo, Tbk",REST API
JOB_0621,backend-developer,web_development,AI – AUGMENTED FULLSTACK DEVELOPER,"PT Jasnita Telekomindo, Tbk",Git
JOB_0622,backend-developer,web_development,Software Engineer (Japanese Speaker),PT Trust Recruit Indonesia,SQL
JOB_0622,backend-developer,web_development,Software Engineer (Japanese Speaker),PT Trust Recruit Indonesia,Excel
JOB_0622,backend-developer,web_development,Software Engineer (Japanese Speaker),PT Trust Recruit Indonesia,TypeScript
JOB_0622,backend-developer,web_development,Software Engineer (Japanese Speaker),PT Trust Recruit Indonesia,Java
JOB_0622,backend-developer,web_development,Software Engineer (Japanese Speaker),PT Trust Recruit Indonesia,.NET
JOB_0622,backend-developer,web_development,Software Engineer (Japanese Speaker),PT Trust Recruit Indonesia,Linux
JOB_0624,backend-developer,web_development,IT Mandarin–Indonesian Translator,PT Sangkuriang Internasional,TypeScript
JOB_0625,backend-developer,web_development,Python Developer - Django (Experienced),PT Hashmicro Solusi Indonesia,Python
JOB_0625,backend-developer,web_development,Python Developer - Django (Experienced),PT Hashmicro Solusi Indonesia,PostgreSQL
JOB_0625,backend-developer,web_development,Python Developer - Django (Experienced),PT Hashmicro Solusi Indonesia,Excel
JOB_0625,backend-developer,web_development,Python Developer - Django (Experienced),PT Hashmicro Solusi Indonesia,TypeScript
JOB_0625,backend-developer,web_development,Python Developer - Django (Experienced),PT Hashmicro Solusi Indonesia,Golang
JOB_0625,backend-developer,web_development,Python Developer - Django (Experienced),PT Hashmicro Solusi Indonesia,Django
JOB_0625,backend-developer,web_development,Python Developer - Django (Experienced),PT Hashmicro Solusi Indonesia,REST API
JOB_0625,backend-developer,web_development,Python Developer - Django (Experienced),PT Hashmicro Solusi Indonesia,Microservices
JOB_0626,backend-developer,web_development,Frontend Developer,PT Gogomedia Visindo,Machine Learning
JOB_0626,backend-developer,web_development,Frontend Developer,PT Gogomedia Visindo,HTML
JOB_0626,backend-developer,web_development,Frontend Developer,PT Gogomedia Visindo,CSS
JOB_0626,backend-developer,web_development,Frontend Developer,PT Gogomedia Visindo,JavaScript
JOB_0626,backend-developer,web_development,Frontend Developer,PT Gogomedia Visindo,TypeScript
JOB_0626,backend-developer,web_development,Frontend Developer,PT Gogomedia Visindo,React.js
JOB_0626,backend-developer,web_development,Frontend Developer,PT Gogomedia Visindo,React Native
JOB_0626,backend-developer,web_development,Frontend Developer,PT Gogomedia Visindo,REST API
JOB_0626,backend-developer,web_development,Frontend Developer,PT Gogomedia Visindo,Git
JOB_0626,backend-developer,web_development,Frontend Developer,PT Gogomedia Visindo,UI/UX
JOB_0627,backend-developer,web_development,Java Developer - WFO - Jakarta (ID: 571237),PT PERSOL RECRUITMENT INDONESIA,TypeScript
JOB_0627,backend-developer,web_development,Java Developer - WFO - Jakarta (ID: 571237),PT PERSOL RECRUITMENT INDONESIA,Java
JOB_0628,backend-developer,web_development,Senior Backend Engineer,PT Panin Sekuritas Tbk,PostgreSQL
JOB_0628,backend-developer,web_development,Senior Backend Engineer,PT Panin Sekuritas Tbk,Golang
JOB_0628,backend-developer,web_development,Senior Backend Engineer,PT Panin Sekuritas Tbk,Java
JOB_0629,backend-developer,web_development,Developer Full Stack,PT Pesonna Indonesia Jaya,Python
JOB_0629,backend-developer,web_development,Developer Full Stack,PT Pesonna Indonesia Jaya,PostgreSQL
JOB_0629,backend-developer,web_development,Developer Full Stack,PT Pesonna Indonesia Jaya,MySQL
JOB_0629,backend-developer,web_development,Developer Full Stack,PT Pesonna Indonesia Jaya,Machine Learning
JOB_0629,backend-developer,web_development,Developer Full Stack,PT Pesonna Indonesia Jaya,HTML
JOB_0629,backend-developer,web_development,Developer Full Stack,PT Pesonna Indonesia Jaya,CSS
JOB_0629,backend-developer,web_development,Developer Full Stack,PT Pesonna Indonesia Jaya,JavaScript
JOB_0629,backend-developer,web_development,Developer Full Stack,PT Pesonna Indonesia Jaya,Vue.js
JOB_0629,backend-developer,web_development,Developer Full Stack,PT Pesonna Indonesia Jaya,Angular
JOB_0629,backend-developer,web_development,Developer Full Stack,PT Pesonna Indonesia Jaya,Node.js
JOB_0629,backend-developer,web_development,Developer Full Stack,PT Pesonna Indonesia Jaya,PHP
JOB_0629,backend-developer,web_development,Developer Full Stack,PT Pesonna Indonesia Jaya,Golang
JOB_0629,backend-developer,web_development,Developer Full Stack,PT Pesonna Indonesia Jaya,Java
JOB_0629,backend-developer,web_development,Developer Full Stack,PT Pesonna Indonesia Jaya,REST API
JOB_0629,backend-developer,web_development,Developer Full Stack,PT Pesonna Indonesia Jaya,Microservices
JOB_0629,backend-developer,web_development,Developer Full Stack,PT Pesonna Indonesia Jaya,Problem Solving
JOB_0630,backend-developer,web_development,Ads Back-end Operation Specialist,PT Trust Recruit Indonesia,TypeScript
JOB_0631,backend-developer,web_development,Senior Backend Engineer (Application),PT Panin Sekuritas Tbk,SQL
JOB_0631,backend-developer,web_development,Senior Backend Engineer (Application),PT Panin Sekuritas Tbk,Golang
JOB_0631,backend-developer,web_development,Senior Backend Engineer (Application),PT Panin Sekuritas Tbk,Java
JOB_0632,backend-developer,web_development,Fullstack Developer (.Net),PT Karisma Zona Kreatifku,SQL
JOB_0632,backend-developer,web_development,Fullstack Developer (.Net),PT Karisma Zona Kreatifku,TypeScript
JOB_0632,backend-developer,web_development,Fullstack Developer (.Net),PT Karisma Zona Kreatifku,React.js
JOB_0632,backend-developer,web_development,Fullstack Developer (.Net),PT Karisma Zona Kreatifku,Angular
JOB_0632,backend-developer,web_development,Fullstack Developer (.Net),PT Karisma Zona Kreatifku,REST API
JOB_0632,backend-developer,web_development,Fullstack Developer (.Net),PT Karisma Zona Kreatifku,AWS
JOB_0632,backend-developer,web_development,Fullstack Developer (.Net),PT Karisma Zona Kreatifku,UI/UX
JOB_0632,backend-developer,web_development,Fullstack Developer (.Net),PT Karisma Zona Kreatifku,Problem Solving
JOB_0633,backend-developer,web_development,Senior .NET Full Stack Engineer (English Speaker),PT Artha Solutions Indonesia,Python
JOB_0633,backend-developer,web_development,Senior .NET Full Stack Engineer (English Speaker),PT Artha Solutions Indonesia,SQL
JOB_0633,backend-developer,web_development,Senior .NET Full Stack Engineer (English Speaker),PT Artha Solutions Indonesia,MongoDB
JOB_0633,backend-developer,web_development,Senior .NET Full Stack Engineer (English Speaker),PT Artha Solutions Indonesia,Excel
JOB_0633,backend-developer,web_development,Senior .NET Full Stack Engineer (English Speaker),PT Artha Solutions Indonesia,TypeScript
JOB_0633,backend-developer,web_development,Senior .NET Full Stack Engineer (English Speaker),PT Artha Solutions Indonesia,React.js
JOB_0633,backend-developer,web_development,Senior .NET Full Stack Engineer (English Speaker),PT Artha Solutions Indonesia,Angular
JOB_0633,backend-developer,web_development,Senior .NET Full Stack Engineer (English Speaker),PT Artha Solutions Indonesia,.NET
JOB_0633,backend-developer,web_development,Senior .NET Full Stack Engineer (English Speaker),PT Artha Solutions Indonesia,REST API
JOB_0633,backend-developer,web_development,Senior .NET Full Stack Engineer (English Speaker),PT Artha Solutions Indonesia,Azure
JOB_0633,backend-developer,web_development,Senior .NET Full Stack Engineer (English Speaker),PT Artha Solutions Indonesia,CI/CD
JOB_0633,backend-developer,web_development,Senior .NET Full Stack Engineer (English Speaker),PT Artha Solutions Indonesia,Agile/Scrum
JOB_0634,backend-developer,web_development,WordPress Leader,PT DORAN SUKSES INDONESIA (JETE INDONESIA),MySQL
JOB_0634,backend-developer,web_development,WordPress Leader,PT DORAN SUKSES INDONESIA (JETE INDONESIA),HTML
JOB_0634,backend-developer,web_development,WordPress Leader,PT DORAN SUKSES INDONESIA (JETE INDONESIA),CSS
JOB_0634,backend-developer,web_development,WordPress Leader,PT DORAN SUKSES INDONESIA (JETE INDONESIA),JavaScript
JOB_0634,backend-developer,web_development,WordPress Leader,PT DORAN SUKSES INDONESIA (JETE INDONESIA),PHP
JOB_0634,backend-developer,web_development,WordPress Leader,PT DORAN SUKSES INDONESIA (JETE INDONESIA),REST API
JOB_0634,backend-developer,web_development,WordPress Leader,PT DORAN SUKSES INDONESIA (JETE INDONESIA),Git
JOB_0634,backend-developer,web_development,WordPress Leader,PT DORAN SUKSES INDONESIA (JETE INDONESIA),UI/UX
JOB_0634,backend-developer,web_development,WordPress Leader,PT DORAN SUKSES INDONESIA (JETE INDONESIA),Problem Solving
JOB_0635,backend-developer,web_development,Java Developer,PT Nawa Data Solutions,JavaScript
JOB_0635,backend-developer,web_development,Java Developer,PT Nawa Data Solutions,Java
JOB_0635,backend-developer,web_development,Java Developer,PT Nawa Data Solutions,Spring Boot
JOB_0635,backend-developer,web_development,Java Developer,PT Nawa Data Solutions,Microservices
JOB_0635,backend-developer,web_development,Java Developer,PT Nawa Data Solutions,Agile/Scrum
JOB_0635,backend-developer,web_development,Java Developer,PT Nawa Data Solutions,Problem Solving
JOB_0636,backend-developer,web_development,Web Programmer,PT Cakra Media Data,MySQL
JOB_0636,backend-developer,web_development,Web Programmer,PT Cakra Media Data,Machine Learning
JOB_0636,backend-developer,web_development,Web Programmer,PT Cakra Media Data,HTML
JOB_0636,backend-developer,web_development,Web Programmer,PT Cakra Media Data,CSS
JOB_0636,backend-developer,web_development,Web Programmer,PT Cakra Media Data,JavaScript
JOB_0636,backend-developer,web_development,Web Programmer,PT Cakra Media Data,TypeScript
JOB_0636,backend-developer,web_development,Web Programmer,PT Cakra Media Data,Vue.js
JOB_0636,backend-developer,web_development,Web Programmer,PT Cakra Media Data,Bootstrap
JOB_0636,backend-developer,web_development,Web Programmer,PT Cakra Media Data,Golang
JOB_0636,backend-developer,web_development,Web Programmer,PT Cakra Media Data,Microservices
JOB_0636,backend-developer,web_development,Web Programmer,PT Cakra Media Data,UI/UX
JOB_0637,backend-developer,web_development,Head of Application Architect,Yayasan Bina Nusantara,TypeScript
JOB_0637,backend-developer,web_development,Head of Application Architect,Yayasan Bina Nusantara,Java
JOB_0637,backend-developer,web_development,Head of Application Architect,Yayasan Bina Nusantara,UI/UX
JOB_0638,backend-developer,web_development,SAP ABAP Developer - Global IT Consulting Company,PT Adecco Personnel Indonesia,SQL
JOB_0638,backend-developer,web_development,SAP ABAP Developer - Global IT Consulting Company,PT Adecco Personnel Indonesia,Excel
JOB_0638,backend-developer,web_development,SAP ABAP Developer - Global IT Consulting Company,PT Adecco Personnel Indonesia,TypeScript
JOB_0638,backend-developer,web_development,SAP ABAP Developer - Global IT Consulting Company,PT Adecco Personnel Indonesia,REST API
JOB_0638,backend-developer,web_development,SAP ABAP Developer - Global IT Consulting Company,PT Adecco Personnel Indonesia,Problem Solving
JOB_0640,backend-developer,web_development,AI Engineer,PT ILOGO INFRALOGY,SQL
JOB_0640,backend-developer,web_development,AI Engineer,PT ILOGO INFRALOGY,PostgreSQL
JOB_0640,backend-developer,web_development,AI Engineer,PT ILOGO INFRALOGY,MySQL
JOB_0640,backend-developer,web_development,AI Engineer,PT ILOGO INFRALOGY,Data Modeling
JOB_0640,backend-developer,web_development,AI Engineer,PT ILOGO INFRALOGY,JavaScript
JOB_0640,backend-developer,web_development,AI Engineer,PT ILOGO INFRALOGY,TypeScript
JOB_0640,backend-developer,web_development,AI Engineer,PT ILOGO INFRALOGY,React.js
JOB_0640,backend-developer,web_development,AI Engineer,PT ILOGO INFRALOGY,Next.js
JOB_0640,backend-developer,web_development,AI Engineer,PT ILOGO INFRALOGY,Vue.js
JOB_0640,backend-developer,web_development,AI Engineer,PT ILOGO INFRALOGY,Svelte
JOB_0640,backend-developer,web_development,AI Engineer,PT ILOGO INFRALOGY,Golang
JOB_0640,backend-developer,web_development,AI Engineer,PT ILOGO INFRALOGY,REST API
JOB_0640,backend-developer,web_development,AI Engineer,PT ILOGO INFRALOGY,GraphQL
JOB_0640,backend-developer,web_development,AI Engineer,PT ILOGO INFRALOGY,Docker
JOB_0640,backend-developer,web_development,AI Engineer,PT ILOGO INFRALOGY,CI/CD
JOB_0640,backend-developer,web_development,AI Engineer,PT ILOGO INFRALOGY,Git
JOB_0640,backend-developer,web_development,AI Engineer,PT ILOGO INFRALOGY,Microservices
JOB_0641,ui-ux-designer,ui_ux,UI/UX Designer,PT Wahana Makmur Sejati (Wahanaartha Group),Figma
JOB_0641,ui-ux-designer,ui_ux,UI/UX Designer,PT Wahana Makmur Sejati (Wahanaartha Group),UI/UX
JOB_0641,ui-ux-designer,ui_ux,UI/UX Designer,PT Wahana Makmur Sejati (Wahanaartha Group),Wireframing
JOB_0642,ui-ux-designer,ui_ux,UI / UX Designer,IMT TECH SDN. BHD.,Excel
JOB_0642,ui-ux-designer,ui_ux,UI / UX Designer,IMT TECH SDN. BHD.,Machine Learning
JOB_0642,ui-ux-designer,ui_ux,UI / UX Designer,IMT TECH SDN. BHD.,HTML
JOB_0642,ui-ux-designer,ui_ux,UI / UX Designer,IMT TECH SDN. BHD.,CSS
JOB_0642,ui-ux-designer,ui_ux,UI / UX Designer,IMT TECH SDN. BHD.,JavaScript
JOB_0642,ui-ux-designer,ui_ux,UI / UX Designer,IMT TECH SDN. BHD.,TypeScript
JOB_0642,ui-ux-designer,ui_ux,UI / UX Designer,IMT TECH SDN. BHD.,Figma
JOB_0642,ui-ux-designer,ui_ux,UI / UX Designer,IMT TECH SDN. BHD.,UI/UX
JOB_0642,ui-ux-designer,ui_ux,UI / UX Designer,IMT TECH SDN. BHD.,Wireframing
JOB_0643,ui-ux-designer,ui_ux,UI / UX Designer Internship,OPPO Indonesia,TypeScript
JOB_0643,ui-ux-designer,ui_ux,UI / UX Designer Internship,OPPO Indonesia,Figma
JOB_0643,ui-ux-designer,ui_ux,UI / UX Designer Internship,OPPO Indonesia,UI/UX
JOB_0643,ui-ux-designer,ui_ux,UI / UX Designer Internship,OPPO Indonesia,Wireframing
JOB_0643,ui-ux-designer,ui_ux,UI / UX Designer Internship,OPPO Indonesia,Prototyping
JOB_0644,ui-ux-designer,ui_ux,UI/UX Designer,PT SUITEN INOVASI SUKSES,Excel
JOB_0644,ui-ux-designer,ui_ux,UI/UX Designer,PT SUITEN INOVASI SUKSES,TypeScript
JOB_0644,ui-ux-designer,ui_ux,UI/UX Designer,PT SUITEN INOVASI SUKSES,Figma
JOB_0644,ui-ux-designer,ui_ux,UI/UX Designer,PT SUITEN INOVASI SUKSES,UI/UX
JOB_0644,ui-ux-designer,ui_ux,UI/UX Designer,PT SUITEN INOVASI SUKSES,Wireframing
JOB_0645,ui-ux-designer,ui_ux,UI/UX Designer,PT Abhimata Persada,SQL
JOB_0645,ui-ux-designer,ui_ux,UI/UX Designer,PT Abhimata Persada,Figma
JOB_0645,ui-ux-designer,ui_ux,UI/UX Designer,PT Abhimata Persada,UI/UX
JOB_0645,ui-ux-designer,ui_ux,UI/UX Designer,PT Abhimata Persada,Agile/Scrum
JOB_0646,ui-ux-designer,ui_ux,UI/UX Development,PT Digdaya Duta Digital,Machine Learning
JOB_0646,ui-ux-designer,ui_ux,UI/UX Development,PT Digdaya Duta Digital,HTML
JOB_0646,ui-ux-designer,ui_ux,UI/UX Development,PT Digdaya Duta Digital,CSS
JOB_0646,ui-ux-designer,ui_ux,UI/UX Development,PT Digdaya Duta Digital,TypeScript
JOB_0646,ui-ux-designer,ui_ux,UI/UX Development,PT Digdaya Duta Digital,Figma
JOB_0646,ui-ux-designer,ui_ux,UI/UX Development,PT Digdaya Duta Digital,UI/UX
JOB_0647,ui-ux-designer,ui_ux,Web Designer,PT Lelco Trindo Graha Nusantara,Machine Learning
JOB_0647,ui-ux-designer,ui_ux,Web Designer,PT Lelco Trindo Graha Nusantara,HTML
JOB_0647,ui-ux-designer,ui_ux,Web Designer,PT Lelco Trindo Graha Nusantara,CSS
JOB_0647,ui-ux-designer,ui_ux,Web Designer,PT Lelco Trindo Graha Nusantara,TypeScript
JOB_0647,ui-ux-designer,ui_ux,Web Designer,PT Lelco Trindo Graha Nusantara,UI/UX
JOB_0648,ui-ux-designer,ui_ux,UI/UX Engineer,PT IT Group Indonesia,JavaScript
JOB_0648,ui-ux-designer,ui_ux,UI/UX Engineer,PT IT Group Indonesia,Bootstrap
JOB_0648,ui-ux-designer,ui_ux,UI/UX Engineer,PT IT Group Indonesia,Docker
JOB_0648,ui-ux-designer,ui_ux,UI/UX Engineer,PT IT Group Indonesia,Kubernetes
JOB_0648,ui-ux-designer,ui_ux,UI/UX Engineer,PT IT Group Indonesia,Git
JOB_0648,ui-ux-designer,ui_ux,UI/UX Engineer,PT IT Group Indonesia,Figma
JOB_0648,ui-ux-designer,ui_ux,UI/UX Engineer,PT IT Group Indonesia,UI/UX
JOB_0649,ui-ux-designer,ui_ux,Multimedia Creative Content Designer (Fashion & Lifestyle),Bimbi Group,ETL
JOB_0649,ui-ux-designer,ui_ux,Multimedia Creative Content Designer (Fashion & Lifestyle),Bimbi Group,TypeScript
JOB_0650,ui-ux-designer,ui_ux,Designer Drafter,Jago Coffee,TypeScript
JOB_0650,ui-ux-designer,ui_ux,Designer Drafter,Jago Coffee,Golang
JOB_0651,ui-ux-designer,ui_ux,Graphic Designer,Traeze Pte. Ltd.,Excel
JOB_0651,ui-ux-designer,ui_ux,Graphic Designer,Traeze Pte. Ltd.,Machine Learning
JOB_0651,ui-ux-designer,ui_ux,Graphic Designer,Traeze Pte. Ltd.,HTML
JOB_0651,ui-ux-designer,ui_ux,Graphic Designer,Traeze Pte. Ltd.,TypeScript
JOB_0651,ui-ux-designer,ui_ux,Graphic Designer,Traeze Pte. Ltd.,Figma
JOB_0651,ui-ux-designer,ui_ux,Graphic Designer,Traeze Pte. Ltd.,UI/UX
JOB_0652,ui-ux-designer,ui_ux,Senior Game Designer,PT Gameloft Indonesia (Yogyakarta),Excel
JOB_0652,ui-ux-designer,ui_ux,Senior Game Designer,PT Gameloft Indonesia (Yogyakarta),TypeScript
JOB_0652,ui-ux-designer,ui_ux,Senior Game Designer,PT Gameloft Indonesia (Yogyakarta),Figma
JOB_0652,ui-ux-designer,ui_ux,Senior Game Designer,PT Gameloft Indonesia (Yogyakarta),UI/UX
JOB_0653,ui-ux-designer,ui_ux,GRAPHIC DESIGNER @ Verites & Good Perfume Studio,PT BERSERI LEWAT AROMA,Excel
JOB_0653,ui-ux-designer,ui_ux,GRAPHIC DESIGNER @ Verites & Good Perfume Studio,PT BERSERI LEWAT AROMA,TypeScript
JOB_0653,ui-ux-designer,ui_ux,GRAPHIC DESIGNER @ Verites & Good Perfume Studio,PT BERSERI LEWAT AROMA,Next.js
JOB_0654,ui-ux-designer,ui_ux,Product Designer (Packaging & Brand Experience),PT. Dewata Harapan Lestari,Excel
JOB_0654,ui-ux-designer,ui_ux,Product Designer (Packaging & Brand Experience),PT. Dewata Harapan Lestari,TypeScript
JOB_0654,ui-ux-designer,ui_ux,Product Designer (Packaging & Brand Experience),PT. Dewata Harapan Lestari,Prototyping
JOB_0655,ui-ux-designer,ui_ux,Fullstack Developer,PT Siba Surya,Python
JOB_0655,ui-ux-designer,ui_ux,Fullstack Developer,PT Siba Surya,SQL
JOB_0655,ui-ux-designer,ui_ux,Fullstack Developer,PT Siba Surya,TypeScript
JOB_0655,ui-ux-designer,ui_ux,Fullstack Developer,PT Siba Surya,Golang
JOB_0655,ui-ux-designer,ui_ux,Fullstack Developer,PT Siba Surya,REST API
JOB_0655,ui-ux-designer,ui_ux,Fullstack Developer,PT Siba Surya,Docker
JOB_0655,ui-ux-designer,ui_ux,Fullstack Developer,PT Siba Surya,AWS
JOB_0655,ui-ux-designer,ui_ux,Fullstack Developer,PT Siba Surya,GCP
JOB_0655,ui-ux-designer,ui_ux,Fullstack Developer,PT Siba Surya,Azure
JOB_0655,ui-ux-designer,ui_ux,Fullstack Developer,PT Siba Surya,Git
JOB_0655,ui-ux-designer,ui_ux,Fullstack Developer,PT Siba Surya,Linux
JOB_0655,ui-ux-designer,ui_ux,Fullstack Developer,PT Siba Surya,UI/UX
JOB_0655,ui-ux-designer,ui_ux,Fullstack Developer,PT Siba Surya,Problem Solving
JOB_0656,ui-ux-designer,ui_ux,SENIOR GRAPHIC DESIGNER,Pengiklan Anonim,Excel
JOB_0656,ui-ux-designer,ui_ux,SENIOR GRAPHIC DESIGNER,Pengiklan Anonim,JavaScript
JOB_0656,ui-ux-designer,ui_ux,SENIOR GRAPHIC DESIGNER,Pengiklan Anonim,TypeScript
JOB_0656,ui-ux-designer,ui_ux,SENIOR GRAPHIC DESIGNER,Pengiklan Anonim,Next.js
JOB_0657,ui-ux-designer,ui_ux,Designer dan Marketing,Persek. Farida Law Office,Excel
JOB_0657,ui-ux-designer,ui_ux,Designer dan Marketing,Persek. Farida Law Office,TypeScript
JOB_0657,ui-ux-designer,ui_ux,Designer dan Marketing,Persek. Farida Law Office,UI/UX
JOB_0658,ui-ux-designer,ui_ux,Senior UI/UX Engineer,"PT Tera Data Indonusa, Tbk",CSS
JOB_0658,ui-ux-designer,ui_ux,Senior UI/UX Engineer,"PT Tera Data Indonusa, Tbk",TypeScript
JOB_0658,ui-ux-designer,ui_ux,Senior UI/UX Engineer,"PT Tera Data Indonusa, Tbk",React.js
JOB_0658,ui-ux-designer,ui_ux,Senior UI/UX Engineer,"PT Tera Data Indonusa, Tbk",Figma
JOB_0658,ui-ux-designer,ui_ux,Senior UI/UX Engineer,"PT Tera Data Indonusa, Tbk",UI/UX
JOB_0658,ui-ux-designer,ui_ux,Senior UI/UX Engineer,"PT Tera Data Indonusa, Tbk",Wireframing
JOB_0658,ui-ux-designer,ui_ux,Senior UI/UX Engineer,"PT Tera Data Indonusa, Tbk",Prototyping
JOB_0659,ui-ux-designer,ui_ux,Shopify E-Commerce Manager / Developer,No Risk Designs,Machine Learning
JOB_0659,ui-ux-designer,ui_ux,Shopify E-Commerce Manager / Developer,No Risk Designs,HTML
JOB_0659,ui-ux-designer,ui_ux,Shopify E-Commerce Manager / Developer,No Risk Designs,CSS
JOB_0659,ui-ux-designer,ui_ux,Shopify E-Commerce Manager / Developer,No Risk Designs,TypeScript
JOB_0660,ui-ux-designer,ui_ux,Learning Experience Designer (Videographer),PT Tjitra Selaras Sampoerno,Excel
JOB_0660,ui-ux-designer,ui_ux,Learning Experience Designer (Videographer),PT Tjitra Selaras Sampoerno,TypeScript
JOB_0660,ui-ux-designer,ui_ux,Learning Experience Designer (Videographer),PT Tjitra Selaras Sampoerno,Figma
JOB_0660,ui-ux-designer,ui_ux,Learning Experience Designer (Videographer),PT Tjitra Selaras Sampoerno,UI/UX
JOB_0661,ui-ux-designer,ui_ux,Frontend ASP.NET Blazor,PT BANGUNPERKASA  ADHITAMASENTRA,Machine Learning
JOB_0661,ui-ux-designer,ui_ux,Frontend ASP.NET Blazor,PT BANGUNPERKASA  ADHITAMASENTRA,HTML
JOB_0661,ui-ux-designer,ui_ux,Frontend ASP.NET Blazor,PT BANGUNPERKASA  ADHITAMASENTRA,CSS
JOB_0661,ui-ux-designer,ui_ux,Frontend ASP.NET Blazor,PT BANGUNPERKASA  ADHITAMASENTRA,TypeScript
JOB_0661,ui-ux-designer,ui_ux,Frontend ASP.NET Blazor,PT BANGUNPERKASA  ADHITAMASENTRA,Bootstrap
JOB_0661,ui-ux-designer,ui_ux,Frontend ASP.NET Blazor,PT BANGUNPERKASA  ADHITAMASENTRA,REST API
JOB_0661,ui-ux-designer,ui_ux,Frontend ASP.NET Blazor,PT BANGUNPERKASA  ADHITAMASENTRA,Git
JOB_0661,ui-ux-designer,ui_ux,Frontend ASP.NET Blazor,PT BANGUNPERKASA  ADHITAMASENTRA,Figma
JOB_0661,ui-ux-designer,ui_ux,Frontend ASP.NET Blazor,PT BANGUNPERKASA  ADHITAMASENTRA,UI/UX
JOB_0661,ui-ux-designer,ui_ux,Frontend ASP.NET Blazor,PT BANGUNPERKASA  ADHITAMASENTRA,Wireframing
JOB_0661,ui-ux-designer,ui_ux,Frontend ASP.NET Blazor,PT BANGUNPERKASA  ADHITAMASENTRA,Problem Solving
JOB_0662,ui-ux-designer,ui_ux,AI-Native Fullstack Developer,PT. Superbrands International,SQL
JOB_0662,ui-ux-designer,ui_ux,AI-Native Fullstack Developer,PT. Superbrands International,JavaScript
JOB_0662,ui-ux-designer,ui_ux,AI-Native Fullstack Developer,PT. Superbrands International,TypeScript
JOB_0662,ui-ux-designer,ui_ux,AI-Native Fullstack Developer,PT. Superbrands International,React.js
JOB_0662,ui-ux-designer,ui_ux,AI-Native Fullstack Developer,PT. Superbrands International,Next.js
JOB_0662,ui-ux-designer,ui_ux,AI-Native Fullstack Developer,PT. Superbrands International,REST API
JOB_0662,ui-ux-designer,ui_ux,AI-Native Fullstack Developer,PT. Superbrands International,Docker
JOB_0662,ui-ux-designer,ui_ux,AI-Native Fullstack Developer,PT. Superbrands International,CI/CD
JOB_0662,ui-ux-designer,ui_ux,AI-Native Fullstack Developer,PT. Superbrands International,Git
JOB_0663,ui-ux-designer,ui_ux,Graphic Designer,Solusi Klik,TypeScript
JOB_0664,ui-ux-designer,ui_ux,Product Designer,NAKEDSOL,Excel
JOB_0664,ui-ux-designer,ui_ux,Product Designer,NAKEDSOL,TypeScript
JOB_0665,ui-ux-designer,ui_ux,Creative Manager,Whisper Media,Excel
JOB_0665,ui-ux-designer,ui_ux,Creative Manager,Whisper Media,TypeScript
JOB_0665,ui-ux-designer,ui_ux,Creative Manager,Whisper Media,Next.js
JOB_0666,ui-ux-designer,ui_ux,Fullstack/Frontend Web Developer,PT Turboly Teknologi Indonesia,MySQL
JOB_0666,ui-ux-designer,ui_ux,Fullstack/Frontend Web Developer,PT Turboly Teknologi Indonesia,HTML
JOB_0666,ui-ux-designer,ui_ux,Fullstack/Frontend Web Developer,PT Turboly Teknologi Indonesia,CSS
JOB_0666,ui-ux-designer,ui_ux,Fullstack/Frontend Web Developer,PT Turboly Teknologi Indonesia,JavaScript
JOB_0666,ui-ux-designer,ui_ux,Fullstack/Frontend Web Developer,PT Turboly Teknologi Indonesia,TypeScript
JOB_0666,ui-ux-designer,ui_ux,Fullstack/Frontend Web Developer,PT Turboly Teknologi Indonesia,Tailwind CSS
JOB_0666,ui-ux-designer,ui_ux,Fullstack/Frontend Web Developer,PT Turboly Teknologi Indonesia,Ruby
JOB_0666,ui-ux-designer,ui_ux,Fullstack/Frontend Web Developer,PT Turboly Teknologi Indonesia,REST API
JOB_0666,ui-ux-designer,ui_ux,Fullstack/Frontend Web Developer,PT Turboly Teknologi Indonesia,CI/CD
JOB_0666,ui-ux-designer,ui_ux,Fullstack/Frontend Web Developer,PT Turboly Teknologi Indonesia,Git
JOB_0666,ui-ux-designer,ui_ux,Fullstack/Frontend Web Developer,PT Turboly Teknologi Indonesia,UI/UX
JOB_0666,ui-ux-designer,ui_ux,Fullstack/Frontend Web Developer,PT Turboly Teknologi Indonesia,Prototyping
JOB_0666,ui-ux-designer,ui_ux,Fullstack/Frontend Web Developer,PT Turboly Teknologi Indonesia,Agile/Scrum
JOB_0667,ui-ux-designer,ui_ux,Website Builder & Content Publisher [UI/UX Experience],Process Flow SRL,Machine Learning
JOB_0667,ui-ux-designer,ui_ux,Website Builder & Content Publisher [UI/UX Experience],Process Flow SRL,HTML
JOB_0667,ui-ux-designer,ui_ux,Website Builder & Content Publisher [UI/UX Experience],Process Flow SRL,CSS
JOB_0667,ui-ux-designer,ui_ux,Website Builder & Content Publisher [UI/UX Experience],Process Flow SRL,TypeScript
JOB_0667,ui-ux-designer,ui_ux,Website Builder & Content Publisher [UI/UX Experience],Process Flow SRL,UI/UX
JOB_0670,ui-ux-designer,ui_ux,Front End Developer,PT Tjitra Selaras Sampoerno,Python
JOB_0670,ui-ux-designer,ui_ux,Front End Developer,PT Tjitra Selaras Sampoerno,Excel
JOB_0670,ui-ux-designer,ui_ux,Front End Developer,PT Tjitra Selaras Sampoerno,Machine Learning
JOB_0670,ui-ux-designer,ui_ux,Front End Developer,PT Tjitra Selaras Sampoerno,HTML
JOB_0670,ui-ux-designer,ui_ux,Front End Developer,PT Tjitra Selaras Sampoerno,CSS
JOB_0670,ui-ux-designer,ui_ux,Front End Developer,PT Tjitra Selaras Sampoerno,JavaScript
JOB_0670,ui-ux-designer,ui_ux,Front End Developer,PT Tjitra Selaras Sampoerno,TypeScript
JOB_0670,ui-ux-designer,ui_ux,Front End Developer,PT Tjitra Selaras Sampoerno,PHP
JOB_0670,ui-ux-designer,ui_ux,Front End Developer,PT Tjitra Selaras Sampoerno,REST API
JOB_0670,ui-ux-designer,ui_ux,Front End Developer,PT Tjitra Selaras Sampoerno,Git
JOB_0670,ui-ux-designer,ui_ux,Front End Developer,PT Tjitra Selaras Sampoerno,UI/UX
JOB_0670,ui-ux-designer,ui_ux,Front End Developer,PT Tjitra Selaras Sampoerno,Prototyping
JOB_0671,ui-ux-designer,ui_ux,Product Designer (For Shoes & Bag),Klamby,TypeScript
JOB_0673,ui-ux-designer,ui_ux,Quality Assurance,PT Abhimata Persada,SQL
JOB_0673,ui-ux-designer,ui_ux,Quality Assurance,PT Abhimata Persada,UI/UX
JOB_0673,ui-ux-designer,ui_ux,Quality Assurance,PT Abhimata Persada,Agile/Scrum
JOB_0674,ui-ux-designer,ui_ux,Graphic Designer,PT Mandiri Anugerah Bersama,TypeScript
JOB_0675,ui-ux-designer,ui_ux,3D Footwear and Pattern Designer,PT Yumeida Utama,TypeScript
JOB_0676,ui-ux-designer,ui_ux,Junior Web Developer,Solusi Klik,MySQL
JOB_0676,ui-ux-designer,ui_ux,Junior Web Developer,Solusi Klik,JavaScript
JOB_0676,ui-ux-designer,ui_ux,Junior Web Developer,Solusi Klik,React.js
JOB_0676,ui-ux-designer,ui_ux,Junior Web Developer,Solusi Klik,Laravel
JOB_0676,ui-ux-designer,ui_ux,Junior Web Developer,Solusi Klik,REST API
JOB_0676,ui-ux-designer,ui_ux,Junior Web Developer,Solusi Klik,UI/UX
JOB_0676,ui-ux-designer,ui_ux,Junior Web Developer,Solusi Klik,Problem Solving
JOB_0677,ui-ux-designer,ui_ux,Head of Software Product,PT Netcom Scinergy Newsantara,TypeScript
JOB_0677,ui-ux-designer,ui_ux,Head of Software Product,PT Netcom Scinergy Newsantara,UI/UX
JOB_0677,ui-ux-designer,ui_ux,Head of Software Product,PT Netcom Scinergy Newsantara,Agile/Scrum
JOB_0678,ui-ux-designer,ui_ux,Quality Assurance Team Lead,PT Sqiva Infotech Nusantara,TypeScript
JOB_0678,ui-ux-designer,ui_ux,Quality Assurance Team Lead,PT Sqiva Infotech Nusantara,UI/UX
JOB_0679,ui-ux-designer,ui_ux,Graphic Designer,Lesso Technology Indonesia Trading,TypeScript
JOB_0680,ui-ux-designer,ui_ux,Packaging Designer Intern,PT Foom Lab Global,TypeScript
JOB_0681,ui-ux-designer,ui_ux,2D Designer Project Based,PT Dyandra Promosindo,TypeScript
JOB_0681,ui-ux-designer,ui_ux,2D Designer Project Based,PT Dyandra Promosindo,Golang
JOB_0682,ui-ux-designer,ui_ux,Dosen Sistem Informasi,ESQ Group,UI/UX
JOB_0683,ui-ux-designer,ui_ux,Product Designer,PT Hydrax Teknologi Indonesia,TypeScript
JOB_0683,ui-ux-designer,ui_ux,Product Designer,PT Hydrax Teknologi Indonesia,REST API
JOB_0683,ui-ux-designer,ui_ux,Product Designer,PT Hydrax Teknologi Indonesia,Figma
JOB_0683,ui-ux-designer,ui_ux,Product Designer,PT Hydrax Teknologi Indonesia,Wireframing
JOB_0683,ui-ux-designer,ui_ux,Product Designer,PT Hydrax Teknologi Indonesia,Prototyping
JOB_0684,ui-ux-designer,ui_ux,IOS Developer,PT GLOBAL LOYALTY INDONESIA,TypeScript
JOB_0684,ui-ux-designer,ui_ux,IOS Developer,PT GLOBAL LOYALTY INDONESIA,Git
JOB_0684,ui-ux-designer,ui_ux,IOS Developer,PT GLOBAL LOYALTY INDONESIA,UI/UX
JOB_0684,ui-ux-designer,ui_ux,IOS Developer,PT GLOBAL LOYALTY INDONESIA,Problem Solving
JOB_0685,ui-ux-designer,ui_ux,Sr. Frontend Developer (Web + Native UIs),"PT. Trimegah Sekuritas Indonesia, Tbk",Excel
JOB_0685,ui-ux-designer,ui_ux,Sr. Frontend Developer (Web + Native UIs),"PT. Trimegah Sekuritas Indonesia, Tbk",HTML
JOB_0685,ui-ux-designer,ui_ux,Sr. Frontend Developer (Web + Native UIs),"PT. Trimegah Sekuritas Indonesia, Tbk",CSS
JOB_0685,ui-ux-designer,ui_ux,Sr. Frontend Developer (Web + Native UIs),"PT. Trimegah Sekuritas Indonesia, Tbk",JavaScript
JOB_0685,ui-ux-designer,ui_ux,Sr. Frontend Developer (Web + Native UIs),"PT. Trimegah Sekuritas Indonesia, Tbk",TypeScript
JOB_0685,ui-ux-designer,ui_ux,Sr. Frontend Developer (Web + Native UIs),"PT. Trimegah Sekuritas Indonesia, Tbk",React.js
JOB_0685,ui-ux-designer,ui_ux,Sr. Frontend Developer (Web + Native UIs),"PT. Trimegah Sekuritas Indonesia, Tbk",Vue.js
JOB_0685,ui-ux-designer,ui_ux,Sr. Frontend Developer (Web + Native UIs),"PT. Trimegah Sekuritas Indonesia, Tbk",Tailwind CSS
JOB_0685,ui-ux-designer,ui_ux,Sr. Frontend Developer (Web + Native UIs),"PT. Trimegah Sekuritas Indonesia, Tbk",Bootstrap
JOB_0685,ui-ux-designer,ui_ux,Sr. Frontend Developer (Web + Native UIs),"PT. Trimegah Sekuritas Indonesia, Tbk",Java
JOB_0685,ui-ux-designer,ui_ux,Sr. Frontend Developer (Web + Native UIs),"PT. Trimegah Sekuritas Indonesia, Tbk",REST API
JOB_0685,ui-ux-designer,ui_ux,Sr. Frontend Developer (Web + Native UIs),"PT. Trimegah Sekuritas Indonesia, Tbk",Docker
JOB_0685,ui-ux-designer,ui_ux,Sr. Frontend Developer (Web + Native UIs),"PT. Trimegah Sekuritas Indonesia, Tbk",Kubernetes
JOB_0685,ui-ux-designer,ui_ux,Sr. Frontend Developer (Web + Native UIs),"PT. Trimegah Sekuritas Indonesia, Tbk",Git
JOB_0685,ui-ux-designer,ui_ux,Sr. Frontend Developer (Web + Native UIs),"PT. Trimegah Sekuritas Indonesia, Tbk",UI/UX
JOB_0685,ui-ux-designer,ui_ux,Sr. Frontend Developer (Web + Native UIs),"PT. Trimegah Sekuritas Indonesia, Tbk",Wireframing
JOB_0686,ui-ux-designer,ui_ux,Graphic Designer,SCULPT SHAPEWEAR,TypeScript
JOB_0687,ui-ux-designer,ui_ux,Full Stack Developer (Nuxt.js & Laravel),PT Eigerindo Multi Produk Industri,PostgreSQL
JOB_0687,ui-ux-designer,ui_ux,Full Stack Developer (Nuxt.js & Laravel),PT Eigerindo Multi Produk Industri,MySQL
JOB_0687,ui-ux-designer,ui_ux,Full Stack Developer (Nuxt.js & Laravel),PT Eigerindo Multi Produk Industri,JavaScript
JOB_0687,ui-ux-designer,ui_ux,Full Stack Developer (Nuxt.js & Laravel),PT Eigerindo Multi Produk Industri,TypeScript
JOB_0687,ui-ux-designer,ui_ux,Full Stack Developer (Nuxt.js & Laravel),PT Eigerindo Multi Produk Industri,Laravel
JOB_0687,ui-ux-designer,ui_ux,Full Stack Developer (Nuxt.js & Laravel),PT Eigerindo Multi Produk Industri,REST API
JOB_0687,ui-ux-designer,ui_ux,Full Stack Developer (Nuxt.js & Laravel),PT Eigerindo Multi Produk Industri,Git
JOB_0688,ui-ux-designer,ui_ux,Frontend Developer,PT Abhimata Persada,CSS
JOB_0688,ui-ux-designer,ui_ux,Frontend Developer,PT Abhimata Persada,JavaScript
JOB_0688,ui-ux-designer,ui_ux,Frontend Developer,PT Abhimata Persada,TypeScript
JOB_0688,ui-ux-designer,ui_ux,Frontend Developer,PT Abhimata Persada,React.js
JOB_0688,ui-ux-designer,ui_ux,Frontend Developer,PT Abhimata Persada,Next.js
JOB_0688,ui-ux-designer,ui_ux,Frontend Developer,PT Abhimata Persada,Vue.js
JOB_0688,ui-ux-designer,ui_ux,Frontend Developer,PT Abhimata Persada,Angular
JOB_0688,ui-ux-designer,ui_ux,Frontend Developer,PT Abhimata Persada,Tailwind CSS
JOB_0688,ui-ux-designer,ui_ux,Frontend Developer,PT Abhimata Persada,Git
JOB_0688,ui-ux-designer,ui_ux,Frontend Developer,PT Abhimata Persada,UI/UX
JOB_0688,ui-ux-designer,ui_ux,Frontend Developer,PT Abhimata Persada,Agile/Scrum
JOB_0690,ui-ux-designer,ui_ux,Intern [GIP] - Product Management & Product Design,PT Solusi Transportasi Indonesia,Excel
JOB_0690,ui-ux-designer,ui_ux,Intern [GIP] - Product Management & Product Design,PT Solusi Transportasi Indonesia,TypeScript
JOB_0690,ui-ux-designer,ui_ux,Intern [GIP] - Product Management & Product Design,PT Solusi Transportasi Indonesia,Figma
JOB_0690,ui-ux-designer,ui_ux,Intern [GIP] - Product Management & Product Design,PT Solusi Transportasi Indonesia,Prototyping
JOB_0691,ui-ux-designer,ui_ux,IOS Developer,PT Adi Data Informatika,REST API
JOB_0691,ui-ux-designer,ui_ux,IOS Developer,PT Adi Data Informatika,UI/UX
JOB_0693,ui-ux-designer,ui_ux,Graphic Designer,PT Interbat,Excel
JOB_0693,ui-ux-designer,ui_ux,Graphic Designer,PT Interbat,TypeScript
JOB_0694,ui-ux-designer,ui_ux,Web Developer (PHP / Laravel),Kop. Nusantara,SQL
JOB_0694,ui-ux-designer,ui_ux,Web Developer (PHP / Laravel),Kop. Nusantara,PostgreSQL
JOB_0694,ui-ux-designer,ui_ux,Web Developer (PHP / Laravel),Kop. Nusantara,MySQL
JOB_0694,ui-ux-designer,ui_ux,Web Developer (PHP / Laravel),Kop. Nusantara,HTML
JOB_0694,ui-ux-designer,ui_ux,Web Developer (PHP / Laravel),Kop. Nusantara,CSS
JOB_0694,ui-ux-designer,ui_ux,Web Developer (PHP / Laravel),Kop. Nusantara,JavaScript
JOB_0694,ui-ux-designer,ui_ux,Web Developer (PHP / Laravel),Kop. Nusantara,TypeScript
JOB_0694,ui-ux-designer,ui_ux,Web Developer (PHP / Laravel),Kop. Nusantara,React.js
JOB_0694,ui-ux-designer,ui_ux,Web Developer (PHP / Laravel),Kop. Nusantara,Next.js
JOB_0694,ui-ux-designer,ui_ux,Web Developer (PHP / Laravel),Kop. Nusantara,Vue.js
JOB_0694,ui-ux-designer,ui_ux,Web Developer (PHP / Laravel),Kop. Nusantara,PHP
JOB_0694,ui-ux-designer,ui_ux,Web Developer (PHP / Laravel),Kop. Nusantara,Laravel
JOB_0694,ui-ux-designer,ui_ux,Web Developer (PHP / Laravel),Kop. Nusantara,REST API
JOB_0694,ui-ux-designer,ui_ux,Web Developer (PHP / Laravel),Kop. Nusantara,Docker
JOB_0694,ui-ux-designer,ui_ux,Web Developer (PHP / Laravel),Kop. Nusantara,CI/CD
JOB_0694,ui-ux-designer,ui_ux,Web Developer (PHP / Laravel),Kop. Nusantara,Git
JOB_0694,ui-ux-designer,ui_ux,Web Developer (PHP / Laravel),Kop. Nusantara,Linux
JOB_0694,ui-ux-designer,ui_ux,Web Developer (PHP / Laravel),Kop. Nusantara,Microservices
JOB_0695,ui-ux-designer,ui_ux,FULLSTACK DEVELOPER,PT Gogomedia Visindo,MySQL
JOB_0695,ui-ux-designer,ui_ux,FULLSTACK DEVELOPER,PT Gogomedia Visindo,Machine Learning
JOB_0695,ui-ux-designer,ui_ux,FULLSTACK DEVELOPER,PT Gogomedia Visindo,HTML
JOB_0695,ui-ux-designer,ui_ux,FULLSTACK DEVELOPER,PT Gogomedia Visindo,CSS
JOB_0695,ui-ux-designer,ui_ux,FULLSTACK DEVELOPER,PT Gogomedia Visindo,JavaScript
JOB_0695,ui-ux-designer,ui_ux,FULLSTACK DEVELOPER,PT Gogomedia Visindo,React.js
JOB_0695,ui-ux-designer,ui_ux,FULLSTACK DEVELOPER,PT Gogomedia Visindo,React Native
JOB_0695,ui-ux-designer,ui_ux,FULLSTACK DEVELOPER,PT Gogomedia Visindo,PHP
JOB_0695,ui-ux-designer,ui_ux,FULLSTACK DEVELOPER,PT Gogomedia Visindo,REST API
JOB_0695,ui-ux-designer,ui_ux,FULLSTACK DEVELOPER,PT Gogomedia Visindo,Git
JOB_0695,ui-ux-designer,ui_ux,FULLSTACK DEVELOPER,PT Gogomedia Visindo,UI/UX
JOB_0696,ui-ux-designer,ui_ux,Interior Designer,PT Morphosa Indonesia,Excel
JOB_0696,ui-ux-designer,ui_ux,Interior Designer,PT Morphosa Indonesia,JavaScript
JOB_0696,ui-ux-designer,ui_ux,Interior Designer,PT Morphosa Indonesia,TypeScript
JOB_0697,ui-ux-designer,ui_ux,Frontend Developer,PT Gogomedia Visindo,Machine Learning
JOB_0697,ui-ux-designer,ui_ux,Frontend Developer,PT Gogomedia Visindo,HTML
JOB_0697,ui-ux-designer,ui_ux,Frontend Developer,PT Gogomedia Visindo,CSS
JOB_0697,ui-ux-designer,ui_ux,Frontend Developer,PT Gogomedia Visindo,JavaScript
JOB_0697,ui-ux-designer,ui_ux,Frontend Developer,PT Gogomedia Visindo,TypeScript
JOB_0697,ui-ux-designer,ui_ux,Frontend Developer,PT Gogomedia Visindo,React.js
JOB_0697,ui-ux-designer,ui_ux,Frontend Developer,PT Gogomedia Visindo,React Native
JOB_0697,ui-ux-designer,ui_ux,Frontend Developer,PT Gogomedia Visindo,REST API
JOB_0697,ui-ux-designer,ui_ux,Frontend Developer,PT Gogomedia Visindo,Git
JOB_0697,ui-ux-designer,ui_ux,Frontend Developer,PT Gogomedia Visindo,UI/UX
JOB_0698,ui-ux-designer,ui_ux,Graphic Design Internship,PT Nabel Sakha Gemilang,TypeScript
JOB_0700,ui-ux-designer,ui_ux,Product Intern,Halodoc,SQL
JOB_0700,ui-ux-designer,ui_ux,Product Intern,Halodoc,Excel
JOB_0700,ui-ux-designer,ui_ux,Product Intern,Halodoc,TypeScript
JOB_0701,ui-ux-designer,ui_ux,Frontend Developer (Contract),LOGIQUE,Machine Learning
JOB_0701,ui-ux-designer,ui_ux,Frontend Developer (Contract),LOGIQUE,HTML
JOB_0701,ui-ux-designer,ui_ux,Frontend Developer (Contract),LOGIQUE,CSS
JOB_0701,ui-ux-designer,ui_ux,Frontend Developer (Contract),LOGIQUE,JavaScript
JOB_0701,ui-ux-designer,ui_ux,Frontend Developer (Contract),LOGIQUE,TypeScript
JOB_0701,ui-ux-designer,ui_ux,Frontend Developer (Contract),LOGIQUE,React.js
JOB_0701,ui-ux-designer,ui_ux,Frontend Developer (Contract),LOGIQUE,Tailwind CSS
JOB_0701,ui-ux-designer,ui_ux,Frontend Developer (Contract),LOGIQUE,Bootstrap
JOB_0701,ui-ux-designer,ui_ux,Frontend Developer (Contract),LOGIQUE,Spring Boot
JOB_0701,ui-ux-designer,ui_ux,Frontend Developer (Contract),LOGIQUE,REST API
JOB_0701,ui-ux-designer,ui_ux,Frontend Developer (Contract),LOGIQUE,GraphQL
JOB_0701,ui-ux-designer,ui_ux,Frontend Developer (Contract),LOGIQUE,Git
JOB_0701,ui-ux-designer,ui_ux,Frontend Developer (Contract),LOGIQUE,UI/UX
JOB_0702,ui-ux-designer,ui_ux,Senior Graphic Designer,PT. Inovasi Pangan Nusantara,Excel
JOB_0702,ui-ux-designer,ui_ux,Senior Graphic Designer,PT. Inovasi Pangan Nusantara,TypeScript
JOB_0703,ui-ux-designer,ui_ux,Front End Engineer,PT Sentra Vidya Utama,Machine Learning
JOB_0703,ui-ux-designer,ui_ux,Front End Engineer,PT Sentra Vidya Utama,HTML
JOB_0703,ui-ux-designer,ui_ux,Front End Engineer,PT Sentra Vidya Utama,CSS
JOB_0703,ui-ux-designer,ui_ux,Front End Engineer,PT Sentra Vidya Utama,JavaScript
JOB_0703,ui-ux-designer,ui_ux,Front End Engineer,PT Sentra Vidya Utama,TypeScript
JOB_0703,ui-ux-designer,ui_ux,Front End Engineer,PT Sentra Vidya Utama,React.js
JOB_0703,ui-ux-designer,ui_ux,Front End Engineer,PT Sentra Vidya Utama,Next.js
JOB_0703,ui-ux-designer,ui_ux,Front End Engineer,PT Sentra Vidya Utama,Vue.js
JOB_0703,ui-ux-designer,ui_ux,Front End Engineer,PT Sentra Vidya Utama,REST API
JOB_0703,ui-ux-designer,ui_ux,Front End Engineer,PT Sentra Vidya Utama,Git
JOB_0703,ui-ux-designer,ui_ux,Front End Engineer,PT Sentra Vidya Utama,Figma
JOB_0703,ui-ux-designer,ui_ux,Front End Engineer,PT Sentra Vidya Utama,UI/UX
JOB_0703,ui-ux-designer,ui_ux,Front End Engineer,PT Sentra Vidya Utama,Agile/Scrum
JOB_0704,ui-ux-designer,ui_ux,Fashion Designer Staff Non Apparel (Brand 3Second & Greenlight),BIENSI FESYENINDO (3SECOND GROUP),TypeScript
JOB_0705,ui-ux-designer,ui_ux,E-Commerce Manager,PT Dewa Kopi Indonesia,TypeScript
JOB_0705,ui-ux-designer,ui_ux,E-Commerce Manager,PT Dewa Kopi Indonesia,UI/UX
JOB_0706,ui-ux-designer,ui_ux,Exterior Design,PT Morodadi Prima,Prototyping
JOB_0707,ui-ux-designer,ui_ux,Product Development Manager,TRADER2U SDN. BHD.,R
JOB_0707,ui-ux-designer,ui_ux,Product Development Manager,TRADER2U SDN. BHD.,TypeScript
JOB_0708,ui-ux-designer,ui_ux,System Analyst,PT Propan Raya Industrial Coating Chemicals,REST API
JOB_0708,ui-ux-designer,ui_ux,System Analyst,PT Propan Raya Industrial Coating Chemicals,UI/UX
JOB_0709,ui-ux-designer,ui_ux,Creative Designer,PT PrimaGraphia Digital,JavaScript
JOB_0709,ui-ux-designer,ui_ux,Creative Designer,PT PrimaGraphia Digital,TypeScript
JOB_0710,ui-ux-designer,ui_ux,Creative Supervisor,PT Cimory Dairy Shop ..,TypeScript
JOB_0711,ui-ux-designer,ui_ux,Junior Product Developer,Indigo Luna Store,Excel
JOB_0711,ui-ux-designer,ui_ux,Junior Product Developer,Indigo Luna Store,TypeScript
JOB_0711,ui-ux-designer,ui_ux,Junior Product Developer,Indigo Luna Store,Golang
JOB_0712,ui-ux-designer,ui_ux,Graphic Designer,PT Semarak Sukha,TypeScript
JOB_0713,ui-ux-designer,ui_ux,Graphic Designer and Social Media Specialist,Normi International,Excel
JOB_0713,ui-ux-designer,ui_ux,Graphic Designer and Social Media Specialist,Normi International,TypeScript
JOB_0714,ui-ux-designer,ui_ux,3D Designer Project Based (Lifestyle Product),PT Upartners Sukses Bersama,TypeScript
JOB_0715,ui-ux-designer,ui_ux,E-Commerce Graphic Designer Executive (Outsource),PT Laneige Indonesia Pacific,TypeScript
JOB_0715,ui-ux-designer,ui_ux,E-Commerce Graphic Designer Executive (Outsource),PT Laneige Indonesia Pacific,Next.js
JOB_0715,ui-ux-designer,ui_ux,E-Commerce Graphic Designer Executive (Outsource),PT Laneige Indonesia Pacific,Golang
JOB_0715,ui-ux-designer,ui_ux,E-Commerce Graphic Designer Executive (Outsource),PT Laneige Indonesia Pacific,Figma
JOB_0717,ui-ux-designer,ui_ux,Designer,PT TRANSFORMASI DIGITAL UTAMA,JavaScript
JOB_0717,ui-ux-designer,ui_ux,Designer,PT TRANSFORMASI DIGITAL UTAMA,TypeScript
JOB_0717,ui-ux-designer,ui_ux,Designer,PT TRANSFORMASI DIGITAL UTAMA,REST API
JOB_0719,ui-ux-designer,ui_ux,Product Design Intern,DIMASON LIMITED,TypeScript
JOB_0720,ui-ux-designer,ui_ux,Mobile Developer,PT IDStar Cipta Teknologi,TypeScript
JOB_0720,ui-ux-designer,ui_ux,Mobile Developer,PT IDStar Cipta Teknologi,Java
JOB_0720,ui-ux-designer,ui_ux,Mobile Developer,PT IDStar Cipta Teknologi,REST API
JOB_0720,ui-ux-designer,ui_ux,Mobile Developer,PT IDStar Cipta Teknologi,Git
JOB_0720,ui-ux-designer,ui_ux,Mobile Developer,PT IDStar Cipta Teknologi,UI/UX
JOB_0720,ui-ux-designer,ui_ux,Mobile Developer,PT IDStar Cipta Teknologi,Agile/Scrum
JOB_0721,ui-ux-designer,ui_ux,Creative Designer,Kawan Lama Group,TypeScript
JOB_0721,ui-ux-designer,ui_ux,Creative Designer,Kawan Lama Group,Figma
JOB_0722,ui-ux-designer,ui_ux,Product Designer & Development Manager,PT IGP Internasional,TypeScript
JOB_0724,ui-ux-designer,ui_ux,Frontend Engineer Web React.Js,"PT. BFI FINANCE INDONESIA, Tbk",Machine Learning
JOB_0724,ui-ux-designer,ui_ux,Frontend Engineer Web React.Js,"PT. BFI FINANCE INDONESIA, Tbk",HTML
JOB_0724,ui-ux-designer,ui_ux,Frontend Engineer Web React.Js,"PT. BFI FINANCE INDONESIA, Tbk",CSS
JOB_0724,ui-ux-designer,ui_ux,Frontend Engineer Web React.Js,"PT. BFI FINANCE INDONESIA, Tbk",JavaScript
JOB_0724,ui-ux-designer,ui_ux,Frontend Engineer Web React.Js,"PT. BFI FINANCE INDONESIA, Tbk",TypeScript
JOB_0724,ui-ux-designer,ui_ux,Frontend Engineer Web React.Js,"PT. BFI FINANCE INDONESIA, Tbk",REST API
JOB_0724,ui-ux-designer,ui_ux,Frontend Engineer Web React.Js,"PT. BFI FINANCE INDONESIA, Tbk",Git
JOB_0724,ui-ux-designer,ui_ux,Frontend Engineer Web React.Js,"PT. BFI FINANCE INDONESIA, Tbk",UI/UX
JOB_0724,ui-ux-designer,ui_ux,Frontend Engineer Web React.Js,"PT. BFI FINANCE INDONESIA, Tbk",Agile/Scrum
JOB_0728,ui-ux-designer,ui_ux,Creative Design Intern,PT Bosnet Distribution Indonesia,TypeScript
JOB_0729,ui-ux-designer,ui_ux,"Product Development Manager (Bedding, Home Living)",PT Subur Anugerah Sentosa,Prototyping
JOB_0730,ui-ux-designer,ui_ux,Graphic Design,PT Longhi Group International,Excel
JOB_0730,ui-ux-designer,ui_ux,Graphic Design,PT Longhi Group International,TypeScript
JOB_0732,ui-ux-designer,ui_ux,Video Grafis,YAYASAN YAYASAN POTENSI INSAN BERDAYA,TypeScript
JOB_0733,ui-ux-designer,ui_ux,iOS Developer,PT ABISHAR TECHNOLOGIES INDONESIA,TypeScript
JOB_0733,ui-ux-designer,ui_ux,iOS Developer,PT ABISHAR TECHNOLOGIES INDONESIA,REST API
JOB_0734,ui-ux-designer,ui_ux,Visual Communication Design Lecturer,Universitas Ciputra Surabaya,TypeScript
JOB_0734,ui-ux-designer,ui_ux,Visual Communication Design Lecturer,Universitas Ciputra Surabaya,UI/UX
JOB_0736,ui-ux-designer,ui_ux,Senior Service Designer - 12 month Contract,Macquarie Group,TypeScript
JOB_0737,ui-ux-designer,ui_ux,UI/UX Designer Jakarta,PT Duta Generasi Mandiri,Figma
JOB_0737,ui-ux-designer,ui_ux,UI/UX Designer Jakarta,PT Duta Generasi Mandiri,UI/UX
JOB_0737,ui-ux-designer,ui_ux,UI/UX Designer Jakarta,PT Duta Generasi Mandiri,Wireframing
JOB_0738,ui-ux-designer,ui_ux,UI/UX Designer,PT Andalan Global Sarana,Figma
JOB_0738,ui-ux-designer,ui_ux,UI/UX Designer,PT Andalan Global Sarana,UI/UX
JOB_0739,ui-ux-designer,ui_ux,Web Designer,PT Mid Solusi Nusantara (MEKARI),Excel
JOB_0739,ui-ux-designer,ui_ux,Web Designer,PT Mid Solusi Nusantara (MEKARI),TypeScript
JOB_0739,ui-ux-designer,ui_ux,Web Designer,PT Mid Solusi Nusantara (MEKARI),Next.js
JOB_0739,ui-ux-designer,ui_ux,Web Designer,PT Mid Solusi Nusantara (MEKARI),Figma
JOB_0739,ui-ux-designer,ui_ux,Web Designer,PT Mid Solusi Nusantara (MEKARI),UI/UX
JOB_0739,ui-ux-designer,ui_ux,Web Designer,PT Mid Solusi Nusantara (MEKARI),Wireframing
JOB_0740,ui-ux-designer,ui_ux,UI/UX Designer - XL Smart,PT Duta Generasi Mandiri,Figma
JOB_0740,ui-ux-designer,ui_ux,UI/UX Designer - XL Smart,PT Duta Generasi Mandiri,UI/UX
JOB_0740,ui-ux-designer,ui_ux,UI/UX Designer - XL Smart,PT Duta Generasi Mandiri,Wireframing
JOB_0741,ui-ux-designer,ui_ux,UI/UX Product Designer,PT Lentera Bangsa Benderang,Excel
JOB_0741,ui-ux-designer,ui_ux,UI/UX Product Designer,PT Lentera Bangsa Benderang,TypeScript
JOB_0741,ui-ux-designer,ui_ux,UI/UX Product Designer,PT Lentera Bangsa Benderang,Figma
JOB_0741,ui-ux-designer,ui_ux,UI/UX Product Designer,PT Lentera Bangsa Benderang,UI/UX
JOB_0741,ui-ux-designer,ui_ux,UI/UX Product Designer,PT Lentera Bangsa Benderang,Wireframing
JOB_0742,ui-ux-designer,ui_ux,UI/UX Intern,PT Bosnet Distribution Indonesia,Excel
JOB_0742,ui-ux-designer,ui_ux,UI/UX Intern,PT Bosnet Distribution Indonesia,TypeScript
JOB_0742,ui-ux-designer,ui_ux,UI/UX Intern,PT Bosnet Distribution Indonesia,Wireframing
JOB_0743,ui-ux-designer,ui_ux,UI/UX Product Designer,PT Telkomsel Ekosistem Digital,Excel
JOB_0743,ui-ux-designer,ui_ux,UI/UX Product Designer,PT Telkomsel Ekosistem Digital,TypeScript
JOB_0743,ui-ux-designer,ui_ux,UI/UX Product Designer,PT Telkomsel Ekosistem Digital,Figma
JOB_0743,ui-ux-designer,ui_ux,UI/UX Product Designer,PT Telkomsel Ekosistem Digital,UI/UX
JOB_0744,ui-ux-designer,ui_ux,UI/UX  Designer (Paid Internship),PT. Tirtamas Coldstorindo Logistik,TypeScript
JOB_0744,ui-ux-designer,ui_ux,UI/UX  Designer (Paid Internship),PT. Tirtamas Coldstorindo Logistik,Figma
JOB_0744,ui-ux-designer,ui_ux,UI/UX  Designer (Paid Internship),PT. Tirtamas Coldstorindo Logistik,UI/UX
JOB_0744,ui-ux-designer,ui_ux,UI/UX  Designer (Paid Internship),PT. Tirtamas Coldstorindo Logistik,Wireframing
JOB_0745,ui-ux-designer,ui_ux,UI/UX Designer,Sagara Technology Group,Machine Learning
JOB_0745,ui-ux-designer,ui_ux,UI/UX Designer,Sagara Technology Group,HTML
JOB_0745,ui-ux-designer,ui_ux,UI/UX Designer,Sagara Technology Group,CSS
JOB_0745,ui-ux-designer,ui_ux,UI/UX Designer,Sagara Technology Group,JavaScript
JOB_0745,ui-ux-designer,ui_ux,UI/UX Designer,Sagara Technology Group,TypeScript
JOB_0745,ui-ux-designer,ui_ux,UI/UX Designer,Sagara Technology Group,Figma
JOB_0745,ui-ux-designer,ui_ux,UI/UX Designer,Sagara Technology Group,UI/UX
JOB_0745,ui-ux-designer,ui_ux,UI/UX Designer,Sagara Technology Group,Wireframing
JOB_0746,ui-ux-designer,ui_ux,UI/UX Designer Internship,PT Enseval Putera Megatrading Tbk,TypeScript
JOB_0747,ui-ux-designer,ui_ux,UI/UX,PT Mega Ponsel Indonesia,UI/UX
JOB_0748,ui-ux-designer,ui_ux,Senior UI/UX Designer,Karunia Prima Nastari (KPN CORP.),Machine Learning
JOB_0748,ui-ux-designer,ui_ux,Senior UI/UX Designer,Karunia Prima Nastari (KPN CORP.),HTML
JOB_0748,ui-ux-designer,ui_ux,Senior UI/UX Designer,Karunia Prima Nastari (KPN CORP.),CSS
JOB_0748,ui-ux-designer,ui_ux,Senior UI/UX Designer,Karunia Prima Nastari (KPN CORP.),JavaScript
JOB_0748,ui-ux-designer,ui_ux,Senior UI/UX Designer,Karunia Prima Nastari (KPN CORP.),TypeScript
JOB_0748,ui-ux-designer,ui_ux,Senior UI/UX Designer,Karunia Prima Nastari (KPN CORP.),Wireframing
JOB_0748,ui-ux-designer,ui_ux,Senior UI/UX Designer,Karunia Prima Nastari (KPN CORP.),Prototyping
JOB_0749,ui-ux-designer,ui_ux,Product Designer (UX),Solve Education,Machine Learning
JOB_0749,ui-ux-designer,ui_ux,Product Designer (UX),Solve Education,HTML
JOB_0749,ui-ux-designer,ui_ux,Product Designer (UX),Solve Education,CSS
JOB_0749,ui-ux-designer,ui_ux,Product Designer (UX),Solve Education,TypeScript
JOB_0749,ui-ux-designer,ui_ux,Product Designer (UX),Solve Education,Figma
JOB_0749,ui-ux-designer,ui_ux,Product Designer (UX),Solve Education,UI/UX
JOB_0749,ui-ux-designer,ui_ux,Product Designer (UX),Solve Education,Wireframing
JOB_0749,ui-ux-designer,ui_ux,Product Designer (UX),Solve Education,Prototyping
JOB_0750,ui-ux-designer,ui_ux,Product Designer,Ctlyst,TypeScript
JOB_0750,ui-ux-designer,ui_ux,Product Designer,Ctlyst,Figma
JOB_0750,ui-ux-designer,ui_ux,Product Designer,Ctlyst,Prototyping
JOB_0750,ui-ux-designer,ui_ux,Product Designer,Ctlyst,Agile/Scrum
JOB_0751,ui-ux-designer,ui_ux,UI UX Designer,Automata Neo Solutions,TypeScript
JOB_0751,ui-ux-designer,ui_ux,UI UX Designer,Automata Neo Solutions,Figma
JOB_0751,ui-ux-designer,ui_ux,UI UX Designer,Automata Neo Solutions,UI/UX
JOB_0751,ui-ux-designer,ui_ux,UI UX Designer,Automata Neo Solutions,Wireframing
JOB_0751,ui-ux-designer,ui_ux,UI UX Designer,Automata Neo Solutions,Prototyping
JOB_0752,ui-ux-designer,ui_ux,UI/UX Designer,PT Wira Global Solusi Tbk,Excel
JOB_0752,ui-ux-designer,ui_ux,UI/UX Designer,PT Wira Global Solusi Tbk,Machine Learning
JOB_0752,ui-ux-designer,ui_ux,UI/UX Designer,PT Wira Global Solusi Tbk,HTML
JOB_0752,ui-ux-designer,ui_ux,UI/UX Designer,PT Wira Global Solusi Tbk,CSS
JOB_0752,ui-ux-designer,ui_ux,UI/UX Designer,PT Wira Global Solusi Tbk,JavaScript
JOB_0752,ui-ux-designer,ui_ux,UI/UX Designer,PT Wira Global Solusi Tbk,TypeScript
JOB_0752,ui-ux-designer,ui_ux,UI/UX Designer,PT Wira Global Solusi Tbk,UI/UX
JOB_0752,ui-ux-designer,ui_ux,UI/UX Designer,PT Wira Global Solusi Tbk,Wireframing
JOB_0752,ui-ux-designer,ui_ux,UI/UX Designer,PT Wira Global Solusi Tbk,Prototyping
JOB_0753,ui-ux-designer,ui_ux,Application Designer,Simpul Technologies,Excel
JOB_0753,ui-ux-designer,ui_ux,Application Designer,Simpul Technologies,TypeScript
JOB_0753,ui-ux-designer,ui_ux,Application Designer,Simpul Technologies,UI/UX
JOB_0753,ui-ux-designer,ui_ux,Application Designer,Simpul Technologies,Wireframing
JOB_0753,ui-ux-designer,ui_ux,Application Designer,Simpul Technologies,Prototyping
JOB_0754,ui-ux-designer,ui_ux,UI/UX Designer for Mobile App,PT Appfuxion Consulting,TypeScript
JOB_0754,ui-ux-designer,ui_ux,UI/UX Designer for Mobile App,PT Appfuxion Consulting,UI/UX
JOB_0754,ui-ux-designer,ui_ux,UI/UX Designer for Mobile App,PT Appfuxion Consulting,Wireframing
JOB_0755,ui-ux-designer,ui_ux,UI/UX,PT Tiga Daya Digital Indonesia,UI/UX
JOB_0756,ui-ux-designer,ui_ux,UI/UX Designers Lead,PT Selaras Kinerja Muda,Excel
JOB_0756,ui-ux-designer,ui_ux,UI/UX Designers Lead,PT Selaras Kinerja Muda,TypeScript
JOB_0756,ui-ux-designer,ui_ux,UI/UX Designers Lead,PT Selaras Kinerja Muda,Figma
JOB_0756,ui-ux-designer,ui_ux,UI/UX Designers Lead,PT Selaras Kinerja Muda,UI/UX
JOB_0757,ui-ux-designer,ui_ux,Product Designer,PT Ibunda Sehat Mental,TypeScript
JOB_0757,ui-ux-designer,ui_ux,Product Designer,PT Ibunda Sehat Mental,Figma
JOB_0757,ui-ux-designer,ui_ux,Product Designer,PT Ibunda Sehat Mental,UI/UX
JOB_0757,ui-ux-designer,ui_ux,Product Designer,PT Ibunda Sehat Mental,Wireframing
JOB_0757,ui-ux-designer,ui_ux,Product Designer,PT Ibunda Sehat Mental,Prototyping
JOB_0758,ui-ux-designer,ui_ux,UI UX Designer,PT Rukun Sejahtera Teknik,Machine Learning
JOB_0758,ui-ux-designer,ui_ux,UI UX Designer,PT Rukun Sejahtera Teknik,HTML
JOB_0758,ui-ux-designer,ui_ux,UI UX Designer,PT Rukun Sejahtera Teknik,CSS
JOB_0758,ui-ux-designer,ui_ux,UI UX Designer,PT Rukun Sejahtera Teknik,Figma
JOB_0758,ui-ux-designer,ui_ux,UI UX Designer,PT Rukun Sejahtera Teknik,UI/UX
JOB_0758,ui-ux-designer,ui_ux,UI UX Designer,PT Rukun Sejahtera Teknik,Wireframing
JOB_0758,ui-ux-designer,ui_ux,UI UX Designer,PT Rukun Sejahtera Teknik,Prototyping
JOB_0759,ui-ux-designer,ui_ux,UI UX Product,Talent Search Recruitment Consultant,Excel
JOB_0759,ui-ux-designer,ui_ux,UI UX Product,Talent Search Recruitment Consultant,TypeScript
JOB_0759,ui-ux-designer,ui_ux,UI UX Product,Talent Search Recruitment Consultant,Figma
JOB_0759,ui-ux-designer,ui_ux,UI UX Product,Talent Search Recruitment Consultant,UI/UX
JOB_0759,ui-ux-designer,ui_ux,UI UX Product,Talent Search Recruitment Consultant,Wireframing
JOB_0760,ui-ux-designer,ui_ux,UI/UX Designer Senior,PT Cycent Inovasi Kaizen,Figma
JOB_0760,ui-ux-designer,ui_ux,UI/UX Designer Senior,PT Cycent Inovasi Kaizen,UI/UX
JOB_0760,ui-ux-designer,ui_ux,UI/UX Designer Senior,PT Cycent Inovasi Kaizen,Wireframing
JOB_0760,ui-ux-designer,ui_ux,UI/UX Designer Senior,PT Cycent Inovasi Kaizen,Prototyping
JOB_0760,ui-ux-designer,ui_ux,UI/UX Designer Senior,PT Cycent Inovasi Kaizen,Problem Solving
JOB_0761,ui-ux-designer,ui_ux,UI Designer (Placement : Padel Method Singapore),BIOTA Smart Home,Excel
JOB_0761,ui-ux-designer,ui_ux,UI Designer (Placement : Padel Method Singapore),BIOTA Smart Home,Machine Learning
JOB_0761,ui-ux-designer,ui_ux,UI Designer (Placement : Padel Method Singapore),BIOTA Smart Home,HTML
JOB_0761,ui-ux-designer,ui_ux,UI Designer (Placement : Padel Method Singapore),BIOTA Smart Home,CSS
JOB_0761,ui-ux-designer,ui_ux,UI Designer (Placement : Padel Method Singapore),BIOTA Smart Home,TypeScript
JOB_0761,ui-ux-designer,ui_ux,UI Designer (Placement : Padel Method Singapore),BIOTA Smart Home,Figma
JOB_0761,ui-ux-designer,ui_ux,UI Designer (Placement : Padel Method Singapore),BIOTA Smart Home,UI/UX
JOB_0761,ui-ux-designer,ui_ux,UI Designer (Placement : Padel Method Singapore),BIOTA Smart Home,Wireframing
JOB_0762,ui-ux-designer,ui_ux,"Communication Designer (Brand, UX/UI & Visual S...",Cartrack Technologies Indonesia,Excel
JOB_0762,ui-ux-designer,ui_ux,"Communication Designer (Brand, UX/UI & Visual S...",Cartrack Technologies Indonesia,TypeScript
JOB_0762,ui-ux-designer,ui_ux,"Communication Designer (Brand, UX/UI & Visual S...",Cartrack Technologies Indonesia,Figma
JOB_0762,ui-ux-designer,ui_ux,"Communication Designer (Brand, UX/UI & Visual S...",Cartrack Technologies Indonesia,UI/UX
JOB_0762,ui-ux-designer,ui_ux,"Communication Designer (Brand, UX/UI & Visual S...",Cartrack Technologies Indonesia,Prototyping
JOB_0763,ui-ux-designer,ui_ux,Staff IT UI/UX,PT Erela,Machine Learning
JOB_0763,ui-ux-designer,ui_ux,Staff IT UI/UX,PT Erela,HTML
JOB_0763,ui-ux-designer,ui_ux,Staff IT UI/UX,PT Erela,CSS
JOB_0763,ui-ux-designer,ui_ux,Staff IT UI/UX,PT Erela,REST API
JOB_0763,ui-ux-designer,ui_ux,Staff IT UI/UX,PT Erela,Figma
JOB_0763,ui-ux-designer,ui_ux,Staff IT UI/UX,PT Erela,UI/UX
JOB_0763,ui-ux-designer,ui_ux,Staff IT UI/UX,PT Erela,Wireframing
JOB_0763,ui-ux-designer,ui_ux,Staff IT UI/UX,PT Erela,Prototyping
JOB_0764,ui-ux-designer,ui_ux,Product Designer,PT. Aku Pintar Indonesia,REST API
JOB_0764,ui-ux-designer,ui_ux,Product Designer,PT. Aku Pintar Indonesia,Figma
JOB_0764,ui-ux-designer,ui_ux,Product Designer,PT. Aku Pintar Indonesia,Wireframing
JOB_0764,ui-ux-designer,ui_ux,Product Designer,PT. Aku Pintar Indonesia,Agile/Scrum
JOB_0765,ui-ux-designer,ui_ux,Senior UI/UX Designer,PT. Tirtamas Coldstorindo Logistik,TypeScript
JOB_0765,ui-ux-designer,ui_ux,Senior UI/UX Designer,PT. Tirtamas Coldstorindo Logistik,Figma
JOB_0765,ui-ux-designer,ui_ux,Senior UI/UX Designer,PT. Tirtamas Coldstorindo Logistik,UI/UX
JOB_0765,ui-ux-designer,ui_ux,Senior UI/UX Designer,PT. Tirtamas Coldstorindo Logistik,Wireframing
JOB_0766,ui-ux-designer,ui_ux,Web Designer,Amino Restaurant Uluwatu,TypeScript
JOB_0766,ui-ux-designer,ui_ux,Web Designer,Amino Restaurant Uluwatu,Figma
JOB_0767,ui-ux-designer,ui_ux,UI Artist,Tripledot Studios,TypeScript
JOB_0767,ui-ux-designer,ui_ux,UI Artist,Tripledot Studios,UI/UX
JOB_0768,ui-ux-designer,ui_ux,Product Designer - Corporate Lab,PT Sea Group,TypeScript
JOB_0768,ui-ux-designer,ui_ux,Product Designer - Corporate Lab,PT Sea Group,Figma
JOB_0768,ui-ux-designer,ui_ux,Product Designer - Corporate Lab,PT Sea Group,UI/UX
JOB_0769,ui-ux-designer,ui_ux,Product Designer (Mid - Senior Level),PT Dwi Cermat Indonesia,Machine Learning
JOB_0769,ui-ux-designer,ui_ux,Product Designer (Mid - Senior Level),PT Dwi Cermat Indonesia,HTML
JOB_0769,ui-ux-designer,ui_ux,Product Designer (Mid - Senior Level),PT Dwi Cermat Indonesia,CSS
JOB_0769,ui-ux-designer,ui_ux,Product Designer (Mid - Senior Level),PT Dwi Cermat Indonesia,TypeScript
JOB_0769,ui-ux-designer,ui_ux,Product Designer (Mid - Senior Level),PT Dwi Cermat Indonesia,Figma
JOB_0769,ui-ux-designer,ui_ux,Product Designer (Mid - Senior Level),PT Dwi Cermat Indonesia,UI/UX
JOB_0769,ui-ux-designer,ui_ux,Product Designer (Mid - Senior Level),PT Dwi Cermat Indonesia,Wireframing
JOB_0769,ui-ux-designer,ui_ux,Product Designer (Mid - Senior Level),PT Dwi Cermat Indonesia,Prototyping
JOB_0770,ui-ux-designer,ui_ux,Product Designer (Souvenir / Custom Gift Design),PT Abadi Sejahtera Finansindo (Head Office),TypeScript
JOB_0771,ui-ux-designer,ui_ux,Product Designer,Apotek Alpro,TypeScript
JOB_0772,ui-ux-designer,ui_ux,IMMERSE 2 - Information Technology ...,PT Surya Citra Televisi  ( SCTV ),TypeScript
JOB_0772,ui-ux-designer,ui_ux,IMMERSE 2 - Information Technology ...,PT Surya Citra Televisi  ( SCTV ),UI/UX
JOB_0773,ui-ux-designer,ui_ux,Staff / Principal Product Designer,Lovable,TypeScript
JOB_0773,ui-ux-designer,ui_ux,Staff / Principal Product Designer,Lovable,Golang
JOB_0773,ui-ux-designer,ui_ux,Staff / Principal Product Designer,Lovable,Prototyping
JOB_0774,ui-ux-designer,ui_ux,Web Specialist,MirrorSpace,Machine Learning
JOB_0774,ui-ux-designer,ui_ux,Web Specialist,MirrorSpace,HTML
JOB_0774,ui-ux-designer,ui_ux,Web Specialist,MirrorSpace,CSS
JOB_0774,ui-ux-designer,ui_ux,Web Specialist,MirrorSpace,JavaScript
JOB_0775,ui-ux-designer,ui_ux,Web Designer/Developer for Healthcare and Wellness Industry (US-Based/Remote),Paired Recruiting,TypeScript
JOB_0775,ui-ux-designer,ui_ux,Web Designer/Developer for Healthcare and Wellness Industry (US-Based/Remote),Paired Recruiting,Figma
JOB_0775,ui-ux-designer,ui_ux,Web Designer/Developer for Healthcare and Wellness Industry (US-Based/Remote),Paired Recruiting,UI/UX
JOB_0776,ui-ux-designer,ui_ux,Lowongan Kerja UI/UX Designer Internship,PT. Garuda Lintas Cakrawala (Dasaria),Figma
JOB_0776,ui-ux-designer,ui_ux,Lowongan Kerja UI/UX Designer Internship,PT. Garuda Lintas Cakrawala (Dasaria),UI/UX
JOB_0776,ui-ux-designer,ui_ux,Lowongan Kerja UI/UX Designer Internship,PT. Garuda Lintas Cakrawala (Dasaria),Wireframing
JOB_0777,ui-ux-designer,ui_ux,Game Designer,PT Gameloft Indonesia (Yogyakarta),Excel
JOB_0777,ui-ux-designer,ui_ux,Game Designer,PT Gameloft Indonesia (Yogyakarta),TypeScript
JOB_0777,ui-ux-designer,ui_ux,Game Designer,PT Gameloft Indonesia (Yogyakarta),Next.js
JOB_0777,ui-ux-designer,ui_ux,Game Designer,PT Gameloft Indonesia (Yogyakarta),Golang
JOB_0777,ui-ux-designer,ui_ux,Game Designer,PT Gameloft Indonesia (Yogyakarta),Figma
JOB_0777,ui-ux-designer,ui_ux,Game Designer,PT Gameloft Indonesia (Yogyakarta),UI/UX
JOB_0778,ui-ux-designer,ui_ux,Product Design,PT Lincah Cipta Harapan,TypeScript
JOB_0778,ui-ux-designer,ui_ux,Product Design,PT Lincah Cipta Harapan,Figma
JOB_0778,ui-ux-designer,ui_ux,Product Design,PT Lincah Cipta Harapan,Wireframing
JOB_0778,ui-ux-designer,ui_ux,Product Design,PT Lincah Cipta Harapan,Problem Solving
JOB_0779,ui-ux-designer,ui_ux,Sport Product Designer,NCR Group,TypeScript
JOB_0779,ui-ux-designer,ui_ux,Sport Product Designer,NCR Group,Agile/Scrum
JOB_0781,ui-ux-designer,ui_ux,Mobile Developer Kotlin | Gramedia Digital,Kompas Gramedia - KG Media,REST API
JOB_0781,ui-ux-designer,ui_ux,Mobile Developer Kotlin | Gramedia Digital,Kompas Gramedia - KG Media,Git
JOB_0781,ui-ux-designer,ui_ux,Mobile Developer Kotlin | Gramedia Digital,Kompas Gramedia - KG Media,UI/UX
JOB_0781,ui-ux-designer,ui_ux,Mobile Developer Kotlin | Gramedia Digital,Kompas Gramedia - KG Media,Wireframing
JOB_0782,ui-ux-designer,ui_ux,Business Analyst,PT Berlian Sistem Informasi,SQL
JOB_0782,ui-ux-designer,ui_ux,Business Analyst,PT Berlian Sistem Informasi,Excel
JOB_0782,ui-ux-designer,ui_ux,Business Analyst,PT Berlian Sistem Informasi,TypeScript
JOB_0782,ui-ux-designer,ui_ux,Business Analyst,PT Berlian Sistem Informasi,UI/UX
JOB_0783,ui-ux-designer,ui_ux,ISTARASA Product Designer Staff Pyk. Rasa Dewata,Samudera Indonesia,TypeScript
JOB_0783,ui-ux-designer,ui_ux,ISTARASA Product Designer Staff Pyk. Rasa Dewata,Samudera Indonesia,Figma
JOB_0784,ui-ux-designer,ui_ux,Fullstack Data Engineer,UCoal Sumberdaya,JavaScript
JOB_0784,ui-ux-designer,ui_ux,Fullstack Data Engineer,UCoal Sumberdaya,TypeScript
JOB_0784,ui-ux-designer,ui_ux,Fullstack Data Engineer,UCoal Sumberdaya,React.js
JOB_0784,ui-ux-designer,ui_ux,Fullstack Data Engineer,UCoal Sumberdaya,React Native
JOB_0784,ui-ux-designer,ui_ux,Fullstack Data Engineer,UCoal Sumberdaya,Vue.js
JOB_0784,ui-ux-designer,ui_ux,Fullstack Data Engineer,UCoal Sumberdaya,Angular
JOB_0784,ui-ux-designer,ui_ux,Fullstack Data Engineer,UCoal Sumberdaya,REST API
JOB_0784,ui-ux-designer,ui_ux,Fullstack Data Engineer,UCoal Sumberdaya,Docker
JOB_0784,ui-ux-designer,ui_ux,Fullstack Data Engineer,UCoal Sumberdaya,Kubernetes
JOB_0784,ui-ux-designer,ui_ux,Fullstack Data Engineer,UCoal Sumberdaya,AWS
JOB_0784,ui-ux-designer,ui_ux,Fullstack Data Engineer,UCoal Sumberdaya,Azure
JOB_0784,ui-ux-designer,ui_ux,Fullstack Data Engineer,UCoal Sumberdaya,CI/CD
JOB_0784,ui-ux-designer,ui_ux,Fullstack Data Engineer,UCoal Sumberdaya,Git
JOB_0784,ui-ux-designer,ui_ux,Fullstack Data Engineer,UCoal Sumberdaya,Microservices
JOB_0784,ui-ux-designer,ui_ux,Fullstack Data Engineer,UCoal Sumberdaya,UI/UX
JOB_0785,ui-ux-designer,ui_ux,FrontEnd Developer,PT Rukun Sejahtera Teknik,HTML
JOB_0785,ui-ux-designer,ui_ux,FrontEnd Developer,PT Rukun Sejahtera Teknik,CSS
JOB_0785,ui-ux-designer,ui_ux,FrontEnd Developer,PT Rukun Sejahtera Teknik,JavaScript
JOB_0785,ui-ux-designer,ui_ux,FrontEnd Developer,PT Rukun Sejahtera Teknik,Git
JOB_0785,ui-ux-designer,ui_ux,FrontEnd Developer,PT Rukun Sejahtera Teknik,UI/UX
JOB_0786,ui-ux-designer,ui_ux,Frontend Developer,"PT. Solusi Sinergi Digital, Tbk (Surge)",Machine Learning
JOB_0786,ui-ux-designer,ui_ux,Frontend Developer,"PT. Solusi Sinergi Digital, Tbk (Surge)",HTML
JOB_0786,ui-ux-designer,ui_ux,Frontend Developer,"PT. Solusi Sinergi Digital, Tbk (Surge)",CSS
JOB_0786,ui-ux-designer,ui_ux,Frontend Developer,"PT. Solusi Sinergi Digital, Tbk (Surge)",JavaScript
JOB_0786,ui-ux-designer,ui_ux,Frontend Developer,"PT. Solusi Sinergi Digital, Tbk (Surge)",React.js
JOB_0786,ui-ux-designer,ui_ux,Frontend Developer,"PT. Solusi Sinergi Digital, Tbk (Surge)",Next.js
JOB_0786,ui-ux-designer,ui_ux,Frontend Developer,"PT. Solusi Sinergi Digital, Tbk (Surge)",REST API
JOB_0786,ui-ux-designer,ui_ux,Frontend Developer,"PT. Solusi Sinergi Digital, Tbk (Surge)",Git
JOB_0786,ui-ux-designer,ui_ux,Frontend Developer,"PT. Solusi Sinergi Digital, Tbk (Surge)",UI/UX
JOB_0787,ui-ux-designer,ui_ux,Mobile App Flutter Developer (Internship),PT Lincah Cipta Harapan,REST API
JOB_0787,ui-ux-designer,ui_ux,Mobile App Flutter Developer (Internship),PT Lincah Cipta Harapan,Git
JOB_0787,ui-ux-designer,ui_ux,Mobile App Flutter Developer (Internship),PT Lincah Cipta Harapan,UI/UX
JOB_0788,ui-ux-designer,ui_ux,Frontend Developer,Pengiklan Anonim,HTML
JOB_0788,ui-ux-designer,ui_ux,Frontend Developer,Pengiklan Anonim,CSS
JOB_0788,ui-ux-designer,ui_ux,Frontend Developer,Pengiklan Anonim,JavaScript
JOB_0788,ui-ux-designer,ui_ux,Frontend Developer,Pengiklan Anonim,TypeScript
JOB_0788,ui-ux-designer,ui_ux,Frontend Developer,Pengiklan Anonim,React.js
JOB_0788,ui-ux-designer,ui_ux,Frontend Developer,Pengiklan Anonim,Next.js
JOB_0788,ui-ux-designer,ui_ux,Frontend Developer,Pengiklan Anonim,Agile/Scrum
JOB_0789,ui-ux-designer,ui_ux,Graphic Designer (6 Months Contract),PT Acommerce Solusi Lestari,Excel
JOB_0789,ui-ux-designer,ui_ux,Graphic Designer (6 Months Contract),PT Acommerce Solusi Lestari,TypeScript
JOB_0789,ui-ux-designer,ui_ux,Graphic Designer (6 Months Contract),PT Acommerce Solusi Lestari,UI/UX
JOB_0790,ui-ux-designer,ui_ux,Fullstack Developer Associate Manager,PT Alto Network,Python
JOB_0790,ui-ux-designer,ui_ux,Fullstack Developer Associate Manager,PT Alto Network,PostgreSQL
JOB_0790,ui-ux-designer,ui_ux,Fullstack Developer Associate Manager,PT Alto Network,MySQL
JOB_0790,ui-ux-designer,ui_ux,Fullstack Developer Associate Manager,PT Alto Network,JavaScript
JOB_0790,ui-ux-designer,ui_ux,Fullstack Developer Associate Manager,PT Alto Network,TypeScript
JOB_0790,ui-ux-designer,ui_ux,Fullstack Developer Associate Manager,PT Alto Network,Golang
JOB_0790,ui-ux-designer,ui_ux,Fullstack Developer Associate Manager,PT Alto Network,Java
JOB_0790,ui-ux-designer,ui_ux,Fullstack Developer Associate Manager,PT Alto Network,Spring Boot
JOB_0790,ui-ux-designer,ui_ux,Fullstack Developer Associate Manager,PT Alto Network,Microservices
JOB_0790,ui-ux-designer,ui_ux,Fullstack Developer Associate Manager,PT Alto Network,Problem Solving
JOB_0791,ui-ux-designer,ui_ux,Head of Design,Macquarie Group,UI/UX
JOB_0792,ui-ux-designer,ui_ux,Full Stack Developer,PT. Mitra Kreasi Natural,Python
JOB_0792,ui-ux-designer,ui_ux,Full Stack Developer,PT. Mitra Kreasi Natural,SQL
JOB_0792,ui-ux-designer,ui_ux,Full Stack Developer,PT. Mitra Kreasi Natural,PostgreSQL
JOB_0792,ui-ux-designer,ui_ux,Full Stack Developer,PT. Mitra Kreasi Natural,MySQL
JOB_0792,ui-ux-designer,ui_ux,Full Stack Developer,PT. Mitra Kreasi Natural,MongoDB
JOB_0792,ui-ux-designer,ui_ux,Full Stack Developer,PT. Mitra Kreasi Natural,Machine Learning
JOB_0792,ui-ux-designer,ui_ux,Full Stack Developer,PT. Mitra Kreasi Natural,HTML
JOB_0792,ui-ux-designer,ui_ux,Full Stack Developer,PT. Mitra Kreasi Natural,CSS
JOB_0792,ui-ux-designer,ui_ux,Full Stack Developer,PT. Mitra Kreasi Natural,JavaScript
JOB_0792,ui-ux-designer,ui_ux,Full Stack Developer,PT. Mitra Kreasi Natural,TypeScript
JOB_0792,ui-ux-designer,ui_ux,Full Stack Developer,PT. Mitra Kreasi Natural,React.js
JOB_0792,ui-ux-designer,ui_ux,Full Stack Developer,PT. Mitra Kreasi Natural,Vue.js
JOB_0792,ui-ux-designer,ui_ux,Full Stack Developer,PT. Mitra Kreasi Natural,Angular
JOB_0792,ui-ux-designer,ui_ux,Full Stack Developer,PT. Mitra Kreasi Natural,Node.js
JOB_0792,ui-ux-designer,ui_ux,Full Stack Developer,PT. Mitra Kreasi Natural,PHP
JOB_0792,ui-ux-designer,ui_ux,Full Stack Developer,PT. Mitra Kreasi Natural,Java
JOB_0792,ui-ux-designer,ui_ux,Full Stack Developer,PT. Mitra Kreasi Natural,REST API
JOB_0792,ui-ux-designer,ui_ux,Full Stack Developer,PT. Mitra Kreasi Natural,GraphQL
JOB_0792,ui-ux-designer,ui_ux,Full Stack Developer,PT. Mitra Kreasi Natural,AWS
JOB_0792,ui-ux-designer,ui_ux,Full Stack Developer,PT. Mitra Kreasi Natural,GCP
JOB_0792,ui-ux-designer,ui_ux,Full Stack Developer,PT. Mitra Kreasi Natural,CI/CD
JOB_0792,ui-ux-designer,ui_ux,Full Stack Developer,PT. Mitra Kreasi Natural,Git
JOB_0792,ui-ux-designer,ui_ux,Full Stack Developer,PT. Mitra Kreasi Natural,Figma
JOB_0792,ui-ux-designer,ui_ux,Full Stack Developer,PT. Mitra Kreasi Natural,UI/UX
JOB_0793,ui-ux-designer,ui_ux,2D Graphic Designer - Jakarta,VapeBay,TypeScript
JOB_0794,ui-ux-designer,ui_ux,Android Developer (Kotlin),PT ABISHAR TECHNOLOGIES INDONESIA,PostgreSQL
JOB_0794,ui-ux-designer,ui_ux,Android Developer (Kotlin),PT ABISHAR TECHNOLOGIES INDONESIA,Machine Learning
JOB_0794,ui-ux-designer,ui_ux,Android Developer (Kotlin),PT ABISHAR TECHNOLOGIES INDONESIA,TypeScript
JOB_0794,ui-ux-designer,ui_ux,Android Developer (Kotlin),PT ABISHAR TECHNOLOGIES INDONESIA,REST API
JOB_0794,ui-ux-designer,ui_ux,Android Developer (Kotlin),PT ABISHAR TECHNOLOGIES INDONESIA,Git
JOB_0795,ui-ux-designer,ui_ux,Packaging Design (Brand: Iswhite & Naisday),PT SAVIR KEMILAU INDONESIA,R
JOB_0796,ui-ux-designer,ui_ux,Full Stack Developer (Senior),PT Cycent Inovasi Kaizen,SQL
JOB_0796,ui-ux-designer,ui_ux,Full Stack Developer (Senior),PT Cycent Inovasi Kaizen,PostgreSQL
JOB_0796,ui-ux-designer,ui_ux,Full Stack Developer (Senior),PT Cycent Inovasi Kaizen,MySQL
JOB_0796,ui-ux-designer,ui_ux,Full Stack Developer (Senior),PT Cycent Inovasi Kaizen,HTML
JOB_0796,ui-ux-designer,ui_ux,Full Stack Developer (Senior),PT Cycent Inovasi Kaizen,CSS
JOB_0796,ui-ux-designer,ui_ux,Full Stack Developer (Senior),PT Cycent Inovasi Kaizen,JavaScript
JOB_0796,ui-ux-designer,ui_ux,Full Stack Developer (Senior),PT Cycent Inovasi Kaizen,Angular
JOB_0796,ui-ux-designer,ui_ux,Full Stack Developer (Senior),PT Cycent Inovasi Kaizen,Golang
JOB_0796,ui-ux-designer,ui_ux,Full Stack Developer (Senior),PT Cycent Inovasi Kaizen,Java
JOB_0796,ui-ux-designer,ui_ux,Full Stack Developer (Senior),PT Cycent Inovasi Kaizen,REST API
JOB_0796,ui-ux-designer,ui_ux,Full Stack Developer (Senior),PT Cycent Inovasi Kaizen,UI/UX
JOB_0796,ui-ux-designer,ui_ux,Full Stack Developer (Senior),PT Cycent Inovasi Kaizen,Problem Solving
JOB_0797,ui-ux-designer,ui_ux,Game Developer 2D,PT Weefer Indonesia,Git
JOB_0797,ui-ux-designer,ui_ux,Game Developer 2D,PT Weefer Indonesia,UI/UX
JOB_0797,ui-ux-designer,ui_ux,Game Developer 2D,PT Weefer Indonesia,Problem Solving
JOB_0798,ui-ux-designer,ui_ux,Frontend Developer,PT Kamoro Maxima Integra,JavaScript
JOB_0798,ui-ux-designer,ui_ux,Frontend Developer,PT Kamoro Maxima Integra,TypeScript
JOB_0798,ui-ux-designer,ui_ux,Frontend Developer,PT Kamoro Maxima Integra,React.js
JOB_0798,ui-ux-designer,ui_ux,Frontend Developer,PT Kamoro Maxima Integra,Vue.js
JOB_0798,ui-ux-designer,ui_ux,Frontend Developer,PT Kamoro Maxima Integra,Java
JOB_0798,ui-ux-designer,ui_ux,Frontend Developer,PT Kamoro Maxima Integra,Git
JOB_0798,ui-ux-designer,ui_ux,Frontend Developer,PT Kamoro Maxima Integra,Agile/Scrum
JOB_0799,ui-ux-designer,ui_ux,IT Fronf End,Digital Impact Indonesia,Machine Learning
JOB_0799,ui-ux-designer,ui_ux,IT Fronf End,Digital Impact Indonesia,HTML
JOB_0799,ui-ux-designer,ui_ux,IT Fronf End,Digital Impact Indonesia,CSS
JOB_0799,ui-ux-designer,ui_ux,IT Fronf End,Digital Impact Indonesia,JavaScript
JOB_0799,ui-ux-designer,ui_ux,IT Fronf End,Digital Impact Indonesia,React.js
JOB_0799,ui-ux-designer,ui_ux,IT Fronf End,Digital Impact Indonesia,REST API
JOB_0799,ui-ux-designer,ui_ux,IT Fronf End,Digital Impact Indonesia,Git
JOB_0799,ui-ux-designer,ui_ux,IT Fronf End,Digital Impact Indonesia,UI/UX
JOB_0800,ui-ux-designer,ui_ux,IT Business Analyst,"PT. Central Proteina Prima, Tbk",SQL
JOB_0800,ui-ux-designer,ui_ux,IT Business Analyst,"PT. Central Proteina Prima, Tbk",Excel
JOB_0800,ui-ux-designer,ui_ux,IT Business Analyst,"PT. Central Proteina Prima, Tbk",TypeScript
JOB_0800,ui-ux-designer,ui_ux,IT Business Analyst,"PT. Central Proteina Prima, Tbk",Agile/Scrum
JOB_0801,cyber-security,cyber_security,IT Security Analyst,PT Bank CTBC Indonesia,TypeScript
JOB_0801,cyber-security,cyber_security,IT Security Analyst,PT Bank CTBC Indonesia,Cybersecurity
JOB_0802,cyber-security,cyber_security,"VP, Cyber Security, Technology",PT Bank DBS Indonesia,TypeScript
JOB_0802,cyber-security,cyber_security,"VP, Cyber Security, Technology",PT Bank DBS Indonesia,Cybersecurity
JOB_0803,cyber-security,cyber_security,IT Manager,PT Multikarya HasilPrima,Cybersecurity
JOB_0803,cyber-security,cyber_security,IT Manager,PT Multikarya HasilPrima,Problem Solving
JOB_0804,cyber-security,cyber_security,Account Manager (Cyber Security),PT Seraphim Digital Technology,Excel
JOB_0804,cyber-security,cyber_security,Account Manager (Cyber Security),PT Seraphim Digital Technology,JavaScript
JOB_0804,cyber-security,cyber_security,Account Manager (Cyber Security),PT Seraphim Digital Technology,TypeScript
JOB_0804,cyber-security,cyber_security,Account Manager (Cyber Security),PT Seraphim Digital Technology,Cybersecurity
JOB_0805,cyber-security,cyber_security,Senior endpoint security engineer (Trellix),PT. Lintas Teknologi Indonesia,Excel
JOB_0805,cyber-security,cyber_security,Senior endpoint security engineer (Trellix),PT. Lintas Teknologi Indonesia,TypeScript
JOB_0805,cyber-security,cyber_security,Senior endpoint security engineer (Trellix),PT. Lintas Teknologi Indonesia,Cybersecurity
JOB_0806,cyber-security,cyber_security,IT Security Specialist,PT. Dwidaya World Wide,TypeScript
JOB_0806,cyber-security,cyber_security,IT Security Specialist,PT. Dwidaya World Wide,Cybersecurity
JOB_0807,cyber-security,cyber_security,Chief Technology Officer (CTO),Pengiklan Anonim,Excel
JOB_0807,cyber-security,cyber_security,Chief Technology Officer (CTO),Pengiklan Anonim,Machine Learning
JOB_0807,cyber-security,cyber_security,Chief Technology Officer (CTO),Pengiklan Anonim,TypeScript
JOB_0807,cyber-security,cyber_security,Chief Technology Officer (CTO),Pengiklan Anonim,Golang
JOB_0807,cyber-security,cyber_security,Chief Technology Officer (CTO),Pengiklan Anonim,AWS
JOB_0807,cyber-security,cyber_security,Chief Technology Officer (CTO),Pengiklan Anonim,GCP
JOB_0807,cyber-security,cyber_security,Chief Technology Officer (CTO),Pengiklan Anonim,Azure
JOB_0807,cyber-security,cyber_security,Chief Technology Officer (CTO),Pengiklan Anonim,Cybersecurity
JOB_0807,cyber-security,cyber_security,Chief Technology Officer (CTO),Pengiklan Anonim,Agile/Scrum
JOB_0808,cyber-security,cyber_security,Cyber Security Consultant,PT Netmarks Indonesia,TypeScript
JOB_0808,cyber-security,cyber_security,Cyber Security Consultant,PT Netmarks Indonesia,Linux
JOB_0808,cyber-security,cyber_security,Cyber Security Consultant,PT Netmarks Indonesia,Cybersecurity
JOB_0808,cyber-security,cyber_security,Cyber Security Consultant,PT Netmarks Indonesia,Penetration Testing
JOB_0809,cyber-security,cyber_security,Cyber Security Onsite Engineer,PT. Magnus Sedaya Selaras,Cybersecurity
JOB_0810,cyber-security,cyber_security,APPLICATION DEVELOPER,Raditya Mulia Lestari (RML),REST API
JOB_0811,cyber-security,cyber_security,SENIOR IT SUPPORT,PT Wahyu Kartumasindo International,Penetration Testing
JOB_0812,cyber-security,cyber_security,SOC Threat Analyst (L2 & L3),PT. PELINDUNG TEKNOLOGI UTAMA,TypeScript
JOB_0812,cyber-security,cyber_security,SOC Threat Analyst (L2 & L3),PT. PELINDUNG TEKNOLOGI UTAMA,Linux
JOB_0812,cyber-security,cyber_security,SOC Threat Analyst (L2 & L3),PT. PELINDUNG TEKNOLOGI UTAMA,Cybersecurity
JOB_0813,cyber-security,cyber_security,Development Security Operations (DevSecOps),PT Swadharma Duta Data,Python
JOB_0813,cyber-security,cyber_security,Development Security Operations (DevSecOps),PT Swadharma Duta Data,Docker
JOB_0813,cyber-security,cyber_security,Development Security Operations (DevSecOps),PT Swadharma Duta Data,Kubernetes
JOB_0813,cyber-security,cyber_security,Development Security Operations (DevSecOps),PT Swadharma Duta Data,Azure
JOB_0813,cyber-security,cyber_security,Development Security Operations (DevSecOps),PT Swadharma Duta Data,CI/CD
JOB_0813,cyber-security,cyber_security,Development Security Operations (DevSecOps),PT Swadharma Duta Data,Git
JOB_0813,cyber-security,cyber_security,Development Security Operations (DevSecOps),PT Swadharma Duta Data,Linux
JOB_0814,cyber-security,cyber_security,"Staff Sistem Administration, IT Security & Networking",PT Module Intracs Yasatama,R
JOB_0814,cyber-security,cyber_security,"Staff Sistem Administration, IT Security & Networking",PT Module Intracs Yasatama,PostgreSQL
JOB_0814,cyber-security,cyber_security,"Staff Sistem Administration, IT Security & Networking",PT Module Intracs Yasatama,MySQL
JOB_0814,cyber-security,cyber_security,"Staff Sistem Administration, IT Security & Networking",PT Module Intracs Yasatama,Linux
JOB_0815,cyber-security,cyber_security,Network Security Department Head,Pengiklan Anonim,TypeScript
JOB_0816,cyber-security,cyber_security,Cyber Security Officer,PT VARIA USAHA FABRIKASI,Linux
JOB_0816,cyber-security,cyber_security,Cyber Security Officer,PT VARIA USAHA FABRIKASI,Cybersecurity
JOB_0816,cyber-security,cyber_security,Cyber Security Officer,PT VARIA USAHA FABRIKASI,Problem Solving
JOB_0817,cyber-security,cyber_security,IT & Operational Manager,Pengiklan Anonim,Problem Solving
JOB_0818,cyber-security,cyber_security,IT Infrastructure Supervisor,PT Aneka Search Indonesia,TypeScript
JOB_0818,cyber-security,cyber_security,IT Infrastructure Supervisor,PT Aneka Search Indonesia,Linux
JOB_0819,cyber-security,cyber_security,Cyber Security Assistant Manager,Pengiklan Anonim,Linux
JOB_0819,cyber-security,cyber_security,Cyber Security Assistant Manager,Pengiklan Anonim,Cybersecurity
JOB_0819,cyber-security,cyber_security,Cyber Security Assistant Manager,Pengiklan Anonim,Penetration Testing
JOB_0819,cyber-security,cyber_security,Cyber Security Assistant Manager,Pengiklan Anonim,Problem Solving
JOB_0820,cyber-security,cyber_security,Senior Infrastructure Read Team Specialis,PT Kb Data Systems Indonesia,Python
JOB_0820,cyber-security,cyber_security,Senior Infrastructure Read Team Specialis,PT Kb Data Systems Indonesia,R
JOB_0820,cyber-security,cyber_security,Senior Infrastructure Read Team Specialis,PT Kb Data Systems Indonesia,TypeScript
JOB_0820,cyber-security,cyber_security,Senior Infrastructure Read Team Specialis,PT Kb Data Systems Indonesia,Golang
JOB_0820,cyber-security,cyber_security,Senior Infrastructure Read Team Specialis,PT Kb Data Systems Indonesia,Linux
JOB_0820,cyber-security,cyber_security,Senior Infrastructure Read Team Specialis,PT Kb Data Systems Indonesia,Penetration Testing
JOB_0821,cyber-security,cyber_security,Cyber Security Operation Advance - Layer 3,PT XYNEXIS INTERNATIONAL,TypeScript
JOB_0821,cyber-security,cyber_security,Cyber Security Operation Advance - Layer 3,PT XYNEXIS INTERNATIONAL,Cybersecurity
JOB_0821,cyber-security,cyber_security,Cyber Security Operation Advance - Layer 3,PT XYNEXIS INTERNATIONAL,Penetration Testing
JOB_0822,cyber-security,cyber_security,Cyber Security Engineer & Governance (Specialist),PT Central Mega Kencana,TypeScript
JOB_0822,cyber-security,cyber_security,Cyber Security Engineer & Governance (Specialist),PT Central Mega Kencana,Cybersecurity
JOB_0822,cyber-security,cyber_security,Cyber Security Engineer & Governance (Specialist),PT Central Mega Kencana,Penetration Testing
JOB_0824,cyber-security,cyber_security,SOC (cyber security operation) Analyst L2,PT. BEIBI CEMERLANG INDONESIA,Cybersecurity
JOB_0825,cyber-security,cyber_security,"CSR, Security & External Relation Section Head",PT ADARO ANDALAN INDONESIA TBK,TypeScript
JOB_0826,cyber-security,cyber_security,Specialist AI Data Governance,"PT Bank Permata, Tbk",Excel
JOB_0826,cyber-security,cyber_security,Specialist AI Data Governance,"PT Bank Permata, Tbk",Machine Learning
JOB_0826,cyber-security,cyber_security,Specialist AI Data Governance,"PT Bank Permata, Tbk",TypeScript
JOB_0827,cyber-security,cyber_security,Risk Management Lead,PT. Kredit Utama Fintech Indonesia,Python
JOB_0827,cyber-security,cyber_security,Risk Management Lead,PT. Kredit Utama Fintech Indonesia,SQL
JOB_0827,cyber-security,cyber_security,Risk Management Lead,PT. Kredit Utama Fintech Indonesia,Excel
JOB_0827,cyber-security,cyber_security,Risk Management Lead,PT. Kredit Utama Fintech Indonesia,TypeScript
JOB_0828,cyber-security,cyber_security,"Infrastructure & Server Engineer (AWS, Monitoring, & MT5)",PT Usaha Kreatif Indonesia,Python
JOB_0828,cyber-security,cyber_security,"Infrastructure & Server Engineer (AWS, Monitoring, & MT5)",PT Usaha Kreatif Indonesia,Docker
JOB_0828,cyber-security,cyber_security,"Infrastructure & Server Engineer (AWS, Monitoring, & MT5)",PT Usaha Kreatif Indonesia,Kubernetes
JOB_0828,cyber-security,cyber_security,"Infrastructure & Server Engineer (AWS, Monitoring, & MT5)",PT Usaha Kreatif Indonesia,AWS
JOB_0828,cyber-security,cyber_security,"Infrastructure & Server Engineer (AWS, Monitoring, & MT5)",PT Usaha Kreatif Indonesia,CI/CD
JOB_0828,cyber-security,cyber_security,"Infrastructure & Server Engineer (AWS, Monitoring, & MT5)",PT Usaha Kreatif Indonesia,Git
JOB_0828,cyber-security,cyber_security,"Infrastructure & Server Engineer (AWS, Monitoring, & MT5)",PT Usaha Kreatif Indonesia,Linux
JOB_0828,cyber-security,cyber_security,"Infrastructure & Server Engineer (AWS, Monitoring, & MT5)",PT Usaha Kreatif Indonesia,Problem Solving
JOB_0829,cyber-security,cyber_security,Business Development IT Security,PT Pasifik Global Integrasi,TypeScript
JOB_0829,cyber-security,cyber_security,Business Development IT Security,PT Pasifik Global Integrasi,Cybersecurity
JOB_0831,cyber-security,cyber_security,IT Security Blue Team,PT Eka Bogainti,Excel
JOB_0831,cyber-security,cyber_security,IT Security Blue Team,PT Eka Bogainti,REST API
JOB_0833,cyber-security,cyber_security,Vice President ICT,Bali International Hospital,Excel
JOB_0833,cyber-security,cyber_security,Vice President ICT,Bali International Hospital,TypeScript
JOB_0834,cyber-security,cyber_security,Presales Engineer (Surveillance & Physical Security System),"PT. Metrodata Electronics, Tbk",TypeScript
JOB_0835,cyber-security,cyber_security,Microsoft Security Consultant (Presales & Delivery),AVANADE ASIA PTE LTD,TypeScript
JOB_0835,cyber-security,cyber_security,Microsoft Security Consultant (Presales & Delivery),AVANADE ASIA PTE LTD,Golang
JOB_0835,cyber-security,cyber_security,Microsoft Security Consultant (Presales & Delivery),AVANADE ASIA PTE LTD,Azure
JOB_0835,cyber-security,cyber_security,Microsoft Security Consultant (Presales & Delivery),AVANADE ASIA PTE LTD,Cybersecurity
JOB_0836,cyber-security,cyber_security,IT System Engineering & Administrator,PT Adira Dinamika Multi Finance Tbk,SQL
JOB_0836,cyber-security,cyber_security,IT System Engineering & Administrator,PT Adira Dinamika Multi Finance Tbk,TypeScript
JOB_0836,cyber-security,cyber_security,IT System Engineering & Administrator,PT Adira Dinamika Multi Finance Tbk,AWS
JOB_0836,cyber-security,cyber_security,IT System Engineering & Administrator,PT Adira Dinamika Multi Finance Tbk,GCP
JOB_0836,cyber-security,cyber_security,IT System Engineering & Administrator,PT Adira Dinamika Multi Finance Tbk,Azure
JOB_0837,cyber-security,cyber_security,IT Infrastructure (Network & Internet Engineer),PT Bethsaida Hospital International,Problem Solving
JOB_0838,cyber-security,cyber_security,Data Center  Administrative Officer,PT Environmental Indokarya,TypeScript
JOB_0839,cyber-security,cyber_security,Unit Head – Regulatory System Engineering,"PT Bank Permata, Tbk",SQL
JOB_0839,cyber-security,cyber_security,Unit Head – Regulatory System Engineering,"PT Bank Permata, Tbk",Excel
JOB_0839,cyber-security,cyber_security,Unit Head – Regulatory System Engineering,"PT Bank Permata, Tbk",ETL
JOB_0839,cyber-security,cyber_security,Unit Head – Regulatory System Engineering,"PT Bank Permata, Tbk",TypeScript
JOB_0840,cyber-security,cyber_security,Security Analyst - SOC Analyst L2 (TH – Incident Response),PT. Lintas Teknologi Indonesia,Python
JOB_0840,cyber-security,cyber_security,Security Analyst - SOC Analyst L2 (TH – Incident Response),PT. Lintas Teknologi Indonesia,Excel
JOB_0840,cyber-security,cyber_security,Security Analyst - SOC Analyst L2 (TH – Incident Response),PT. Lintas Teknologi Indonesia,TypeScript
JOB_0840,cyber-security,cyber_security,Security Analyst - SOC Analyst L2 (TH – Incident Response),PT. Lintas Teknologi Indonesia,AWS
JOB_0840,cyber-security,cyber_security,Security Analyst - SOC Analyst L2 (TH – Incident Response),PT. Lintas Teknologi Indonesia,Linux
JOB_0840,cyber-security,cyber_security,Security Analyst - SOC Analyst L2 (TH – Incident Response),PT. Lintas Teknologi Indonesia,Cybersecurity
JOB_0841,cyber-security,cyber_security,"Data Center Security Manager, Compliance, Safety, and Risk Management",Google,TypeScript
JOB_0842,cyber-security,cyber_security,IT Senior Specialist/Manager,Pengiklan Anonim,Tableau
JOB_0842,cyber-security,cyber_security,IT Senior Specialist/Manager,Pengiklan Anonim,Power BI
JOB_0842,cyber-security,cyber_security,IT Senior Specialist/Manager,Pengiklan Anonim,Machine Learning
JOB_0842,cyber-security,cyber_security,IT Senior Specialist/Manager,Pengiklan Anonim,TypeScript
JOB_0842,cyber-security,cyber_security,IT Senior Specialist/Manager,Pengiklan Anonim,AWS
JOB_0842,cyber-security,cyber_security,IT Senior Specialist/Manager,Pengiklan Anonim,GCP
JOB_0842,cyber-security,cyber_security,IT Senior Specialist/Manager,Pengiklan Anonim,Azure
JOB_0842,cyber-security,cyber_security,IT Senior Specialist/Manager,Pengiklan Anonim,Cybersecurity
JOB_0843,cyber-security,cyber_security,Security Engineer,PT Infokes Indonesia (Bandung),Python
JOB_0843,cyber-security,cyber_security,Security Engineer,PT Infokes Indonesia (Bandung),TypeScript
JOB_0843,cyber-security,cyber_security,Security Engineer,PT Infokes Indonesia (Bandung),AWS
JOB_0843,cyber-security,cyber_security,Security Engineer,PT Infokes Indonesia (Bandung),GCP
JOB_0843,cyber-security,cyber_security,Security Engineer,PT Infokes Indonesia (Bandung),Azure
JOB_0843,cyber-security,cyber_security,Security Engineer,PT Infokes Indonesia (Bandung),Linux
JOB_0843,cyber-security,cyber_security,Security Engineer,PT Infokes Indonesia (Bandung),Penetration Testing
JOB_0844,cyber-security,cyber_security,Presales Network Security,PT Network Data Sistem,TypeScript
JOB_0845,cyber-security,cyber_security,IT Security Manager,PT Mitra Solusi Telematika,TypeScript
JOB_0845,cyber-security,cyber_security,IT Security Manager,PT Mitra Solusi Telematika,AWS
JOB_0845,cyber-security,cyber_security,IT Security Manager,PT Mitra Solusi Telematika,GCP
JOB_0845,cyber-security,cyber_security,IT Security Manager,PT Mitra Solusi Telematika,Azure
JOB_0845,cyber-security,cyber_security,IT Security Manager,PT Mitra Solusi Telematika,Cybersecurity
JOB_0846,cyber-security,cyber_security,IT Security Analyst,PT Graha Karya Informasi,TypeScript
JOB_0846,cyber-security,cyber_security,IT Security Analyst,PT Graha Karya Informasi,Cybersecurity
JOB_0847,cyber-security,cyber_security,Compliance & AML Specialist,PT. Kredit Utama Fintech Indonesia,Excel
JOB_0847,cyber-security,cyber_security,Compliance & AML Specialist,PT. Kredit Utama Fintech Indonesia,Machine Learning
JOB_0847,cyber-security,cyber_security,Compliance & AML Specialist,PT. Kredit Utama Fintech Indonesia,TypeScript
JOB_0848,cyber-security,cyber_security,IT Security Specialist,PT Monotaro Indonesia,Python
JOB_0848,cyber-security,cyber_security,IT Security Specialist,PT Monotaro Indonesia,TypeScript
JOB_0848,cyber-security,cyber_security,IT Security Specialist,PT Monotaro Indonesia,AWS
JOB_0848,cyber-security,cyber_security,IT Security Specialist,PT Monotaro Indonesia,GCP
JOB_0848,cyber-security,cyber_security,IT Security Specialist,PT Monotaro Indonesia,Cybersecurity
JOB_0848,cyber-security,cyber_security,IT Security Specialist,PT Monotaro Indonesia,Penetration Testing
JOB_0849,cyber-security,cyber_security,Presales Engineer Specialist (Network & Security),PT Nusantara Compnet Integrator,TypeScript
JOB_0850,cyber-security,cyber_security,IT Security,PT Astra Graphia Information Technology (AGIT),Linux
JOB_0850,cyber-security,cyber_security,IT Security,PT Astra Graphia Information Technology (AGIT),Cybersecurity
JOB_0850,cyber-security,cyber_security,IT Security,PT Astra Graphia Information Technology (AGIT),Penetration Testing
JOB_0851,cyber-security,cyber_security,Presales IT Security,Cyber Sinergi Indonesia,TypeScript
JOB_0851,cyber-security,cyber_security,Presales IT Security,Cyber Sinergi Indonesia,Cybersecurity
JOB_0852,cyber-security,cyber_security,Security Engineer,Johnson Controls,Excel
JOB_0852,cyber-security,cyber_security,Security Engineer,Johnson Controls,TypeScript
JOB_0852,cyber-security,cyber_security,Security Engineer,Johnson Controls,Cybersecurity
JOB_0853,cyber-security,cyber_security,GRC Staff (IT),Pengiklan Anonim,TypeScript
JOB_0853,cyber-security,cyber_security,GRC Staff (IT),Pengiklan Anonim,Cybersecurity
JOB_0853,cyber-security,cyber_security,GRC Staff (IT),Pengiklan Anonim,Penetration Testing
JOB_0854,cyber-security,cyber_security,"Drafter Security System, BMS",PT Xpert Teknologi Inovasi,Excel
JOB_0854,cyber-security,cyber_security,"Drafter Security System, BMS",PT Xpert Teknologi Inovasi,TypeScript
JOB_0856,cyber-security,cyber_security,IT Security Engineer,PT Altros Teknologi,TypeScript
JOB_0857,cyber-security,cyber_security,Infrastructure Engineer,PT Istana Group Indonesia,Python
JOB_0857,cyber-security,cyber_security,Infrastructure Engineer,PT Istana Group Indonesia,Excel
JOB_0857,cyber-security,cyber_security,Infrastructure Engineer,PT Istana Group Indonesia,JavaScript
JOB_0857,cyber-security,cyber_security,Infrastructure Engineer,PT Istana Group Indonesia,TypeScript
JOB_0857,cyber-security,cyber_security,Infrastructure Engineer,PT Istana Group Indonesia,Node.js
JOB_0857,cyber-security,cyber_security,Infrastructure Engineer,PT Istana Group Indonesia,Docker
JOB_0857,cyber-security,cyber_security,Infrastructure Engineer,PT Istana Group Indonesia,Kubernetes
JOB_0857,cyber-security,cyber_security,Infrastructure Engineer,PT Istana Group Indonesia,AWS
JOB_0857,cyber-security,cyber_security,Infrastructure Engineer,PT Istana Group Indonesia,GCP
JOB_0857,cyber-security,cyber_security,Infrastructure Engineer,PT Istana Group Indonesia,CI/CD
JOB_0857,cyber-security,cyber_security,Infrastructure Engineer,PT Istana Group Indonesia,Git
JOB_0857,cyber-security,cyber_security,Infrastructure Engineer,PT Istana Group Indonesia,Linux
JOB_0857,cyber-security,cyber_security,Infrastructure Engineer,PT Istana Group Indonesia,Problem Solving
JOB_0858,cyber-security,cyber_security,IT Security Analyst,PT Indomobil Finance Indonesia,TypeScript
JOB_0859,cyber-security,cyber_security,Internal Audit IT Supervisor,Daikin Industries Indonesia,TypeScript
JOB_0859,cyber-security,cyber_security,Internal Audit IT Supervisor,Daikin Industries Indonesia,Cybersecurity
JOB_0860,cyber-security,cyber_security,Security Implementation Engineer,PT Nusantara Compnet Integrator,TypeScript
JOB_0861,cyber-security,cyber_security,Senior Network Security Engineer,PT Dinamika Sistem Integrasi Solusi,Python
JOB_0861,cyber-security,cyber_security,Senior Network Security Engineer,PT Dinamika Sistem Integrasi Solusi,Excel
JOB_0861,cyber-security,cyber_security,Senior Network Security Engineer,PT Dinamika Sistem Integrasi Solusi,Machine Learning
JOB_0861,cyber-security,cyber_security,Senior Network Security Engineer,PT Dinamika Sistem Integrasi Solusi,TypeScript
JOB_0861,cyber-security,cyber_security,Senior Network Security Engineer,PT Dinamika Sistem Integrasi Solusi,Linux
JOB_0861,cyber-security,cyber_security,Senior Network Security Engineer,PT Dinamika Sistem Integrasi Solusi,Cybersecurity
JOB_0861,cyber-security,cyber_security,Senior Network Security Engineer,PT Dinamika Sistem Integrasi Solusi,Problem Solving
JOB_0862,cyber-security,cyber_security,Infosec Analyst,OLX Indonesia,Python
JOB_0862,cyber-security,cyber_security,Infosec Analyst,OLX Indonesia,SQL
JOB_0862,cyber-security,cyber_security,Infosec Analyst,OLX Indonesia,Penetration Testing
JOB_0863,cyber-security,cyber_security,IT Security Engineer,Deep Symbolics Indonesia,Python
JOB_0863,cyber-security,cyber_security,IT Security Engineer,Deep Symbolics Indonesia,Machine Learning
JOB_0863,cyber-security,cyber_security,IT Security Engineer,Deep Symbolics Indonesia,TypeScript
JOB_0863,cyber-security,cyber_security,IT Security Engineer,Deep Symbolics Indonesia,Golang
JOB_0863,cyber-security,cyber_security,IT Security Engineer,Deep Symbolics Indonesia,Kubernetes
JOB_0863,cyber-security,cyber_security,IT Security Engineer,Deep Symbolics Indonesia,AWS
JOB_0863,cyber-security,cyber_security,IT Security Engineer,Deep Symbolics Indonesia,GCP
JOB_0863,cyber-security,cyber_security,IT Security Engineer,Deep Symbolics Indonesia,Azure
JOB_0863,cyber-security,cyber_security,IT Security Engineer,Deep Symbolics Indonesia,CI/CD
JOB_0863,cyber-security,cyber_security,IT Security Engineer,Deep Symbolics Indonesia,Linux
JOB_0864,cyber-security,cyber_security,OT Cybersecurity Consultant,PT Yokogawa Indonesia,TypeScript
JOB_0864,cyber-security,cyber_security,OT Cybersecurity Consultant,PT Yokogawa Indonesia,Cybersecurity
JOB_0864,cyber-security,cyber_security,OT Cybersecurity Consultant,PT Yokogawa Indonesia,Penetration Testing
JOB_0865,cyber-security,cyber_security,Presales - IT Server and Cloud,PT Network Data Sistem,AWS
JOB_0865,cyber-security,cyber_security,Presales - IT Server and Cloud,PT Network Data Sistem,GCP
JOB_0865,cyber-security,cyber_security,Presales - IT Server and Cloud,PT Network Data Sistem,Azure
JOB_0866,cyber-security,cyber_security,IT Netwrok & Security Assistant Manager,Orico Balimor Finance,Excel
JOB_0866,cyber-security,cyber_security,IT Netwrok & Security Assistant Manager,Orico Balimor Finance,TypeScript
JOB_0866,cyber-security,cyber_security,IT Netwrok & Security Assistant Manager,Orico Balimor Finance,Next.js
JOB_0867,cyber-security,cyber_security,Head of Technology,PT Sepulsa Teknologi Indonesia (Jakarta),TypeScript
JOB_0867,cyber-security,cyber_security,Head of Technology,PT Sepulsa Teknologi Indonesia (Jakarta),Cybersecurity
JOB_0867,cyber-security,cyber_security,Head of Technology,PT Sepulsa Teknologi Indonesia (Jakarta),Agile/Scrum
JOB_0868,cyber-security,cyber_security,Head of IT Infrastructure and Security,PT Morula Indonesia,Excel
JOB_0868,cyber-security,cyber_security,Head of IT Infrastructure and Security,PT Morula Indonesia,TypeScript
JOB_0868,cyber-security,cyber_security,Head of IT Infrastructure and Security,PT Morula Indonesia,AWS
JOB_0868,cyber-security,cyber_security,Head of IT Infrastructure and Security,PT Morula Indonesia,Azure
JOB_0868,cyber-security,cyber_security,Head of IT Infrastructure and Security,PT Morula Indonesia,Cybersecurity
JOB_0870,cyber-security,cyber_security,"IT Security & Government, Risk and Compliance",PT. AEON Indonesia,TypeScript
JOB_0870,cyber-security,cyber_security,"IT Security & Government, Risk and Compliance",PT. AEON Indonesia,Penetration Testing
JOB_0871,cyber-security,cyber_security,Rollout Engineer,PT. Aviro Global Teknologi,Linux
JOB_0871,cyber-security,cyber_security,Rollout Engineer,PT. Aviro Global Teknologi,Cybersecurity
JOB_0872,cyber-security,cyber_security,Security Engineer,PT Karya Solusi Prima Sejahtera,Linux
JOB_0873,cyber-security,cyber_security,DevOps Engineer,PT Daidan Aditama Yaksa,Python
JOB_0873,cyber-security,cyber_security,DevOps Engineer,PT Daidan Aditama Yaksa,PostgreSQL
JOB_0873,cyber-security,cyber_security,DevOps Engineer,PT Daidan Aditama Yaksa,MySQL
JOB_0873,cyber-security,cyber_security,DevOps Engineer,PT Daidan Aditama Yaksa,TypeScript
JOB_0873,cyber-security,cyber_security,DevOps Engineer,PT Daidan Aditama Yaksa,PHP
JOB_0873,cyber-security,cyber_security,DevOps Engineer,PT Daidan Aditama Yaksa,Golang
JOB_0873,cyber-security,cyber_security,DevOps Engineer,PT Daidan Aditama Yaksa,Docker
JOB_0873,cyber-security,cyber_security,DevOps Engineer,PT Daidan Aditama Yaksa,AWS
JOB_0873,cyber-security,cyber_security,DevOps Engineer,PT Daidan Aditama Yaksa,CI/CD
JOB_0873,cyber-security,cyber_security,DevOps Engineer,PT Daidan Aditama Yaksa,Git
JOB_0873,cyber-security,cyber_security,DevOps Engineer,PT Daidan Aditama Yaksa,Linux
JOB_0874,cyber-security,cyber_security,Project Manager,PT Netcom Scinergy Newsantara,Excel
JOB_0874,cyber-security,cyber_security,Project Manager,PT Netcom Scinergy Newsantara,TypeScript
JOB_0874,cyber-security,cyber_security,Project Manager,PT Netcom Scinergy Newsantara,Cybersecurity
JOB_0874,cyber-security,cyber_security,Project Manager,PT Netcom Scinergy Newsantara,Agile/Scrum
JOB_0875,cyber-security,cyber_security,Security Analyst Supervisor,PT Mitra Solusi Infokom,Excel
JOB_0875,cyber-security,cyber_security,Security Analyst Supervisor,PT Mitra Solusi Infokom,TypeScript
JOB_0875,cyber-security,cyber_security,Security Analyst Supervisor,PT Mitra Solusi Infokom,Cybersecurity
JOB_0876,cyber-security,cyber_security,Cloud Security (Middle Level),PT. SIGMA GLOBAL TEKNOLOGI (SIGMATECH),Excel
JOB_0876,cyber-security,cyber_security,Cloud Security (Middle Level),PT. SIGMA GLOBAL TEKNOLOGI (SIGMATECH),TypeScript
JOB_0876,cyber-security,cyber_security,Cloud Security (Middle Level),PT. SIGMA GLOBAL TEKNOLOGI (SIGMATECH),AWS
JOB_0876,cyber-security,cyber_security,Cloud Security (Middle Level),PT. SIGMA GLOBAL TEKNOLOGI (SIGMATECH),GCP
JOB_0876,cyber-security,cyber_security,Cloud Security (Middle Level),PT. SIGMA GLOBAL TEKNOLOGI (SIGMATECH),Azure
JOB_0877,cyber-security,cyber_security,Sales Development Specialist - Cloud/IT/Security/Telco,PT Adecco Personnel Indonesia,TypeScript
JOB_0877,cyber-security,cyber_security,Sales Development Specialist - Cloud/IT/Security/Telco,PT Adecco Personnel Indonesia,React.js
JOB_0878,cyber-security,cyber_security,IT Division Head,PT Merapi Utama Pharma,TypeScript
JOB_0878,cyber-security,cyber_security,IT Division Head,PT Merapi Utama Pharma,REST API
JOB_0878,cyber-security,cyber_security,IT Division Head,PT Merapi Utama Pharma,Cybersecurity
JOB_0881,cyber-security,cyber_security,"IT Data Center, Security & Network",PT Supernova Flexible Packaging,Excel
JOB_0881,cyber-security,cyber_security,"IT Data Center, Security & Network",PT Supernova Flexible Packaging,TypeScript
JOB_0881,cyber-security,cyber_security,"IT Data Center, Security & Network",PT Supernova Flexible Packaging,AWS
JOB_0882,cyber-security,cyber_security,SOC L2 (Security Operation Center Layer 2),PT Karya Solusi Prima Sejahtera,Penetration Testing
JOB_0883,cyber-security,cyber_security,"Staff IT Security & GRC (Governance, Risk, and Compliance)",PT Asuransi Jiwa Syariah Al Amin,Linux
JOB_0883,cyber-security,cyber_security,"Staff IT Security & GRC (Governance, Risk, and Compliance)",PT Asuransi Jiwa Syariah Al Amin,Cybersecurity
JOB_0884,cyber-security,cyber_security,Electronics Engineer,PT E-T-A Indonesia,Excel
JOB_0884,cyber-security,cyber_security,Electronics Engineer,PT E-T-A Indonesia,TypeScript
JOB_0884,cyber-security,cyber_security,Electronics Engineer,PT E-T-A Indonesia,Git
JOB_0884,cyber-security,cyber_security,Electronics Engineer,PT E-T-A Indonesia,Cybersecurity
JOB_0885,cyber-security,cyber_security,Engineer on Site,PT. TRIMEGA PRIMA TEKNOLOGI,Cybersecurity
JOB_0885,cyber-security,cyber_security,Engineer on Site,PT. TRIMEGA PRIMA TEKNOLOGI,Penetration Testing
JOB_0886,cyber-security,cyber_security,IT HELPDESK & INFRASTRUCTURE SPECIALIST,PT Seiwa Logistics Indonesia,Cybersecurity
JOB_0887,cyber-security,cyber_security,Security Architect & Engineering,"PT. BFI FINANCE INDONESIA, Tbk",TypeScript
JOB_0887,cyber-security,cyber_security,Security Architect & Engineering,"PT. BFI FINANCE INDONESIA, Tbk",AWS
JOB_0887,cyber-security,cyber_security,Security Architect & Engineering,"PT. BFI FINANCE INDONESIA, Tbk",GCP
JOB_0887,cyber-security,cyber_security,Security Architect & Engineering,"PT. BFI FINANCE INDONESIA, Tbk",Azure
JOB_0887,cyber-security,cyber_security,Security Architect & Engineering,"PT. BFI FINANCE INDONESIA, Tbk",CI/CD
JOB_0888,cyber-security,cyber_security,Network & Security Engineer,Dirga Bahari Perkasa,TypeScript
JOB_0888,cyber-security,cyber_security,Network & Security Engineer,Dirga Bahari Perkasa,Cybersecurity
JOB_0889,cyber-security,cyber_security,SOC Team Level 3 – SOC Analysts,PT. BEIBI CEMERLANG INDONESIA,TypeScript
JOB_0889,cyber-security,cyber_security,SOC Team Level 3 – SOC Analysts,PT. BEIBI CEMERLANG INDONESIA,Cybersecurity
JOB_0890,cyber-security,cyber_security,Cyber Business Information Security Officer | Business-Aligned,Macquarie Group,Excel
JOB_0890,cyber-security,cyber_security,Cyber Business Information Security Officer | Business-Aligned,Macquarie Group,TypeScript
JOB_0890,cyber-security,cyber_security,Cyber Business Information Security Officer | Business-Aligned,Macquarie Group,Cybersecurity
JOB_0891,cyber-security,cyber_security,IT Staff (Network & Hardware Support),Pengiklan Anonim,TypeScript
JOB_0891,cyber-security,cyber_security,IT Staff (Network & Hardware Support),Pengiklan Anonim,Linux
JOB_0892,cyber-security,cyber_security,Security Officer,Juara Holding Group,TypeScript
JOB_0894,cyber-security,cyber_security,DevOps Engineer,"PT. Trimegah Sekuritas Indonesia, Tbk",Python
JOB_0894,cyber-security,cyber_security,DevOps Engineer,"PT. Trimegah Sekuritas Indonesia, Tbk",TypeScript
JOB_0894,cyber-security,cyber_security,DevOps Engineer,"PT. Trimegah Sekuritas Indonesia, Tbk",Golang
JOB_0894,cyber-security,cyber_security,DevOps Engineer,"PT. Trimegah Sekuritas Indonesia, Tbk",Docker
JOB_0894,cyber-security,cyber_security,DevOps Engineer,"PT. Trimegah Sekuritas Indonesia, Tbk",Kubernetes
JOB_0894,cyber-security,cyber_security,DevOps Engineer,"PT. Trimegah Sekuritas Indonesia, Tbk",AWS
JOB_0894,cyber-security,cyber_security,DevOps Engineer,"PT. Trimegah Sekuritas Indonesia, Tbk",GCP
JOB_0894,cyber-security,cyber_security,DevOps Engineer,"PT. Trimegah Sekuritas Indonesia, Tbk",Azure
JOB_0894,cyber-security,cyber_security,DevOps Engineer,"PT. Trimegah Sekuritas Indonesia, Tbk",CI/CD
JOB_0894,cyber-security,cyber_security,DevOps Engineer,"PT. Trimegah Sekuritas Indonesia, Tbk",Git
JOB_0894,cyber-security,cyber_security,DevOps Engineer,"PT. Trimegah Sekuritas Indonesia, Tbk",Agile/Scrum
JOB_0895,cyber-security,cyber_security,VP of Technology,Pengiklan Anonim,Excel
JOB_0895,cyber-security,cyber_security,VP of Technology,Pengiklan Anonim,TypeScript
JOB_0895,cyber-security,cyber_security,VP of Technology,Pengiklan Anonim,AWS
JOB_0895,cyber-security,cyber_security,VP of Technology,Pengiklan Anonim,GCP
JOB_0895,cyber-security,cyber_security,VP of Technology,Pengiklan Anonim,Azure
JOB_0895,cyber-security,cyber_security,VP of Technology,Pengiklan Anonim,CI/CD
JOB_0895,cyber-security,cyber_security,VP of Technology,Pengiklan Anonim,Microservices
JOB_0895,cyber-security,cyber_security,VP of Technology,Pengiklan Anonim,Agile/Scrum
JOB_0896,cyber-security,cyber_security,Security,Geonet Property & Finance Group,TypeScript
JOB_0897,cyber-security,cyber_security,Workplace Security Architect,Macquarie Group,AWS
JOB_0897,cyber-security,cyber_security,Workplace Security Architect,Macquarie Group,GCP
JOB_0897,cyber-security,cyber_security,Workplace Security Architect,Macquarie Group,Azure
JOB_0899,cyber-security,cyber_security,IT Infrastructure,PT ASABA Digital Innotech,Linux
JOB_0900,cyber-security,cyber_security,Cloud Engineer / DevOps Engineer,PT EVOLUSI TEKNOLOGI SOLUSI,Docker
JOB_0900,cyber-security,cyber_security,Cloud Engineer / DevOps Engineer,PT EVOLUSI TEKNOLOGI SOLUSI,Kubernetes
JOB_0900,cyber-security,cyber_security,Cloud Engineer / DevOps Engineer,PT EVOLUSI TEKNOLOGI SOLUSI,AWS
JOB_0900,cyber-security,cyber_security,Cloud Engineer / DevOps Engineer,PT EVOLUSI TEKNOLOGI SOLUSI,GCP
JOB_0900,cyber-security,cyber_security,Cloud Engineer / DevOps Engineer,PT EVOLUSI TEKNOLOGI SOLUSI,Azure
JOB_0900,cyber-security,cyber_security,Cloud Engineer / DevOps Engineer,PT EVOLUSI TEKNOLOGI SOLUSI,CI/CD
JOB_0901,cyber-security,cyber_security,Senior Azure Engineer  (Entra ID),Avanade Malaysia Sdn Bhd,Machine Learning
JOB_0901,cyber-security,cyber_security,Senior Azure Engineer  (Entra ID),Avanade Malaysia Sdn Bhd,TypeScript
JOB_0901,cyber-security,cyber_security,Senior Azure Engineer  (Entra ID),Avanade Malaysia Sdn Bhd,REST API
JOB_0901,cyber-security,cyber_security,Senior Azure Engineer  (Entra ID),Avanade Malaysia Sdn Bhd,Azure
JOB_0901,cyber-security,cyber_security,Senior Azure Engineer  (Entra ID),Avanade Malaysia Sdn Bhd,Cybersecurity
JOB_0902,cyber-security,cyber_security,Presales Engineer (Microsoft Modern Workplace & Security),"PT. Metrodata Electronics, Tbk",TypeScript
JOB_0903,cyber-security,cyber_security,Product & Presales (Cybersecurity),PT Intikom Berlian Mustika,Excel
JOB_0903,cyber-security,cyber_security,Product & Presales (Cybersecurity),PT Intikom Berlian Mustika,TypeScript
JOB_0904,cyber-security,cyber_security,DevSecOps Engineer,"PT. BFI FINANCE INDONESIA, Tbk",R
JOB_0904,cyber-security,cyber_security,DevSecOps Engineer,"PT. BFI FINANCE INDONESIA, Tbk",TypeScript
JOB_0904,cyber-security,cyber_security,DevSecOps Engineer,"PT. BFI FINANCE INDONESIA, Tbk",AWS
JOB_0904,cyber-security,cyber_security,DevSecOps Engineer,"PT. BFI FINANCE INDONESIA, Tbk",CI/CD
JOB_0904,cyber-security,cyber_security,DevSecOps Engineer,"PT. BFI FINANCE INDONESIA, Tbk",Microservices
JOB_0905,cyber-security,cyber_security,DevOps Engineer,PT Digdaya Duta Digital,TypeScript
JOB_0905,cyber-security,cyber_security,DevOps Engineer,PT Digdaya Duta Digital,CI/CD
JOB_0906,cyber-security,cyber_security,Cloud Engineer,PT Lintas Media Danawa,SQL
JOB_0906,cyber-security,cyber_security,Cloud Engineer,PT Lintas Media Danawa,TypeScript
JOB_0906,cyber-security,cyber_security,Cloud Engineer,PT Lintas Media Danawa,Docker
JOB_0906,cyber-security,cyber_security,Cloud Engineer,PT Lintas Media Danawa,GCP
JOB_0906,cyber-security,cyber_security,Cloud Engineer,PT Lintas Media Danawa,CI/CD
JOB_0906,cyber-security,cyber_security,Cloud Engineer,PT Lintas Media Danawa,Git
JOB_0906,cyber-security,cyber_security,Cloud Engineer,PT Lintas Media Danawa,Linux
JOB_0907,cyber-security,cyber_security,Senior IT Auditor,PT Perisai Digital Indonesia,Excel
JOB_0907,cyber-security,cyber_security,Senior IT Auditor,PT Perisai Digital Indonesia,TypeScript
JOB_0907,cyber-security,cyber_security,Senior IT Auditor,PT Perisai Digital Indonesia,Cybersecurity
JOB_0908,cyber-security,cyber_security,Fraud Security Researcher,PT Akulaku Silvrr Indonesia,TypeScript
JOB_0908,cyber-security,cyber_security,Fraud Security Researcher,PT Akulaku Silvrr Indonesia,Cybersecurity
JOB_0909,cyber-security,cyber_security,Head of Programmer,PT Netcom Scinergy Newsantara,TypeScript
JOB_0909,cyber-security,cyber_security,Head of Programmer,PT Netcom Scinergy Newsantara,UI/UX
JOB_0909,cyber-security,cyber_security,Head of Programmer,PT Netcom Scinergy Newsantara,Cybersecurity
JOB_0909,cyber-security,cyber_security,Head of Programmer,PT Netcom Scinergy Newsantara,Agile/Scrum
JOB_0910,cyber-security,cyber_security,Manager Consultant (Cybersecurity),PT Veda Praxis,TypeScript
JOB_0910,cyber-security,cyber_security,Manager Consultant (Cybersecurity),PT Veda Praxis,REST API
JOB_0910,cyber-security,cyber_security,Manager Consultant (Cybersecurity),PT Veda Praxis,Cybersecurity
JOB_0910,cyber-security,cyber_security,Manager Consultant (Cybersecurity),PT Veda Praxis,Penetration Testing
JOB_0911,cyber-security,cyber_security,Field Investigator Officer - Balikpapan & Samarinda,PT Indodana Multi Finance,TypeScript
JOB_0912,cyber-security,cyber_security,"Security Manager (Jakarta Raya, Indonesia)",GWS Enterprise Indonesia,Excel
JOB_0912,cyber-security,cyber_security,"Security Manager (Jakarta Raya, Indonesia)",GWS Enterprise Indonesia,TypeScript
JOB_0913,cyber-security,cyber_security,Security Engineer,Beyondtech,Python
JOB_0913,cyber-security,cyber_security,Security Engineer,Beyondtech,TypeScript
JOB_0913,cyber-security,cyber_security,Security Engineer,Beyondtech,REST API
JOB_0913,cyber-security,cyber_security,Security Engineer,Beyondtech,AWS
JOB_0913,cyber-security,cyber_security,Security Engineer,Beyondtech,CI/CD
JOB_0913,cyber-security,cyber_security,Security Engineer,Beyondtech,Cybersecurity
JOB_0913,cyber-security,cyber_security,Security Engineer,Beyondtech,Penetration Testing
JOB_0914,cyber-security,cyber_security,AML-CFT Manager,PT Akulaku Silvrr Indonesia,Machine Learning
JOB_0914,cyber-security,cyber_security,AML-CFT Manager,PT Akulaku Silvrr Indonesia,TypeScript
JOB_0915,cyber-security,cyber_security,"AVP, IT Compliance & Regulatory, Technology",PT Bank DBS Indonesia,Excel
JOB_0915,cyber-security,cyber_security,"AVP, IT Compliance & Regulatory, Technology",PT Bank DBS Indonesia,TypeScript
JOB_0916,cyber-security,cyber_security,Lead IT Auditor,PT GOTO GOJEK TOKOPEDIA TBK,Excel
JOB_0916,cyber-security,cyber_security,Lead IT Auditor,PT GOTO GOJEK TOKOPEDIA TBK,TypeScript
JOB_0916,cyber-security,cyber_security,Lead IT Auditor,PT GOTO GOJEK TOKOPEDIA TBK,Golang
JOB_0917,cyber-security,cyber_security,Cloud Infrastructure Engineer,"PT. Metrodata Electronics, Tbk",Python
JOB_0917,cyber-security,cyber_security,Cloud Infrastructure Engineer,"PT. Metrodata Electronics, Tbk",REST API
JOB_0917,cyber-security,cyber_security,Cloud Infrastructure Engineer,"PT. Metrodata Electronics, Tbk",AWS
JOB_0917,cyber-security,cyber_security,Cloud Infrastructure Engineer,"PT. Metrodata Electronics, Tbk",GCP
JOB_0917,cyber-security,cyber_security,Cloud Infrastructure Engineer,"PT. Metrodata Electronics, Tbk",Azure
JOB_0917,cyber-security,cyber_security,Cloud Infrastructure Engineer,"PT. Metrodata Electronics, Tbk",CI/CD
JOB_0918,cyber-security,cyber_security,Product Manager (Security & Surveillance),Halo Robotics,TypeScript
JOB_0918,cyber-security,cyber_security,Product Manager (Security & Surveillance),Halo Robotics,Golang
JOB_0919,cyber-security,cyber_security,DevOps Engineer,PT IDStar Cipta Teknologi,TypeScript
JOB_0919,cyber-security,cyber_security,DevOps Engineer,PT IDStar Cipta Teknologi,Docker
JOB_0919,cyber-security,cyber_security,DevOps Engineer,PT IDStar Cipta Teknologi,Kubernetes
JOB_0919,cyber-security,cyber_security,DevOps Engineer,PT IDStar Cipta Teknologi,AWS
JOB_0919,cyber-security,cyber_security,DevOps Engineer,PT IDStar Cipta Teknologi,GCP
JOB_0919,cyber-security,cyber_security,DevOps Engineer,PT IDStar Cipta Teknologi,CI/CD
JOB_0919,cyber-security,cyber_security,DevOps Engineer,PT IDStar Cipta Teknologi,Git
JOB_0919,cyber-security,cyber_security,DevOps Engineer,PT IDStar Cipta Teknologi,Linux
JOB_0919,cyber-security,cyber_security,DevOps Engineer,PT IDStar Cipta Teknologi,Agile/Scrum
JOB_0920,cyber-security,cyber_security,Senior DevOps Engineer,"PT. Metrodata Electronics, Tbk",Python
JOB_0920,cyber-security,cyber_security,Senior DevOps Engineer,"PT. Metrodata Electronics, Tbk",Excel
JOB_0920,cyber-security,cyber_security,Senior DevOps Engineer,"PT. Metrodata Electronics, Tbk",TypeScript
JOB_0920,cyber-security,cyber_security,Senior DevOps Engineer,"PT. Metrodata Electronics, Tbk",Java
JOB_0920,cyber-security,cyber_security,Senior DevOps Engineer,"PT. Metrodata Electronics, Tbk",CI/CD
JOB_0920,cyber-security,cyber_security,Senior DevOps Engineer,"PT. Metrodata Electronics, Tbk",Git
JOB_0920,cyber-security,cyber_security,Senior DevOps Engineer,"PT. Metrodata Electronics, Tbk",Linux
JOB_0920,cyber-security,cyber_security,Senior DevOps Engineer,"PT. Metrodata Electronics, Tbk",UI/UX
JOB_0921,cyber-security,cyber_security,Risk / Data Protection Assistant Manager,Bali International Hospital,TypeScript
JOB_0922,cyber-security,cyber_security,IT Risk & Compliance Analyst (Internal Control),PT Sinergi Daya Mitra,TypeScript
JOB_0923,cyber-security,cyber_security,Product Sales Manager,PT Tech Security Solution,Excel
JOB_0923,cyber-security,cyber_security,Product Sales Manager,PT Tech Security Solution,TypeScript
JOB_0923,cyber-security,cyber_security,Product Sales Manager,PT Tech Security Solution,Cybersecurity
JOB_0924,cyber-security,cyber_security,"Account Manager - IT Solutions Company - (Firewall, Security, Cloud, Network)",PT Adecco Personnel Indonesia,TypeScript
JOB_0925,cyber-security,cyber_security,Presales Specialist,MEDIATEK SOLUSINDO,TypeScript
JOB_0925,cyber-security,cyber_security,Presales Specialist,MEDIATEK SOLUSINDO,Cybersecurity
JOB_0925,cyber-security,cyber_security,Presales Specialist,MEDIATEK SOLUSINDO,Problem Solving
JOB_0926,cyber-security,cyber_security,Account Manager Enterprise,PT Netciti Persada,TypeScript
JOB_0926,cyber-security,cyber_security,Account Manager Enterprise,PT Netciti Persada,Cybersecurity
JOB_0927,cyber-security,cyber_security,IT Audit Staff,PT Asuransi Jiwa Central Asia Raya (CAR),TypeScript
JOB_0927,cyber-security,cyber_security,IT Audit Staff,PT Asuransi Jiwa Central Asia Raya (CAR),Cybersecurity
JOB_0928,cyber-security,cyber_security,Field Investigator Officer - Bandung,PT Indodana Multi Finance,TypeScript
JOB_0929,cyber-security,cyber_security,Project Manager (Cybersecurity),PT SOLUSI PERTAHANAN DIGITAL,TypeScript
JOB_0929,cyber-security,cyber_security,Project Manager (Cybersecurity),PT SOLUSI PERTAHANAN DIGITAL,Cybersecurity
JOB_0929,cyber-security,cyber_security,Project Manager (Cybersecurity),PT SOLUSI PERTAHANAN DIGITAL,Penetration Testing
JOB_0929,cyber-security,cyber_security,Project Manager (Cybersecurity),PT SOLUSI PERTAHANAN DIGITAL,Agile/Scrum
JOB_0930,cyber-security,cyber_security,NETWORK & SECURITY ADMINISTRATOR L2,PT Jasuindo Tiga Perkasa Tbk,Linux
JOB_0931,cyber-security,cyber_security,DevOps Engineer,PT Asuransi Bina Dana Arta Tbk,Python
JOB_0931,cyber-security,cyber_security,DevOps Engineer,PT Asuransi Bina Dana Arta Tbk,TypeScript
JOB_0931,cyber-security,cyber_security,DevOps Engineer,PT Asuransi Bina Dana Arta Tbk,REST API
JOB_0931,cyber-security,cyber_security,DevOps Engineer,PT Asuransi Bina Dana Arta Tbk,Docker
JOB_0931,cyber-security,cyber_security,DevOps Engineer,PT Asuransi Bina Dana Arta Tbk,AWS
JOB_0931,cyber-security,cyber_security,DevOps Engineer,PT Asuransi Bina Dana Arta Tbk,CI/CD
JOB_0932,cyber-security,cyber_security,IT Risk Management,PT. Elabram Systems,SQL
JOB_0932,cyber-security,cyber_security,IT Risk Management,PT. Elabram Systems,Excel
JOB_0932,cyber-security,cyber_security,IT Risk Management,PT. Elabram Systems,TypeScript
JOB_0933,cyber-security,cyber_security,Senior System Engineer,PT. Wide Technologies Indonesia,PostgreSQL
JOB_0933,cyber-security,cyber_security,Senior System Engineer,PT. Wide Technologies Indonesia,TypeScript
JOB_0933,cyber-security,cyber_security,Senior System Engineer,PT. Wide Technologies Indonesia,Java
JOB_0933,cyber-security,cyber_security,Senior System Engineer,PT. Wide Technologies Indonesia,Spring Boot
JOB_0933,cyber-security,cyber_security,Senior System Engineer,PT. Wide Technologies Indonesia,Docker
JOB_0933,cyber-security,cyber_security,Senior System Engineer,PT. Wide Technologies Indonesia,Kubernetes
JOB_0933,cyber-security,cyber_security,Senior System Engineer,PT. Wide Technologies Indonesia,Git
JOB_0933,cyber-security,cyber_security,Senior System Engineer,PT. Wide Technologies Indonesia,Linux
JOB_0933,cyber-security,cyber_security,Senior System Engineer,PT. Wide Technologies Indonesia,Microservices
JOB_0934,cyber-security,cyber_security,Cybersecurity (Microsoft),Siloam Hospitals Group (Tbk),Excel
JOB_0934,cyber-security,cyber_security,Cybersecurity (Microsoft),Siloam Hospitals Group (Tbk),TypeScript
JOB_0934,cyber-security,cyber_security,Cybersecurity (Microsoft),Siloam Hospitals Group (Tbk),Azure
JOB_0934,cyber-security,cyber_security,Cybersecurity (Microsoft),Siloam Hospitals Group (Tbk),Cybersecurity
JOB_0935,cyber-security,cyber_security,Director IT Operations & Innovations - F&B Business,PT Michael Page Internasional Indonesia,TypeScript
JOB_0935,cyber-security,cyber_security,Director IT Operations & Innovations - F&B Business,PT Michael Page Internasional Indonesia,UI/UX
JOB_0935,cyber-security,cyber_security,Director IT Operations & Innovations - F&B Business,PT Michael Page Internasional Indonesia,Cybersecurity
JOB_0936,cyber-security,cyber_security,Security Manager,PT. ISAT,Excel
JOB_0936,cyber-security,cyber_security,Security Manager,PT. ISAT,TypeScript
JOB_0937,cyber-security,cyber_security,IT Infrastructure Project Manager,PT Netmarks Indonesia,Excel
JOB_0937,cyber-security,cyber_security,IT Infrastructure Project Manager,PT Netmarks Indonesia,TypeScript
JOB_0938,cyber-security,cyber_security,System Administrator,"PT. Metrodata Electronics, Tbk",TypeScript
JOB_0938,cyber-security,cyber_security,System Administrator,"PT. Metrodata Electronics, Tbk",Azure
JOB_0938,cyber-security,cyber_security,System Administrator,"PT. Metrodata Electronics, Tbk",Linux
JOB_0939,cyber-security,cyber_security,Enterprise Network Engineer,PT Intikom Berlian Mustika,TypeScript
JOB_0940,cyber-security,cyber_security,IT Strategy & GRC Division Head,PT Bank Nano Syariah,Problem Solving
JOB_0941,cyber-security,cyber_security,Project Manager,PT Neural Technologies Integrated Solutions,Excel
JOB_0941,cyber-security,cyber_security,Project Manager,PT Neural Technologies Integrated Solutions,Machine Learning
JOB_0941,cyber-security,cyber_security,Project Manager,PT Neural Technologies Integrated Solutions,TypeScript
JOB_0942,cyber-security,cyber_security,Pentester,LOGIQUE,Python
JOB_0942,cyber-security,cyber_security,Pentester,LOGIQUE,Excel
JOB_0942,cyber-security,cyber_security,Pentester,LOGIQUE,TypeScript
JOB_0942,cyber-security,cyber_security,Pentester,LOGIQUE,Java
JOB_0942,cyber-security,cyber_security,Pentester,LOGIQUE,AWS
JOB_0942,cyber-security,cyber_security,Pentester,LOGIQUE,GCP
JOB_0942,cyber-security,cyber_security,Pentester,LOGIQUE,Azure
JOB_0942,cyber-security,cyber_security,Pentester,LOGIQUE,Cybersecurity
JOB_0942,cyber-security,cyber_security,Pentester,LOGIQUE,Penetration Testing
JOB_0943,cyber-security,cyber_security,IT Planning & Policy Officer,OTO Group,Excel
JOB_0943,cyber-security,cyber_security,IT Planning & Policy Officer,OTO Group,JavaScript
JOB_0944,cyber-security,cyber_security,IT Engineer,PT Daya Cipta Mandiri Solusi,Linux
JOB_0944,cyber-security,cyber_security,IT Engineer,PT Daya Cipta Mandiri Solusi,Cybersecurity
JOB_0946,cyber-security,cyber_security,IT Auditor Department Head,PT MNC Teknologi Nusantara (MotionPay),Machine Learning
JOB_0947,cyber-security,cyber_security,System Engineer,PT. Wide Technologies Indonesia,PostgreSQL
JOB_0947,cyber-security,cyber_security,System Engineer,PT. Wide Technologies Indonesia,TypeScript
JOB_0947,cyber-security,cyber_security,System Engineer,PT. Wide Technologies Indonesia,Java
JOB_0947,cyber-security,cyber_security,System Engineer,PT. Wide Technologies Indonesia,Spring Boot
JOB_0947,cyber-security,cyber_security,System Engineer,PT. Wide Technologies Indonesia,Docker
JOB_0947,cyber-security,cyber_security,System Engineer,PT. Wide Technologies Indonesia,Kubernetes
JOB_0947,cyber-security,cyber_security,System Engineer,PT. Wide Technologies Indonesia,Git
JOB_0947,cyber-security,cyber_security,System Engineer,PT. Wide Technologies Indonesia,Linux
JOB_0947,cyber-security,cyber_security,System Engineer,PT. Wide Technologies Indonesia,Microservices
JOB_0948,cyber-security,cyber_security,IT Project Manager,PT Intikom Berlian Mustika - Talent Acquisition,TypeScript
JOB_0948,cyber-security,cyber_security,IT Project Manager,PT Intikom Berlian Mustika - Talent Acquisition,AWS
JOB_0948,cyber-security,cyber_security,IT Project Manager,PT Intikom Berlian Mustika - Talent Acquisition,GCP
JOB_0948,cyber-security,cyber_security,IT Project Manager,PT Intikom Berlian Mustika - Talent Acquisition,Azure
JOB_0948,cyber-security,cyber_security,IT Project Manager,PT Intikom Berlian Mustika - Talent Acquisition,Cybersecurity
JOB_0948,cyber-security,cyber_security,IT Project Manager,PT Intikom Berlian Mustika - Talent Acquisition,Agile/Scrum
JOB_0949,cyber-security,cyber_security,IT Telecomm Enginnering,PT Masmindo Dwi Area,TypeScript
JOB_0953,cyber-security,cyber_security,staff IT,Pengiklan Anonim,SQL
JOB_0953,cyber-security,cyber_security,staff IT,Pengiklan Anonim,MySQL
JOB_0953,cyber-security,cyber_security,staff IT,Pengiklan Anonim,MongoDB
JOB_0953,cyber-security,cyber_security,staff IT,Pengiklan Anonim,JavaScript
JOB_0953,cyber-security,cyber_security,staff IT,Pengiklan Anonim,PHP
JOB_0953,cyber-security,cyber_security,staff IT,Pengiklan Anonim,Java
JOB_0954,cyber-security,cyber_security,Network Engineer,PT. Sinergi Innovate Pratama,Linux
JOB_0955,cyber-security,cyber_security,Database Security Administrator for Integra (Placement in Bandung),PT. Lintas Teknologi Indonesia,SQL
JOB_0955,cyber-security,cyber_security,Database Security Administrator for Integra (Placement in Bandung),PT. Lintas Teknologi Indonesia,PostgreSQL
JOB_0955,cyber-security,cyber_security,Database Security Administrator for Integra (Placement in Bandung),PT. Lintas Teknologi Indonesia,Excel
JOB_0955,cyber-security,cyber_security,Database Security Administrator for Integra (Placement in Bandung),PT. Lintas Teknologi Indonesia,TypeScript
JOB_0956,cyber-security,cyber_security,IT Manager (Group),Pengiklan Anonim,TypeScript
JOB_0956,cyber-security,cyber_security,IT Manager (Group),Pengiklan Anonim,Next.js
JOB_0956,cyber-security,cyber_security,IT Manager (Group),Pengiklan Anonim,Cybersecurity
JOB_0957,cyber-security,cyber_security,Senior Network Engineer,PT Indowin Engineering Indonesia,REST API
JOB_0958,cyber-security,cyber_security,Country General Manager Data Center,PT Trust Recruit Indonesia,TypeScript
JOB_0959,cyber-security,cyber_security,IT ENGINEER,PT Changhong Electric Indonesia,SQL
JOB_0959,cyber-security,cyber_security,IT ENGINEER,PT Changhong Electric Indonesia,MySQL
JOB_0959,cyber-security,cyber_security,IT ENGINEER,PT Changhong Electric Indonesia,JavaScript
JOB_0959,cyber-security,cyber_security,IT ENGINEER,PT Changhong Electric Indonesia,TypeScript
JOB_0959,cyber-security,cyber_security,IT ENGINEER,PT Changhong Electric Indonesia,React.js
JOB_0959,cyber-security,cyber_security,IT ENGINEER,PT Changhong Electric Indonesia,Vue.js
JOB_0959,cyber-security,cyber_security,IT ENGINEER,PT Changhong Electric Indonesia,Java
JOB_0959,cyber-security,cyber_security,IT ENGINEER,PT Changhong Electric Indonesia,Spring Boot
JOB_0959,cyber-security,cyber_security,IT ENGINEER,PT Changhong Electric Indonesia,Docker
JOB_0959,cyber-security,cyber_security,IT ENGINEER,PT Changhong Electric Indonesia,Linux
JOB_0959,cyber-security,cyber_security,IT ENGINEER,PT Changhong Electric Indonesia,Microservices
JOB_0960,cyber-security,cyber_security,Network Engineer,PT Sangkuriang Internasional,Excel
JOB_0960,cyber-security,cyber_security,Network Engineer,PT Sangkuriang Internasional,TypeScript
JOB_0961,devops-engineer,devops,DevOps Engineer,PT Daidan Aditama Yaksa,Python
JOB_0961,devops-engineer,devops,DevOps Engineer,PT Daidan Aditama Yaksa,PostgreSQL
JOB_0961,devops-engineer,devops,DevOps Engineer,PT Daidan Aditama Yaksa,MySQL
JOB_0961,devops-engineer,devops,DevOps Engineer,PT Daidan Aditama Yaksa,TypeScript
JOB_0961,devops-engineer,devops,DevOps Engineer,PT Daidan Aditama Yaksa,PHP
JOB_0961,devops-engineer,devops,DevOps Engineer,PT Daidan Aditama Yaksa,Golang
JOB_0961,devops-engineer,devops,DevOps Engineer,PT Daidan Aditama Yaksa,Docker
JOB_0961,devops-engineer,devops,DevOps Engineer,PT Daidan Aditama Yaksa,AWS
JOB_0961,devops-engineer,devops,DevOps Engineer,PT Daidan Aditama Yaksa,CI/CD
JOB_0961,devops-engineer,devops,DevOps Engineer,PT Daidan Aditama Yaksa,Git
JOB_0961,devops-engineer,devops,DevOps Engineer,PT Daidan Aditama Yaksa,Linux
JOB_0962,devops-engineer,devops,Cloud & DevOps Engineer,PT Serasi Autoraya (Member of Astra),R
JOB_0962,devops-engineer,devops,Cloud & DevOps Engineer,PT Serasi Autoraya (Member of Astra),TypeScript
JOB_0962,devops-engineer,devops,Cloud & DevOps Engineer,PT Serasi Autoraya (Member of Astra),Docker
JOB_0962,devops-engineer,devops,Cloud & DevOps Engineer,PT Serasi Autoraya (Member of Astra),Kubernetes
JOB_0962,devops-engineer,devops,Cloud & DevOps Engineer,PT Serasi Autoraya (Member of Astra),AWS
JOB_0962,devops-engineer,devops,Cloud & DevOps Engineer,PT Serasi Autoraya (Member of Astra),GCP
JOB_0962,devops-engineer,devops,Cloud & DevOps Engineer,PT Serasi Autoraya (Member of Astra),Azure
JOB_0962,devops-engineer,devops,Cloud & DevOps Engineer,PT Serasi Autoraya (Member of Astra),CI/CD
JOB_0962,devops-engineer,devops,Cloud & DevOps Engineer,PT Serasi Autoraya (Member of Astra),Git
JOB_0962,devops-engineer,devops,Cloud & DevOps Engineer,PT Serasi Autoraya (Member of Astra),Linux
JOB_0962,devops-engineer,devops,Cloud & DevOps Engineer,PT Serasi Autoraya (Member of Astra),Problem Solving
JOB_0963,devops-engineer,devops,DevOps Engineer (Full English Speaking),Eterna Indonesia,TypeScript
JOB_0963,devops-engineer,devops,DevOps Engineer (Full English Speaking),Eterna Indonesia,REST API
JOB_0963,devops-engineer,devops,DevOps Engineer (Full English Speaking),Eterna Indonesia,Docker
JOB_0963,devops-engineer,devops,DevOps Engineer (Full English Speaking),Eterna Indonesia,Kubernetes
JOB_0963,devops-engineer,devops,DevOps Engineer (Full English Speaking),Eterna Indonesia,AWS
JOB_0963,devops-engineer,devops,DevOps Engineer (Full English Speaking),Eterna Indonesia,CI/CD
JOB_0963,devops-engineer,devops,DevOps Engineer (Full English Speaking),Eterna Indonesia,Git
JOB_0963,devops-engineer,devops,DevOps Engineer (Full English Speaking),Eterna Indonesia,Linux
JOB_0964,devops-engineer,devops,DevOps Engineer,"PT. Trimegah Sekuritas Indonesia, Tbk",Python
JOB_0964,devops-engineer,devops,DevOps Engineer,"PT. Trimegah Sekuritas Indonesia, Tbk",TypeScript
JOB_0964,devops-engineer,devops,DevOps Engineer,"PT. Trimegah Sekuritas Indonesia, Tbk",Golang
JOB_0964,devops-engineer,devops,DevOps Engineer,"PT. Trimegah Sekuritas Indonesia, Tbk",Docker
JOB_0964,devops-engineer,devops,DevOps Engineer,"PT. Trimegah Sekuritas Indonesia, Tbk",Kubernetes
JOB_0964,devops-engineer,devops,DevOps Engineer,"PT. Trimegah Sekuritas Indonesia, Tbk",AWS
JOB_0964,devops-engineer,devops,DevOps Engineer,"PT. Trimegah Sekuritas Indonesia, Tbk",GCP
JOB_0964,devops-engineer,devops,DevOps Engineer,"PT. Trimegah Sekuritas Indonesia, Tbk",Azure
JOB_0964,devops-engineer,devops,DevOps Engineer,"PT. Trimegah Sekuritas Indonesia, Tbk",CI/CD
JOB_0964,devops-engineer,devops,DevOps Engineer,"PT. Trimegah Sekuritas Indonesia, Tbk",Git
JOB_0964,devops-engineer,devops,DevOps Engineer,"PT. Trimegah Sekuritas Indonesia, Tbk",Agile/Scrum
JOB_0965,devops-engineer,devops,Site Reliability Engineer DevOps,PT. AETHER DIGITAL INDONESIA,Python
JOB_0965,devops-engineer,devops,Site Reliability Engineer DevOps,PT. AETHER DIGITAL INDONESIA,SQL
JOB_0965,devops-engineer,devops,Site Reliability Engineer DevOps,PT. AETHER DIGITAL INDONESIA,TypeScript
JOB_0965,devops-engineer,devops,Site Reliability Engineer DevOps,PT. AETHER DIGITAL INDONESIA,Docker
JOB_0965,devops-engineer,devops,Site Reliability Engineer DevOps,PT. AETHER DIGITAL INDONESIA,Kubernetes
JOB_0965,devops-engineer,devops,Site Reliability Engineer DevOps,PT. AETHER DIGITAL INDONESIA,AWS
JOB_0965,devops-engineer,devops,Site Reliability Engineer DevOps,PT. AETHER DIGITAL INDONESIA,GCP
JOB_0965,devops-engineer,devops,Site Reliability Engineer DevOps,PT. AETHER DIGITAL INDONESIA,Azure
JOB_0965,devops-engineer,devops,Site Reliability Engineer DevOps,PT. AETHER DIGITAL INDONESIA,CI/CD
JOB_0965,devops-engineer,devops,Site Reliability Engineer DevOps,PT. AETHER DIGITAL INDONESIA,Git
JOB_0965,devops-engineer,devops,Site Reliability Engineer DevOps,PT. AETHER DIGITAL INDONESIA,Agile/Scrum
JOB_0966,devops-engineer,devops,DevOps Engineer,PT IDX Solusi Teknologi Informasi,Python
JOB_0966,devops-engineer,devops,DevOps Engineer,PT IDX Solusi Teknologi Informasi,TypeScript
JOB_0966,devops-engineer,devops,DevOps Engineer,PT IDX Solusi Teknologi Informasi,Docker
JOB_0966,devops-engineer,devops,DevOps Engineer,PT IDX Solusi Teknologi Informasi,Kubernetes
JOB_0966,devops-engineer,devops,DevOps Engineer,PT IDX Solusi Teknologi Informasi,CI/CD
JOB_0967,devops-engineer,devops,DevOps Engineer,PT Digdaya Duta Digital,TypeScript
JOB_0967,devops-engineer,devops,DevOps Engineer,PT Digdaya Duta Digital,CI/CD
JOB_0968,devops-engineer,devops,Cloud Engineer / DevOps Engineer,PT EVOLUSI TEKNOLOGI SOLUSI,Docker
JOB_0968,devops-engineer,devops,Cloud Engineer / DevOps Engineer,PT EVOLUSI TEKNOLOGI SOLUSI,Kubernetes
JOB_0968,devops-engineer,devops,Cloud Engineer / DevOps Engineer,PT EVOLUSI TEKNOLOGI SOLUSI,AWS
JOB_0968,devops-engineer,devops,Cloud Engineer / DevOps Engineer,PT EVOLUSI TEKNOLOGI SOLUSI,GCP
JOB_0968,devops-engineer,devops,Cloud Engineer / DevOps Engineer,PT EVOLUSI TEKNOLOGI SOLUSI,Azure
JOB_0968,devops-engineer,devops,Cloud Engineer / DevOps Engineer,PT EVOLUSI TEKNOLOGI SOLUSI,CI/CD
JOB_0969,devops-engineer,devops,DevOps Engineer,PT Sinergi Daya Mitra,R
JOB_0969,devops-engineer,devops,DevOps Engineer,PT Sinergi Daya Mitra,Excel
JOB_0969,devops-engineer,devops,DevOps Engineer,PT Sinergi Daya Mitra,TypeScript
JOB_0969,devops-engineer,devops,DevOps Engineer,PT Sinergi Daya Mitra,Java
JOB_0969,devops-engineer,devops,DevOps Engineer,PT Sinergi Daya Mitra,REST API
JOB_0969,devops-engineer,devops,DevOps Engineer,PT Sinergi Daya Mitra,Docker
JOB_0969,devops-engineer,devops,DevOps Engineer,PT Sinergi Daya Mitra,Kubernetes
JOB_0969,devops-engineer,devops,DevOps Engineer,PT Sinergi Daya Mitra,AWS
JOB_0969,devops-engineer,devops,DevOps Engineer,PT Sinergi Daya Mitra,GCP
JOB_0969,devops-engineer,devops,DevOps Engineer,PT Sinergi Daya Mitra,CI/CD
JOB_0969,devops-engineer,devops,DevOps Engineer,PT Sinergi Daya Mitra,Git
JOB_0969,devops-engineer,devops,DevOps Engineer,PT Sinergi Daya Mitra,Linux
JOB_0969,devops-engineer,devops,DevOps Engineer,PT Sinergi Daya Mitra,Agile/Scrum
JOB_0970,devops-engineer,devops,Devops Engineer (On Premise) - MNC Healthtech,PT Trust Recruit Indonesia,PostgreSQL
JOB_0970,devops-engineer,devops,Devops Engineer (On Premise) - MNC Healthtech,PT Trust Recruit Indonesia,MySQL
JOB_0970,devops-engineer,devops,Devops Engineer (On Premise) - MNC Healthtech,PT Trust Recruit Indonesia,TypeScript
JOB_0970,devops-engineer,devops,Devops Engineer (On Premise) - MNC Healthtech,PT Trust Recruit Indonesia,Docker
JOB_0970,devops-engineer,devops,Devops Engineer (On Premise) - MNC Healthtech,PT Trust Recruit Indonesia,Kubernetes
JOB_0970,devops-engineer,devops,Devops Engineer (On Premise) - MNC Healthtech,PT Trust Recruit Indonesia,CI/CD
JOB_0970,devops-engineer,devops,Devops Engineer (On Premise) - MNC Healthtech,PT Trust Recruit Indonesia,Git
JOB_0971,devops-engineer,devops,DevOps Engineer,PT. TRANSNOVASI BANGUN PERSADA,Python
JOB_0971,devops-engineer,devops,DevOps Engineer,PT. TRANSNOVASI BANGUN PERSADA,PostgreSQL
JOB_0971,devops-engineer,devops,DevOps Engineer,PT. TRANSNOVASI BANGUN PERSADA,MongoDB
JOB_0971,devops-engineer,devops,DevOps Engineer,PT. TRANSNOVASI BANGUN PERSADA,Docker
JOB_0971,devops-engineer,devops,DevOps Engineer,PT. TRANSNOVASI BANGUN PERSADA,Kubernetes
JOB_0971,devops-engineer,devops,DevOps Engineer,PT. TRANSNOVASI BANGUN PERSADA,CI/CD
JOB_0971,devops-engineer,devops,DevOps Engineer,PT. TRANSNOVASI BANGUN PERSADA,Git
JOB_0971,devops-engineer,devops,DevOps Engineer,PT. TRANSNOVASI BANGUN PERSADA,Linux
JOB_0971,devops-engineer,devops,DevOps Engineer,PT. TRANSNOVASI BANGUN PERSADA,Problem Solving
JOB_0972,devops-engineer,devops,DevOps / SRE,PT Karisma Zona Kreatifku,Python
JOB_0972,devops-engineer,devops,DevOps / SRE,PT Karisma Zona Kreatifku,PostgreSQL
JOB_0972,devops-engineer,devops,DevOps / SRE,PT Karisma Zona Kreatifku,MySQL
JOB_0972,devops-engineer,devops,DevOps / SRE,PT Karisma Zona Kreatifku,TypeScript
JOB_0972,devops-engineer,devops,DevOps / SRE,PT Karisma Zona Kreatifku,Docker
JOB_0972,devops-engineer,devops,DevOps / SRE,PT Karisma Zona Kreatifku,Kubernetes
JOB_0972,devops-engineer,devops,DevOps / SRE,PT Karisma Zona Kreatifku,CI/CD
JOB_0972,devops-engineer,devops,DevOps / SRE,PT Karisma Zona Kreatifku,Linux
JOB_0973,devops-engineer,devops,DevOps Engineer (3 Months Project Based),PT Lawencon Internasional,Python
JOB_0973,devops-engineer,devops,DevOps Engineer (3 Months Project Based),PT Lawencon Internasional,SQL
JOB_0973,devops-engineer,devops,DevOps Engineer (3 Months Project Based),PT Lawencon Internasional,PostgreSQL
JOB_0973,devops-engineer,devops,DevOps Engineer (3 Months Project Based),PT Lawencon Internasional,MySQL
JOB_0973,devops-engineer,devops,DevOps Engineer (3 Months Project Based),PT Lawencon Internasional,TypeScript
JOB_0973,devops-engineer,devops,DevOps Engineer (3 Months Project Based),PT Lawencon Internasional,Docker
JOB_0973,devops-engineer,devops,DevOps Engineer (3 Months Project Based),PT Lawencon Internasional,Kubernetes
JOB_0973,devops-engineer,devops,DevOps Engineer (3 Months Project Based),PT Lawencon Internasional,AWS
JOB_0973,devops-engineer,devops,DevOps Engineer (3 Months Project Based),PT Lawencon Internasional,Azure
JOB_0973,devops-engineer,devops,DevOps Engineer (3 Months Project Based),PT Lawencon Internasional,CI/CD
JOB_0973,devops-engineer,devops,DevOps Engineer (3 Months Project Based),PT Lawencon Internasional,Git
JOB_0973,devops-engineer,devops,DevOps Engineer (3 Months Project Based),PT Lawencon Internasional,Linux
JOB_0974,devops-engineer,devops,Fullstack developer,PT Kodenusa Tekno Buana,MongoDB
JOB_0974,devops-engineer,devops,Fullstack developer,PT Kodenusa Tekno Buana,JavaScript
JOB_0974,devops-engineer,devops,Fullstack developer,PT Kodenusa Tekno Buana,React.js
JOB_0974,devops-engineer,devops,Fullstack developer,PT Kodenusa Tekno Buana,Next.js
JOB_0974,devops-engineer,devops,Fullstack developer,PT Kodenusa Tekno Buana,Vue.js
JOB_0974,devops-engineer,devops,Fullstack developer,PT Kodenusa Tekno Buana,Angular
JOB_0974,devops-engineer,devops,Fullstack developer,PT Kodenusa Tekno Buana,Node.js
JOB_0974,devops-engineer,devops,Fullstack developer,PT Kodenusa Tekno Buana,Laravel
JOB_0974,devops-engineer,devops,Fullstack developer,PT Kodenusa Tekno Buana,REST API
JOB_0974,devops-engineer,devops,Fullstack developer,PT Kodenusa Tekno Buana,Git
JOB_0974,devops-engineer,devops,Fullstack developer,PT Kodenusa Tekno Buana,Microservices
JOB_0975,devops-engineer,devops,Associate Devops Engineer - RA,PT XL Axiata Tbk,Python
JOB_0975,devops-engineer,devops,Associate Devops Engineer - RA,PT XL Axiata Tbk,TypeScript
JOB_0975,devops-engineer,devops,Associate Devops Engineer - RA,PT XL Axiata Tbk,Docker
JOB_0975,devops-engineer,devops,Associate Devops Engineer - RA,PT XL Axiata Tbk,Kubernetes
JOB_0975,devops-engineer,devops,Associate Devops Engineer - RA,PT XL Axiata Tbk,AWS
JOB_0975,devops-engineer,devops,Associate Devops Engineer - RA,PT XL Axiata Tbk,GCP
JOB_0975,devops-engineer,devops,Associate Devops Engineer - RA,PT XL Axiata Tbk,Azure
JOB_0975,devops-engineer,devops,Associate Devops Engineer - RA,PT XL Axiata Tbk,CI/CD
JOB_0975,devops-engineer,devops,Associate Devops Engineer - RA,PT XL Axiata Tbk,Linux
JOB_0975,devops-engineer,devops,Associate Devops Engineer - RA,PT XL Axiata Tbk,Agile/Scrum
JOB_0976,devops-engineer,devops,Infrastructure Engineer,PT Istana Group Indonesia,Python
JOB_0976,devops-engineer,devops,Infrastructure Engineer,PT Istana Group Indonesia,Excel
JOB_0976,devops-engineer,devops,Infrastructure Engineer,PT Istana Group Indonesia,JavaScript
JOB_0976,devops-engineer,devops,Infrastructure Engineer,PT Istana Group Indonesia,TypeScript
JOB_0976,devops-engineer,devops,Infrastructure Engineer,PT Istana Group Indonesia,Node.js
JOB_0976,devops-engineer,devops,Infrastructure Engineer,PT Istana Group Indonesia,Docker
JOB_0976,devops-engineer,devops,Infrastructure Engineer,PT Istana Group Indonesia,Kubernetes
JOB_0976,devops-engineer,devops,Infrastructure Engineer,PT Istana Group Indonesia,AWS
JOB_0976,devops-engineer,devops,Infrastructure Engineer,PT Istana Group Indonesia,GCP
JOB_0976,devops-engineer,devops,Infrastructure Engineer,PT Istana Group Indonesia,CI/CD
JOB_0976,devops-engineer,devops,Infrastructure Engineer,PT Istana Group Indonesia,Git
JOB_0976,devops-engineer,devops,Infrastructure Engineer,PT Istana Group Indonesia,Linux
JOB_0976,devops-engineer,devops,Infrastructure Engineer,PT Istana Group Indonesia,Problem Solving
JOB_0977,devops-engineer,devops,DevOps,PT. MONARCH INTI TEKNOLOGI,Python
JOB_0977,devops-engineer,devops,DevOps,PT. MONARCH INTI TEKNOLOGI,PostgreSQL
JOB_0977,devops-engineer,devops,DevOps,PT. MONARCH INTI TEKNOLOGI,MySQL
JOB_0977,devops-engineer,devops,DevOps,PT. MONARCH INTI TEKNOLOGI,TypeScript
JOB_0977,devops-engineer,devops,DevOps,PT. MONARCH INTI TEKNOLOGI,Golang
JOB_0977,devops-engineer,devops,DevOps,PT. MONARCH INTI TEKNOLOGI,Docker
JOB_0977,devops-engineer,devops,DevOps,PT. MONARCH INTI TEKNOLOGI,Kubernetes
JOB_0977,devops-engineer,devops,DevOps,PT. MONARCH INTI TEKNOLOGI,AWS
JOB_0977,devops-engineer,devops,DevOps,PT. MONARCH INTI TEKNOLOGI,GCP
JOB_0977,devops-engineer,devops,DevOps,PT. MONARCH INTI TEKNOLOGI,Azure
JOB_0977,devops-engineer,devops,DevOps,PT. MONARCH INTI TEKNOLOGI,CI/CD
JOB_0977,devops-engineer,devops,DevOps,PT. MONARCH INTI TEKNOLOGI,Git
JOB_0978,devops-engineer,devops,DevOps Engineer,PT Cashlez Worldwide Indonesia,Python
JOB_0978,devops-engineer,devops,DevOps Engineer,PT Cashlez Worldwide Indonesia,Docker
JOB_0978,devops-engineer,devops,DevOps Engineer,PT Cashlez Worldwide Indonesia,Kubernetes
JOB_0978,devops-engineer,devops,DevOps Engineer,PT Cashlez Worldwide Indonesia,CI/CD
JOB_0978,devops-engineer,devops,DevOps Engineer,PT Cashlez Worldwide Indonesia,Git
JOB_0978,devops-engineer,devops,DevOps Engineer,PT Cashlez Worldwide Indonesia,Linux
JOB_0978,devops-engineer,devops,DevOps Engineer,PT Cashlez Worldwide Indonesia,Problem Solving
JOB_0979,devops-engineer,devops,Senior Infrastructure Read Team Specialis,PT Kb Data Systems Indonesia,Python
JOB_0979,devops-engineer,devops,Senior Infrastructure Read Team Specialis,PT Kb Data Systems Indonesia,R
JOB_0979,devops-engineer,devops,Senior Infrastructure Read Team Specialis,PT Kb Data Systems Indonesia,TypeScript
JOB_0979,devops-engineer,devops,Senior Infrastructure Read Team Specialis,PT Kb Data Systems Indonesia,Golang
JOB_0979,devops-engineer,devops,Senior Infrastructure Read Team Specialis,PT Kb Data Systems Indonesia,Linux
JOB_0979,devops-engineer,devops,Senior Infrastructure Read Team Specialis,PT Kb Data Systems Indonesia,Penetration Testing
JOB_0980,devops-engineer,devops,DevOps Engineer,PT IDStar Cipta Teknologi,TypeScript
JOB_0980,devops-engineer,devops,DevOps Engineer,PT IDStar Cipta Teknologi,Docker
JOB_0980,devops-engineer,devops,DevOps Engineer,PT IDStar Cipta Teknologi,Kubernetes
JOB_0980,devops-engineer,devops,DevOps Engineer,PT IDStar Cipta Teknologi,AWS
JOB_0980,devops-engineer,devops,DevOps Engineer,PT IDStar Cipta Teknologi,GCP
JOB_0980,devops-engineer,devops,DevOps Engineer,PT IDStar Cipta Teknologi,CI/CD
JOB_0980,devops-engineer,devops,DevOps Engineer,PT IDStar Cipta Teknologi,Git
JOB_0980,devops-engineer,devops,DevOps Engineer,PT IDStar Cipta Teknologi,Linux
JOB_0980,devops-engineer,devops,DevOps Engineer,PT IDStar Cipta Teknologi,Agile/Scrum
JOB_0981,devops-engineer,devops,IT Infrastructure Supervisor,PT Aneka Search Indonesia,TypeScript
JOB_0981,devops-engineer,devops,IT Infrastructure Supervisor,PT Aneka Search Indonesia,Linux
JOB_0982,devops-engineer,devops,IT Capacity Planner,PT PERMODALAN NASIONAL MADANI,Python
JOB_0982,devops-engineer,devops,IT Capacity Planner,PT PERMODALAN NASIONAL MADANI,TypeScript
JOB_0983,devops-engineer,devops,DevOps Engineer,PT Hydrax Teknologi Indonesia,TypeScript
JOB_0983,devops-engineer,devops,DevOps Engineer,PT Hydrax Teknologi Indonesia,Golang
JOB_0983,devops-engineer,devops,DevOps Engineer,PT Hydrax Teknologi Indonesia,AWS
JOB_0983,devops-engineer,devops,DevOps Engineer,PT Hydrax Teknologi Indonesia,GCP
JOB_0983,devops-engineer,devops,DevOps Engineer,PT Hydrax Teknologi Indonesia,CI/CD
JOB_0983,devops-engineer,devops,DevOps Engineer,PT Hydrax Teknologi Indonesia,Git
JOB_0983,devops-engineer,devops,DevOps Engineer,PT Hydrax Teknologi Indonesia,Linux
JOB_0984,devops-engineer,devops,DevOps Engineer,Pancaran Group,TypeScript
JOB_0984,devops-engineer,devops,DevOps Engineer,Pancaran Group,Docker
JOB_0984,devops-engineer,devops,DevOps Engineer,Pancaran Group,Kubernetes
JOB_0984,devops-engineer,devops,DevOps Engineer,Pancaran Group,AWS
JOB_0984,devops-engineer,devops,DevOps Engineer,Pancaran Group,GCP
JOB_0984,devops-engineer,devops,DevOps Engineer,Pancaran Group,Azure
JOB_0984,devops-engineer,devops,DevOps Engineer,Pancaran Group,CI/CD
JOB_0984,devops-engineer,devops,DevOps Engineer,Pancaran Group,Linux
JOB_0984,devops-engineer,devops,DevOps Engineer,Pancaran Group,Microservices
JOB_0985,devops-engineer,devops,DevOps Engineer,PT Asuransi Bina Dana Arta Tbk,Python
JOB_0985,devops-engineer,devops,DevOps Engineer,PT Asuransi Bina Dana Arta Tbk,TypeScript
JOB_0985,devops-engineer,devops,DevOps Engineer,PT Asuransi Bina Dana Arta Tbk,REST API
JOB_0985,devops-engineer,devops,DevOps Engineer,PT Asuransi Bina Dana Arta Tbk,Docker
JOB_0985,devops-engineer,devops,DevOps Engineer,PT Asuransi Bina Dana Arta Tbk,AWS
JOB_0985,devops-engineer,devops,DevOps Engineer,PT Asuransi Bina Dana Arta Tbk,CI/CD
JOB_0986,devops-engineer,devops,DevOps Engineer (GCP),PT Karisma Zona Kreatifku,Python
JOB_0986,devops-engineer,devops,DevOps Engineer (GCP),PT Karisma Zona Kreatifku,Excel
JOB_0986,devops-engineer,devops,DevOps Engineer (GCP),PT Karisma Zona Kreatifku,TypeScript
JOB_0986,devops-engineer,devops,DevOps Engineer (GCP),PT Karisma Zona Kreatifku,PHP
JOB_0986,devops-engineer,devops,DevOps Engineer (GCP),PT Karisma Zona Kreatifku,Golang
JOB_0986,devops-engineer,devops,DevOps Engineer (GCP),PT Karisma Zona Kreatifku,Java
JOB_0986,devops-engineer,devops,DevOps Engineer (GCP),PT Karisma Zona Kreatifku,AWS
JOB_0986,devops-engineer,devops,DevOps Engineer (GCP),PT Karisma Zona Kreatifku,GCP
JOB_0986,devops-engineer,devops,DevOps Engineer (GCP),PT Karisma Zona Kreatifku,CI/CD
JOB_0986,devops-engineer,devops,DevOps Engineer (GCP),PT Karisma Zona Kreatifku,Git
JOB_0986,devops-engineer,devops,DevOps Engineer (GCP),PT Karisma Zona Kreatifku,Agile/Scrum
JOB_0987,devops-engineer,devops,Full Stack Engineer,PT DIGITAL XCELERATION NUSANTARA,SQL
JOB_0987,devops-engineer,devops,Full Stack Engineer,PT DIGITAL XCELERATION NUSANTARA,MongoDB
JOB_0987,devops-engineer,devops,Full Stack Engineer,PT DIGITAL XCELERATION NUSANTARA,Machine Learning
JOB_0987,devops-engineer,devops,Full Stack Engineer,PT DIGITAL XCELERATION NUSANTARA,HTML
JOB_0987,devops-engineer,devops,Full Stack Engineer,PT DIGITAL XCELERATION NUSANTARA,CSS
JOB_0987,devops-engineer,devops,Full Stack Engineer,PT DIGITAL XCELERATION NUSANTARA,JavaScript
JOB_0987,devops-engineer,devops,Full Stack Engineer,PT DIGITAL XCELERATION NUSANTARA,React.js
JOB_0987,devops-engineer,devops,Full Stack Engineer,PT DIGITAL XCELERATION NUSANTARA,React Native
JOB_0987,devops-engineer,devops,Full Stack Engineer,PT DIGITAL XCELERATION NUSANTARA,Vue.js
JOB_0987,devops-engineer,devops,Full Stack Engineer,PT DIGITAL XCELERATION NUSANTARA,Java
JOB_0987,devops-engineer,devops,Full Stack Engineer,PT DIGITAL XCELERATION NUSANTARA,Spring Boot
JOB_0987,devops-engineer,devops,Full Stack Engineer,PT DIGITAL XCELERATION NUSANTARA,GraphQL
JOB_0987,devops-engineer,devops,Full Stack Engineer,PT DIGITAL XCELERATION NUSANTARA,AWS
JOB_0987,devops-engineer,devops,Full Stack Engineer,PT DIGITAL XCELERATION NUSANTARA,GCP
JOB_0987,devops-engineer,devops,Full Stack Engineer,PT DIGITAL XCELERATION NUSANTARA,Azure
JOB_0987,devops-engineer,devops,Full Stack Engineer,PT DIGITAL XCELERATION NUSANTARA,Microservices
JOB_0987,devops-engineer,devops,Full Stack Engineer,PT DIGITAL XCELERATION NUSANTARA,Agile/Scrum
JOB_0988,devops-engineer,devops,AWS Cloud Engineer,PT Exabytes Network Indonesia,TypeScript
JOB_0988,devops-engineer,devops,AWS Cloud Engineer,PT Exabytes Network Indonesia,AWS
JOB_0988,devops-engineer,devops,AWS Cloud Engineer,PT Exabytes Network Indonesia,Linux
JOB_0989,devops-engineer,devops,"Infrastructure & Server Engineer (AWS, Monitoring, & MT5)",PT Usaha Kreatif Indonesia,Python
JOB_0989,devops-engineer,devops,"Infrastructure & Server Engineer (AWS, Monitoring, & MT5)",PT Usaha Kreatif Indonesia,Docker
JOB_0989,devops-engineer,devops,"Infrastructure & Server Engineer (AWS, Monitoring, & MT5)",PT Usaha Kreatif Indonesia,Kubernetes
JOB_0989,devops-engineer,devops,"Infrastructure & Server Engineer (AWS, Monitoring, & MT5)",PT Usaha Kreatif Indonesia,AWS
JOB_0989,devops-engineer,devops,"Infrastructure & Server Engineer (AWS, Monitoring, & MT5)",PT Usaha Kreatif Indonesia,CI/CD
JOB_0989,devops-engineer,devops,"Infrastructure & Server Engineer (AWS, Monitoring, & MT5)",PT Usaha Kreatif Indonesia,Git
JOB_0989,devops-engineer,devops,"Infrastructure & Server Engineer (AWS, Monitoring, & MT5)",PT Usaha Kreatif Indonesia,Linux
JOB_0989,devops-engineer,devops,"Infrastructure & Server Engineer (AWS, Monitoring, & MT5)",PT Usaha Kreatif Indonesia,Problem Solving
JOB_0990,devops-engineer,devops,IT Senior Specialist/Manager,Pengiklan Anonim,Tableau
JOB_0990,devops-engineer,devops,IT Senior Specialist/Manager,Pengiklan Anonim,Power BI
JOB_0990,devops-engineer,devops,IT Senior Specialist/Manager,Pengiklan Anonim,Machine Learning
JOB_0990,devops-engineer,devops,IT Senior Specialist/Manager,Pengiklan Anonim,TypeScript
JOB_0990,devops-engineer,devops,IT Senior Specialist/Manager,Pengiklan Anonim,AWS
JOB_0990,devops-engineer,devops,IT Senior Specialist/Manager,Pengiklan Anonim,GCP
JOB_0990,devops-engineer,devops,IT Senior Specialist/Manager,Pengiklan Anonim,Azure
JOB_0990,devops-engineer,devops,IT Senior Specialist/Manager,Pengiklan Anonim,Cybersecurity
JOB_0991,devops-engineer,devops,Junior Software Engineer,PT Technet Vision Indonesia,Python
JOB_0991,devops-engineer,devops,Junior Software Engineer,PT Technet Vision Indonesia,SQL
JOB_0991,devops-engineer,devops,Junior Software Engineer,PT Technet Vision Indonesia,Machine Learning
JOB_0991,devops-engineer,devops,Junior Software Engineer,PT Technet Vision Indonesia,HTML
JOB_0991,devops-engineer,devops,Junior Software Engineer,PT Technet Vision Indonesia,CSS
JOB_0991,devops-engineer,devops,Junior Software Engineer,PT Technet Vision Indonesia,JavaScript
JOB_0991,devops-engineer,devops,Junior Software Engineer,PT Technet Vision Indonesia,TypeScript
JOB_0991,devops-engineer,devops,Junior Software Engineer,PT Technet Vision Indonesia,React.js
JOB_0991,devops-engineer,devops,Junior Software Engineer,PT Technet Vision Indonesia,Vue.js
JOB_0991,devops-engineer,devops,Junior Software Engineer,PT Technet Vision Indonesia,Angular
JOB_0991,devops-engineer,devops,Junior Software Engineer,PT Technet Vision Indonesia,Node.js
JOB_0991,devops-engineer,devops,Junior Software Engineer,PT Technet Vision Indonesia,Java
JOB_0991,devops-engineer,devops,Junior Software Engineer,PT Technet Vision Indonesia,Ruby
JOB_0991,devops-engineer,devops,Junior Software Engineer,PT Technet Vision Indonesia,REST API
JOB_0991,devops-engineer,devops,Junior Software Engineer,PT Technet Vision Indonesia,Docker
JOB_0991,devops-engineer,devops,Junior Software Engineer,PT Technet Vision Indonesia,Kubernetes
JOB_0991,devops-engineer,devops,Junior Software Engineer,PT Technet Vision Indonesia,AWS
JOB_0991,devops-engineer,devops,Junior Software Engineer,PT Technet Vision Indonesia,GCP
JOB_0991,devops-engineer,devops,Junior Software Engineer,PT Technet Vision Indonesia,CI/CD
JOB_0991,devops-engineer,devops,Junior Software Engineer,PT Technet Vision Indonesia,Git
JOB_0991,devops-engineer,devops,Junior Software Engineer,PT Technet Vision Indonesia,Agile/Scrum
JOB_0992,devops-engineer,devops,Data Center IT Expert,TITANICOM TECH LIMITED,TypeScript
JOB_0994,devops-engineer,devops,Senior DevOps Engineer,"PT. Metrodata Electronics, Tbk",Python
JOB_0994,devops-engineer,devops,Senior DevOps Engineer,"PT. Metrodata Electronics, Tbk",Excel
JOB_0994,devops-engineer,devops,Senior DevOps Engineer,"PT. Metrodata Electronics, Tbk",TypeScript
JOB_0994,devops-engineer,devops,Senior DevOps Engineer,"PT. Metrodata Electronics, Tbk",Java
JOB_0994,devops-engineer,devops,Senior DevOps Engineer,"PT. Metrodata Electronics, Tbk",CI/CD
JOB_0994,devops-engineer,devops,Senior DevOps Engineer,"PT. Metrodata Electronics, Tbk",Git
JOB_0994,devops-engineer,devops,Senior DevOps Engineer,"PT. Metrodata Electronics, Tbk",Linux
JOB_0994,devops-engineer,devops,Senior DevOps Engineer,"PT. Metrodata Electronics, Tbk",UI/UX
JOB_0995,devops-engineer,devops,Tier 2 Support Engineer,PT Artha Solutions Indonesia,Machine Learning
JOB_0995,devops-engineer,devops,Tier 2 Support Engineer,PT Artha Solutions Indonesia,TypeScript
JOB_0995,devops-engineer,devops,Tier 2 Support Engineer,PT Artha Solutions Indonesia,REST API
JOB_0995,devops-engineer,devops,Tier 2 Support Engineer,PT Artha Solutions Indonesia,Linux
JOB_0995,devops-engineer,devops,Tier 2 Support Engineer,PT Artha Solutions Indonesia,Cybersecurity
JOB_0996,devops-engineer,devops,DATA CENTER ENGINEER,PT Advanced Power Tech,JavaScript
JOB_0996,devops-engineer,devops,DATA CENTER ENGINEER,PT Advanced Power Tech,Problem Solving
JOB_0997,devops-engineer,devops,Back End Engineer,PT Falah Inovasi Teknologi,SQL
JOB_0997,devops-engineer,devops,Back End Engineer,PT Falah Inovasi Teknologi,TypeScript
JOB_0997,devops-engineer,devops,Back End Engineer,PT Falah Inovasi Teknologi,REST API
JOB_0997,devops-engineer,devops,Back End Engineer,PT Falah Inovasi Teknologi,GraphQL
JOB_0997,devops-engineer,devops,Back End Engineer,PT Falah Inovasi Teknologi,Docker
JOB_0997,devops-engineer,devops,Back End Engineer,PT Falah Inovasi Teknologi,Kubernetes
JOB_0997,devops-engineer,devops,Back End Engineer,PT Falah Inovasi Teknologi,Git
JOB_0997,devops-engineer,devops,Back End Engineer,PT Falah Inovasi Teknologi,Microservices
JOB_0997,devops-engineer,devops,Back End Engineer,PT Falah Inovasi Teknologi,Agile/Scrum
JOB_0999,devops-engineer,devops,Senior endpoint security engineer (Trellix),PT. Lintas Teknologi Indonesia,Excel
JOB_0999,devops-engineer,devops,Senior endpoint security engineer (Trellix),PT. Lintas Teknologi Indonesia,TypeScript
JOB_0999,devops-engineer,devops,Senior endpoint security engineer (Trellix),PT. Lintas Teknologi Indonesia,Cybersecurity
JOB_1000,devops-engineer,devops,IT NETWORK & INFRASTRUCTURE STAFF,PT Agres Info Teknologi,Linux
JOB_1001,devops-engineer,devops,Data Center Warehouse Executive,TITANICOM TECH LIMITED,TypeScript
JOB_1002,devops-engineer,devops,Cloud Engineer,PT. Nashta Global Utama,Excel
JOB_1002,devops-engineer,devops,Cloud Engineer,PT. Nashta Global Utama,TypeScript
JOB_1002,devops-engineer,devops,Cloud Engineer,PT. Nashta Global Utama,Azure
JOB_1003,devops-engineer,devops,Cloud Infrastructure Engineer (Azure/AWS),Abrihet Teknobalhar Informa,TypeScript
JOB_1003,devops-engineer,devops,Cloud Infrastructure Engineer (Azure/AWS),Abrihet Teknobalhar Informa,Java
JOB_1003,devops-engineer,devops,Cloud Infrastructure Engineer (Azure/AWS),Abrihet Teknobalhar Informa,AWS
JOB_1003,devops-engineer,devops,Cloud Infrastructure Engineer (Azure/AWS),Abrihet Teknobalhar Informa,Azure
JOB_1004,devops-engineer,devops,Presales - IT Server and Cloud,PT Network Data Sistem,AWS
JOB_1004,devops-engineer,devops,Presales - IT Server and Cloud,PT Network Data Sistem,GCP
JOB_1004,devops-engineer,devops,Presales - IT Server and Cloud,PT Network Data Sistem,Azure
JOB_1005,devops-engineer,devops,Full Stack Developer (Python),Engine Room Global Pte Ltd.,Python
JOB_1005,devops-engineer,devops,Full Stack Developer (Python),Engine Room Global Pte Ltd.,SQL
JOB_1005,devops-engineer,devops,Full Stack Developer (Python),Engine Room Global Pte Ltd.,ETL
JOB_1005,devops-engineer,devops,Full Stack Developer (Python),Engine Room Global Pte Ltd.,JavaScript
JOB_1005,devops-engineer,devops,Full Stack Developer (Python),Engine Room Global Pte Ltd.,TypeScript
JOB_1005,devops-engineer,devops,Full Stack Developer (Python),Engine Room Global Pte Ltd.,React.js
JOB_1005,devops-engineer,devops,Full Stack Developer (Python),Engine Room Global Pte Ltd.,Next.js
JOB_1005,devops-engineer,devops,Full Stack Developer (Python),Engine Room Global Pte Ltd.,Golang
JOB_1005,devops-engineer,devops,Full Stack Developer (Python),Engine Room Global Pte Ltd.,Django
JOB_1005,devops-engineer,devops,Full Stack Developer (Python),Engine Room Global Pte Ltd.,FastAPI
JOB_1005,devops-engineer,devops,Full Stack Developer (Python),Engine Room Global Pte Ltd.,REST API
JOB_1005,devops-engineer,devops,Full Stack Developer (Python),Engine Room Global Pte Ltd.,AWS
JOB_1005,devops-engineer,devops,Full Stack Developer (Python),Engine Room Global Pte Ltd.,GCP
JOB_1005,devops-engineer,devops,Full Stack Developer (Python),Engine Room Global Pte Ltd.,Azure
JOB_1005,devops-engineer,devops,Full Stack Developer (Python),Engine Room Global Pte Ltd.,Git
JOB_1006,devops-engineer,devops,Software Engineer (Backend Java),PT Rsystems Ibizcs International,SQL
JOB_1006,devops-engineer,devops,Software Engineer (Backend Java),PT Rsystems Ibizcs International,Data Modeling
JOB_1006,devops-engineer,devops,Software Engineer (Backend Java),PT Rsystems Ibizcs International,TypeScript
JOB_1006,devops-engineer,devops,Software Engineer (Backend Java),PT Rsystems Ibizcs International,Java
JOB_1006,devops-engineer,devops,Software Engineer (Backend Java),PT Rsystems Ibizcs International,Spring Boot
JOB_1006,devops-engineer,devops,Software Engineer (Backend Java),PT Rsystems Ibizcs International,REST API
JOB_1006,devops-engineer,devops,Software Engineer (Backend Java),PT Rsystems Ibizcs International,Docker
JOB_1006,devops-engineer,devops,Software Engineer (Backend Java),PT Rsystems Ibizcs International,Kubernetes
JOB_1006,devops-engineer,devops,Software Engineer (Backend Java),PT Rsystems Ibizcs International,AWS
JOB_1006,devops-engineer,devops,Software Engineer (Backend Java),PT Rsystems Ibizcs International,GCP
JOB_1006,devops-engineer,devops,Software Engineer (Backend Java),PT Rsystems Ibizcs International,Azure
JOB_1006,devops-engineer,devops,Software Engineer (Backend Java),PT Rsystems Ibizcs International,CI/CD
JOB_1006,devops-engineer,devops,Software Engineer (Backend Java),PT Rsystems Ibizcs International,Git
JOB_1006,devops-engineer,devops,Software Engineer (Backend Java),PT Rsystems Ibizcs International,Microservices
JOB_1006,devops-engineer,devops,Software Engineer (Backend Java),PT Rsystems Ibizcs International,Agile/Scrum
JOB_1007,devops-engineer,devops,Network Security Department Head,Pengiklan Anonim,TypeScript
JOB_1008,devops-engineer,devops,IT Infrastruktur,PT Prawathiya Karsa Pradipta,Docker
JOB_1008,devops-engineer,devops,IT Infrastruktur,PT Prawathiya Karsa Pradipta,AWS
JOB_1008,devops-engineer,devops,IT Infrastruktur,PT Prawathiya Karsa Pradipta,GCP
JOB_1008,devops-engineer,devops,IT Infrastruktur,PT Prawathiya Karsa Pradipta,Git
JOB_1008,devops-engineer,devops,IT Infrastruktur,PT Prawathiya Karsa Pradipta,Linux
JOB_1009,devops-engineer,devops,IDC Structured Cabling Engineer （Fresh Graduate Welcomed!),TITANICOM TECH LIMITED,Excel
JOB_1009,devops-engineer,devops,IDC Structured Cabling Engineer （Fresh Graduate Welcomed!),TITANICOM TECH LIMITED,TypeScript
JOB_1010,devops-engineer,devops,GPON Engineer,PT Fiberhome Technologies Indonesia,Next.js
JOB_1011,devops-engineer,devops,Chief Engineer - Data Center (CDCP Certified),PT Colliers International Indonesia,Excel
JOB_1011,devops-engineer,devops,Chief Engineer - Data Center (CDCP Certified),PT Colliers International Indonesia,TypeScript
JOB_1012,devops-engineer,devops,Senior Software Engineer / Technical Lead - CMMS Platform,Kraanwerks Pte. Ltd.,TypeScript
JOB_1012,devops-engineer,devops,Senior Software Engineer / Technical Lead - CMMS Platform,Kraanwerks Pte. Ltd.,Next.js
JOB_1012,devops-engineer,devops,Senior Software Engineer / Technical Lead - CMMS Platform,Kraanwerks Pte. Ltd.,Golang
JOB_1012,devops-engineer,devops,Senior Software Engineer / Technical Lead - CMMS Platform,Kraanwerks Pte. Ltd.,AWS
JOB_1012,devops-engineer,devops,Senior Software Engineer / Technical Lead - CMMS Platform,Kraanwerks Pte. Ltd.,GCP
JOB_1012,devops-engineer,devops,Senior Software Engineer / Technical Lead - CMMS Platform,Kraanwerks Pte. Ltd.,Azure
JOB_1013,devops-engineer,devops,Data Engineer,PT Data Labs Analytics,Python
JOB_1013,devops-engineer,devops,Data Engineer,PT Data Labs Analytics,SQL
JOB_1013,devops-engineer,devops,Data Engineer,PT Data Labs Analytics,BigQuery
JOB_1013,devops-engineer,devops,Data Engineer,PT Data Labs Analytics,Data Modeling
JOB_1013,devops-engineer,devops,Data Engineer,PT Data Labs Analytics,ETL
JOB_1013,devops-engineer,devops,Data Engineer,PT Data Labs Analytics,TypeScript
JOB_1013,devops-engineer,devops,Data Engineer,PT Data Labs Analytics,Java
JOB_1013,devops-engineer,devops,Data Engineer,PT Data Labs Analytics,AWS
JOB_1013,devops-engineer,devops,Data Engineer,PT Data Labs Analytics,GCP
JOB_1013,devops-engineer,devops,Data Engineer,PT Data Labs Analytics,Azure
JOB_1014,devops-engineer,devops,IT Security Specialist,PT. Dwidaya World Wide,TypeScript
JOB_1014,devops-engineer,devops,IT Security Specialist,PT. Dwidaya World Wide,Cybersecurity
JOB_1015,devops-engineer,devops,Cloud Engineer,PT Lintas Media Danawa,SQL
JOB_1015,devops-engineer,devops,Cloud Engineer,PT Lintas Media Danawa,TypeScript
JOB_1015,devops-engineer,devops,Cloud Engineer,PT Lintas Media Danawa,Docker
JOB_1015,devops-engineer,devops,Cloud Engineer,PT Lintas Media Danawa,GCP
JOB_1015,devops-engineer,devops,Cloud Engineer,PT Lintas Media Danawa,CI/CD
JOB_1015,devops-engineer,devops,Cloud Engineer,PT Lintas Media Danawa,Git
JOB_1015,devops-engineer,devops,Cloud Engineer,PT Lintas Media Danawa,Linux
JOB_1017,devops-engineer,devops,Head of IT,PT SUNGAI KECIL SEJAHTERA,TypeScript
JOB_1018,devops-engineer,devops,Electrical Engineer,PT. Seven Gates Indonesia,TypeScript
JOB_1019,devops-engineer,devops,Solution Architect,PT Dasa Aprilindo Sentosa,Excel
JOB_1019,devops-engineer,devops,Solution Architect,PT Dasa Aprilindo Sentosa,JavaScript
JOB_1019,devops-engineer,devops,Solution Architect,PT Dasa Aprilindo Sentosa,TypeScript
JOB_1019,devops-engineer,devops,Solution Architect,PT Dasa Aprilindo Sentosa,Java
JOB_1019,devops-engineer,devops,Solution Architect,PT Dasa Aprilindo Sentosa,Kubernetes
JOB_1019,devops-engineer,devops,Solution Architect,PT Dasa Aprilindo Sentosa,AWS
JOB_1019,devops-engineer,devops,Solution Architect,PT Dasa Aprilindo Sentosa,GCP
JOB_1019,devops-engineer,devops,Solution Architect,PT Dasa Aprilindo Sentosa,Azure
JOB_1019,devops-engineer,devops,Solution Architect,PT Dasa Aprilindo Sentosa,CI/CD
JOB_1021,devops-engineer,devops,Team Lead Application Developer,PT Sigma Cipta Utama,REST API
JOB_1021,devops-engineer,devops,Team Lead Application Developer,PT Sigma Cipta Utama,Docker
JOB_1021,devops-engineer,devops,Team Lead Application Developer,PT Sigma Cipta Utama,CI/CD
JOB_1021,devops-engineer,devops,Team Lead Application Developer,PT Sigma Cipta Utama,Git
JOB_1021,devops-engineer,devops,Team Lead Application Developer,PT Sigma Cipta Utama,Microservices
JOB_1021,devops-engineer,devops,Team Lead Application Developer,PT Sigma Cipta Utama,UI/UX
JOB_1021,devops-engineer,devops,Team Lead Application Developer,PT Sigma Cipta Utama,Agile/Scrum
JOB_1021,devops-engineer,devops,Team Lead Application Developer,PT Sigma Cipta Utama,Problem Solving
JOB_1024,devops-engineer,devops,Cloud Engineer,PT Metrocom Global Solusi,Python
JOB_1024,devops-engineer,devops,Cloud Engineer,PT Metrocom Global Solusi,Excel
JOB_1024,devops-engineer,devops,Cloud Engineer,PT Metrocom Global Solusi,Docker
JOB_1024,devops-engineer,devops,Cloud Engineer,PT Metrocom Global Solusi,Kubernetes
JOB_1024,devops-engineer,devops,Cloud Engineer,PT Metrocom Global Solusi,GCP
JOB_1026,devops-engineer,devops,System Administrator,PT Kamoro Maxima Integra,Excel
JOB_1026,devops-engineer,devops,System Administrator,PT Kamoro Maxima Integra,TypeScript
JOB_1026,devops-engineer,devops,System Administrator,PT Kamoro Maxima Integra,Node.js
JOB_1026,devops-engineer,devops,System Administrator,PT Kamoro Maxima Integra,Java
JOB_1028,devops-engineer,devops,DevOps Officer,PT Sangkuriang Internasional,Python
JOB_1028,devops-engineer,devops,DevOps Officer,PT Sangkuriang Internasional,Excel
JOB_1028,devops-engineer,devops,DevOps Officer,PT Sangkuriang Internasional,Hadoop
JOB_1028,devops-engineer,devops,DevOps Officer,PT Sangkuriang Internasional,Spark
JOB_1028,devops-engineer,devops,DevOps Officer,PT Sangkuriang Internasional,TypeScript
JOB_1028,devops-engineer,devops,DevOps Officer,PT Sangkuriang Internasional,Docker
JOB_1028,devops-engineer,devops,DevOps Officer,PT Sangkuriang Internasional,Kubernetes
JOB_1028,devops-engineer,devops,DevOps Officer,PT Sangkuriang Internasional,AWS
JOB_1028,devops-engineer,devops,DevOps Officer,PT Sangkuriang Internasional,GCP
JOB_1028,devops-engineer,devops,DevOps Officer,PT Sangkuriang Internasional,Azure
JOB_1030,devops-engineer,devops,Senior DevOps,PT Pranala Ragam Karya,Python
JOB_1030,devops-engineer,devops,Senior DevOps,PT Pranala Ragam Karya,Excel
JOB_1030,devops-engineer,devops,Senior DevOps,PT Pranala Ragam Karya,TypeScript
JOB_1030,devops-engineer,devops,Senior DevOps,PT Pranala Ragam Karya,Next.js
JOB_1030,devops-engineer,devops,Senior DevOps,PT Pranala Ragam Karya,Golang
JOB_1030,devops-engineer,devops,Senior DevOps,PT Pranala Ragam Karya,Docker
JOB_1030,devops-engineer,devops,Senior DevOps,PT Pranala Ragam Karya,Kubernetes
JOB_1030,devops-engineer,devops,Senior DevOps,PT Pranala Ragam Karya,AWS
JOB_1030,devops-engineer,devops,Senior DevOps,PT Pranala Ragam Karya,GCP
JOB_1030,devops-engineer,devops,Senior DevOps,PT Pranala Ragam Karya,Azure
JOB_1030,devops-engineer,devops,Senior DevOps,PT Pranala Ragam Karya,CI/CD
JOB_1032,devops-engineer,devops,Cloud Infrastructure Engineer,"PT. Metrodata Electronics, Tbk",Python
JOB_1032,devops-engineer,devops,Cloud Infrastructure Engineer,"PT. Metrodata Electronics, Tbk",REST API
JOB_1032,devops-engineer,devops,Cloud Infrastructure Engineer,"PT. Metrodata Electronics, Tbk",AWS
JOB_1032,devops-engineer,devops,Cloud Infrastructure Engineer,"PT. Metrodata Electronics, Tbk",GCP
JOB_1032,devops-engineer,devops,Cloud Infrastructure Engineer,"PT. Metrodata Electronics, Tbk",Azure
JOB_1032,devops-engineer,devops,Cloud Infrastructure Engineer,"PT. Metrodata Electronics, Tbk",CI/CD
JOB_1033,devops-engineer,devops,Fullstack Developer,Elitez Pte Ltd,SQL
JOB_1033,devops-engineer,devops,Fullstack Developer,Elitez Pte Ltd,MySQL
JOB_1033,devops-engineer,devops,Fullstack Developer,Elitez Pte Ltd,JavaScript
JOB_1033,devops-engineer,devops,Fullstack Developer,Elitez Pte Ltd,TypeScript
JOB_1033,devops-engineer,devops,Fullstack Developer,Elitez Pte Ltd,React.js
JOB_1033,devops-engineer,devops,Fullstack Developer,Elitez Pte Ltd,Node.js
JOB_1033,devops-engineer,devops,Fullstack Developer,Elitez Pte Ltd,PHP
JOB_1033,devops-engineer,devops,Fullstack Developer,Elitez Pte Ltd,Laravel
JOB_1033,devops-engineer,devops,Fullstack Developer,Elitez Pte Ltd,UI/UX
JOB_1034,devops-engineer,devops,Software Engineer,PT Sentra Vidya Utama,PostgreSQL
JOB_1034,devops-engineer,devops,Software Engineer,PT Sentra Vidya Utama,JavaScript
JOB_1034,devops-engineer,devops,Software Engineer,PT Sentra Vidya Utama,TypeScript
JOB_1034,devops-engineer,devops,Software Engineer,PT Sentra Vidya Utama,Vue.js
JOB_1034,devops-engineer,devops,Software Engineer,PT Sentra Vidya Utama,Node.js
JOB_1034,devops-engineer,devops,Software Engineer,PT Sentra Vidya Utama,PHP
JOB_1034,devops-engineer,devops,Software Engineer,PT Sentra Vidya Utama,Laravel
JOB_1034,devops-engineer,devops,Software Engineer,PT Sentra Vidya Utama,REST API
JOB_1034,devops-engineer,devops,Software Engineer,PT Sentra Vidya Utama,Docker
JOB_1034,devops-engineer,devops,Software Engineer,PT Sentra Vidya Utama,Microservices
JOB_1035,devops-engineer,devops,Head of IT Infrastructure and Security,PT Morula Indonesia,Excel
JOB_1035,devops-engineer,devops,Head of IT Infrastructure and Security,PT Morula Indonesia,TypeScript
JOB_1035,devops-engineer,devops,Head of IT Infrastructure and Security,PT Morula Indonesia,AWS
JOB_1035,devops-engineer,devops,Head of IT Infrastructure and Security,PT Morula Indonesia,Azure
JOB_1035,devops-engineer,devops,Head of IT Infrastructure and Security,PT Morula Indonesia,Cybersecurity
JOB_1036,devops-engineer,devops,Golang Developer,PT Lawencon Internasional,TypeScript
JOB_1036,devops-engineer,devops,Golang Developer,PT Lawencon Internasional,Golang
JOB_1036,devops-engineer,devops,Golang Developer,PT Lawencon Internasional,REST API
JOB_1036,devops-engineer,devops,Golang Developer,PT Lawencon Internasional,Microservices
JOB_1036,devops-engineer,devops,Golang Developer,PT Lawencon Internasional,Agile/Scrum
JOB_1037,devops-engineer,devops,"VP, Cyber Security, Technology",PT Bank DBS Indonesia,TypeScript
JOB_1037,devops-engineer,devops,"VP, Cyber Security, Technology",PT Bank DBS Indonesia,Cybersecurity
JOB_1038,devops-engineer,devops,Development Security Operations (DevSecOps),PT Swadharma Duta Data,Python
JOB_1038,devops-engineer,devops,Development Security Operations (DevSecOps),PT Swadharma Duta Data,Docker
JOB_1038,devops-engineer,devops,Development Security Operations (DevSecOps),PT Swadharma Duta Data,Kubernetes
JOB_1038,devops-engineer,devops,Development Security Operations (DevSecOps),PT Swadharma Duta Data,Azure
JOB_1038,devops-engineer,devops,Development Security Operations (DevSecOps),PT Swadharma Duta Data,CI/CD
JOB_1038,devops-engineer,devops,Development Security Operations (DevSecOps),PT Swadharma Duta Data,Git
JOB_1038,devops-engineer,devops,Development Security Operations (DevSecOps),PT Swadharma Duta Data,Linux
JOB_1039,devops-engineer,devops,VP of Technology,Pengiklan Anonim,Excel
JOB_1039,devops-engineer,devops,VP of Technology,Pengiklan Anonim,TypeScript
JOB_1039,devops-engineer,devops,VP of Technology,Pengiklan Anonim,AWS
JOB_1039,devops-engineer,devops,VP of Technology,Pengiklan Anonim,GCP
JOB_1039,devops-engineer,devops,VP of Technology,Pengiklan Anonim,Azure
JOB_1039,devops-engineer,devops,VP of Technology,Pengiklan Anonim,CI/CD
JOB_1039,devops-engineer,devops,VP of Technology,Pengiklan Anonim,Microservices
JOB_1039,devops-engineer,devops,VP of Technology,Pengiklan Anonim,Agile/Scrum
JOB_1040,devops-engineer,devops,DevOps,PT Intersolusi Teknologi Asia,PostgreSQL
JOB_1040,devops-engineer,devops,DevOps,PT Intersolusi Teknologi Asia,MySQL
JOB_1040,devops-engineer,devops,DevOps,PT Intersolusi Teknologi Asia,MongoDB
JOB_1040,devops-engineer,devops,DevOps,PT Intersolusi Teknologi Asia,Excel
JOB_1040,devops-engineer,devops,DevOps,PT Intersolusi Teknologi Asia,TypeScript
JOB_1040,devops-engineer,devops,DevOps,PT Intersolusi Teknologi Asia,AWS
JOB_1040,devops-engineer,devops,DevOps,PT Intersolusi Teknologi Asia,GCP
JOB_1040,devops-engineer,devops,DevOps,PT Intersolusi Teknologi Asia,Azure
JOB_1040,devops-engineer,devops,DevOps,PT Intersolusi Teknologi Asia,CI/CD
JOB_1040,devops-engineer,devops,DevOps,PT Intersolusi Teknologi Asia,Linux
JOB_1041,devops-engineer,devops,Electronic Engineer,PT Luwes Inovasi Mandiri (Depok),SQL
JOB_1041,devops-engineer,devops,Electronic Engineer,PT Luwes Inovasi Mandiri (Depok),Node.js
JOB_1042,devops-engineer,devops,Senior Azure Engineer - MS Office Apps,Avanade Malaysia Sdn Bhd,Excel
JOB_1042,devops-engineer,devops,Senior Azure Engineer - MS Office Apps,Avanade Malaysia Sdn Bhd,TypeScript
JOB_1043,devops-engineer,devops,Pre-Sales Engineer – Network Energy,PT Fiberhome Technologies Indonesia,Excel
JOB_1043,devops-engineer,devops,Pre-Sales Engineer – Network Energy,PT Fiberhome Technologies Indonesia,TypeScript
JOB_1044,devops-engineer,devops,Senior Azure Engineer  (Entra ID),Avanade Malaysia Sdn Bhd,Machine Learning
JOB_1044,devops-engineer,devops,Senior Azure Engineer  (Entra ID),Avanade Malaysia Sdn Bhd,TypeScript
JOB_1044,devops-engineer,devops,Senior Azure Engineer  (Entra ID),Avanade Malaysia Sdn Bhd,REST API
JOB_1044,devops-engineer,devops,Senior Azure Engineer  (Entra ID),Avanade Malaysia Sdn Bhd,Azure
JOB_1044,devops-engineer,devops,Senior Azure Engineer  (Entra ID),Avanade Malaysia Sdn Bhd,Cybersecurity
JOB_1045,devops-engineer,devops,Senior Network Security Engineer,PT Dinamika Sistem Integrasi Solusi,Python
JOB_1045,devops-engineer,devops,Senior Network Security Engineer,PT Dinamika Sistem Integrasi Solusi,Excel
JOB_1045,devops-engineer,devops,Senior Network Security Engineer,PT Dinamika Sistem Integrasi Solusi,Machine Learning
JOB_1045,devops-engineer,devops,Senior Network Security Engineer,PT Dinamika Sistem Integrasi Solusi,TypeScript
JOB_1045,devops-engineer,devops,Senior Network Security Engineer,PT Dinamika Sistem Integrasi Solusi,Linux
JOB_1045,devops-engineer,devops,Senior Network Security Engineer,PT Dinamika Sistem Integrasi Solusi,Cybersecurity
JOB_1045,devops-engineer,devops,Senior Network Security Engineer,PT Dinamika Sistem Integrasi Solusi,Problem Solving
JOB_1046,devops-engineer,devops,3rd Level Engineer (Network),PT Nusantara Compnet Integrator,Excel
JOB_1046,devops-engineer,devops,3rd Level Engineer (Network),PT Nusantara Compnet Integrator,TypeScript
JOB_1047,devops-engineer,devops,Senior Azure Engineer (Azure ARC),Avanade Malaysia Sdn Bhd,TypeScript
JOB_1047,devops-engineer,devops,Senior Azure Engineer (Azure ARC),Avanade Malaysia Sdn Bhd,Kubernetes
JOB_1047,devops-engineer,devops,Senior Azure Engineer (Azure ARC),Avanade Malaysia Sdn Bhd,Azure
JOB_1048,devops-engineer,devops,Engineer on Site,PT. TRIMEGA PRIMA TEKNOLOGI,Cybersecurity
JOB_1048,devops-engineer,devops,Engineer on Site,PT. TRIMEGA PRIMA TEKNOLOGI,Penetration Testing
JOB_1049,devops-engineer,devops,"Full Stack Developer (Node.js, React.js, SQL, AWS)",PT Kencana Jaya Kreasi Lestari,SQL
JOB_1049,devops-engineer,devops,"Full Stack Developer (Node.js, React.js, SQL, AWS)",PT Kencana Jaya Kreasi Lestari,PostgreSQL
JOB_1049,devops-engineer,devops,"Full Stack Developer (Node.js, React.js, SQL, AWS)",PT Kencana Jaya Kreasi Lestari,MySQL
JOB_1049,devops-engineer,devops,"Full Stack Developer (Node.js, React.js, SQL, AWS)",PT Kencana Jaya Kreasi Lestari,MongoDB
JOB_1049,devops-engineer,devops,"Full Stack Developer (Node.js, React.js, SQL, AWS)",PT Kencana Jaya Kreasi Lestari,JavaScript
JOB_1049,devops-engineer,devops,"Full Stack Developer (Node.js, React.js, SQL, AWS)",PT Kencana Jaya Kreasi Lestari,TypeScript
JOB_1049,devops-engineer,devops,"Full Stack Developer (Node.js, React.js, SQL, AWS)",PT Kencana Jaya Kreasi Lestari,React.js
JOB_1049,devops-engineer,devops,"Full Stack Developer (Node.js, React.js, SQL, AWS)",PT Kencana Jaya Kreasi Lestari,Node.js
JOB_1049,devops-engineer,devops,"Full Stack Developer (Node.js, React.js, SQL, AWS)",PT Kencana Jaya Kreasi Lestari,REST API
JOB_1049,devops-engineer,devops,"Full Stack Developer (Node.js, React.js, SQL, AWS)",PT Kencana Jaya Kreasi Lestari,GraphQL
JOB_1049,devops-engineer,devops,"Full Stack Developer (Node.js, React.js, SQL, AWS)",PT Kencana Jaya Kreasi Lestari,AWS
JOB_1049,devops-engineer,devops,"Full Stack Developer (Node.js, React.js, SQL, AWS)",PT Kencana Jaya Kreasi Lestari,CI/CD
JOB_1049,devops-engineer,devops,"Full Stack Developer (Node.js, React.js, SQL, AWS)",PT Kencana Jaya Kreasi Lestari,Git
JOB_1049,devops-engineer,devops,"Full Stack Developer (Node.js, React.js, SQL, AWS)",PT Kencana Jaya Kreasi Lestari,Microservices
JOB_1049,devops-engineer,devops,"Full Stack Developer (Node.js, React.js, SQL, AWS)",PT Kencana Jaya Kreasi Lestari,UI/UX
JOB_1049,devops-engineer,devops,"Full Stack Developer (Node.js, React.js, SQL, AWS)",PT Kencana Jaya Kreasi Lestari,Agile/Scrum
JOB_1050,devops-engineer,devops,Field Application Engineer,PT. Agros Global Indonesia,TypeScript
JOB_1051,devops-engineer,devops,Golang Developer,PT IDStar Cipta Teknologi,PostgreSQL
JOB_1051,devops-engineer,devops,Golang Developer,PT IDStar Cipta Teknologi,TypeScript
JOB_1051,devops-engineer,devops,Golang Developer,PT IDStar Cipta Teknologi,Golang
JOB_1051,devops-engineer,devops,Golang Developer,PT IDStar Cipta Teknologi,REST API
JOB_1051,devops-engineer,devops,Golang Developer,PT IDStar Cipta Teknologi,Git
JOB_1051,devops-engineer,devops,Golang Developer,PT IDStar Cipta Teknologi,Agile/Scrum
JOB_1052,devops-engineer,devops,Cloud Infrastructure (Junior),PT. SIGMA GLOBAL TEKNOLOGI (SIGMATECH),Excel
JOB_1052,devops-engineer,devops,Cloud Infrastructure (Junior),PT. SIGMA GLOBAL TEKNOLOGI (SIGMATECH),TypeScript
JOB_1052,devops-engineer,devops,Cloud Infrastructure (Junior),PT. SIGMA GLOBAL TEKNOLOGI (SIGMATECH),Docker
JOB_1052,devops-engineer,devops,Cloud Infrastructure (Junior),PT. SIGMA GLOBAL TEKNOLOGI (SIGMATECH),Kubernetes
JOB_1052,devops-engineer,devops,Cloud Infrastructure (Junior),PT. SIGMA GLOBAL TEKNOLOGI (SIGMATECH),AWS
JOB_1052,devops-engineer,devops,Cloud Infrastructure (Junior),PT. SIGMA GLOBAL TEKNOLOGI (SIGMATECH),GCP
JOB_1052,devops-engineer,devops,Cloud Infrastructure (Junior),PT. SIGMA GLOBAL TEKNOLOGI (SIGMATECH),Azure
JOB_1052,devops-engineer,devops,Cloud Infrastructure (Junior),PT. SIGMA GLOBAL TEKNOLOGI (SIGMATECH),CI/CD
JOB_1053,devops-engineer,devops,Java Developer,PT Karisma Zona Kreatifku,PostgreSQL
JOB_1053,devops-engineer,devops,Java Developer,PT Karisma Zona Kreatifku,Excel
JOB_1053,devops-engineer,devops,Java Developer,PT Karisma Zona Kreatifku,TypeScript
JOB_1053,devops-engineer,devops,Java Developer,PT Karisma Zona Kreatifku,React.js
JOB_1053,devops-engineer,devops,Java Developer,PT Karisma Zona Kreatifku,Bootstrap
JOB_1053,devops-engineer,devops,Java Developer,PT Karisma Zona Kreatifku,Java
JOB_1053,devops-engineer,devops,Java Developer,PT Karisma Zona Kreatifku,Spring Boot
JOB_1053,devops-engineer,devops,Java Developer,PT Karisma Zona Kreatifku,AWS
JOB_1053,devops-engineer,devops,Java Developer,PT Karisma Zona Kreatifku,UI/UX
JOB_1054,devops-engineer,devops,Head of IT Infrastructure & Operational,Orang Tua Group,Excel
JOB_1054,devops-engineer,devops,Head of IT Infrastructure & Operational,Orang Tua Group,TypeScript
JOB_1054,devops-engineer,devops,Head of IT Infrastructure & Operational,Orang Tua Group,AWS
JOB_1054,devops-engineer,devops,Head of IT Infrastructure & Operational,Orang Tua Group,Azure
JOB_1055,devops-engineer,devops,IT Infrastructure,PT ASABA Digital Innotech,Linux
JOB_1056,devops-engineer,devops,Senior Technical Account Manager（Indonesia）,PT Tencent Technology Indonesia,Python
JOB_1056,devops-engineer,devops,Senior Technical Account Manager（Indonesia）,PT Tencent Technology Indonesia,TypeScript
JOB_1056,devops-engineer,devops,Senior Technical Account Manager（Indonesia）,PT Tencent Technology Indonesia,Golang
JOB_1056,devops-engineer,devops,Senior Technical Account Manager（Indonesia）,PT Tencent Technology Indonesia,Kubernetes
JOB_1056,devops-engineer,devops,Senior Technical Account Manager（Indonesia）,PT Tencent Technology Indonesia,Linux
JOB_1057,devops-engineer,devops,Network Engineer,PT. Sinergi Innovate Pratama,Linux
JOB_1058,devops-engineer,devops,Network Engineer,PT Era Awan Digital,TypeScript
JOB_1059,devops-engineer,devops,Network & Security Engineer,Dirga Bahari Perkasa,TypeScript
JOB_1059,devops-engineer,devops,Network & Security Engineer,Dirga Bahari Perkasa,Cybersecurity
JOB_1060,devops-engineer,devops,IT Engineer,PT Daya Cipta Mandiri Solusi,Linux
JOB_1060,devops-engineer,devops,IT Engineer,PT Daya Cipta Mandiri Solusi,Cybersecurity
JOB_1061,devops-engineer,devops,Site Reliability Engineer,PT Akulaku Silvrr Indonesia,TypeScript
JOB_1061,devops-engineer,devops,Site Reliability Engineer,PT Akulaku Silvrr Indonesia,Docker
JOB_1061,devops-engineer,devops,Site Reliability Engineer,PT Akulaku Silvrr Indonesia,Kubernetes
JOB_1061,devops-engineer,devops,Site Reliability Engineer,PT Akulaku Silvrr Indonesia,AWS
JOB_1061,devops-engineer,devops,Site Reliability Engineer,PT Akulaku Silvrr Indonesia,GCP
JOB_1061,devops-engineer,devops,Site Reliability Engineer,PT Akulaku Silvrr Indonesia,CI/CD
JOB_1061,devops-engineer,devops,Site Reliability Engineer,PT Akulaku Silvrr Indonesia,Linux
JOB_1062,devops-engineer,devops,Server Storage & Backup Engineer,"PT. Metrodata Electronics, Tbk",Node.js
JOB_1062,devops-engineer,devops,Server Storage & Backup Engineer,"PT. Metrodata Electronics, Tbk",Linux
JOB_1063,devops-engineer,devops,Cloud Solution Architect - Cloud & AI Infrastructure,Microsoft,SQL
JOB_1063,devops-engineer,devops,Cloud Solution Architect - Cloud & AI Infrastructure,Microsoft,PostgreSQL
JOB_1063,devops-engineer,devops,Cloud Solution Architect - Cloud & AI Infrastructure,Microsoft,Excel
JOB_1063,devops-engineer,devops,Cloud Solution Architect - Cloud & AI Infrastructure,Microsoft,TypeScript
JOB_1063,devops-engineer,devops,Cloud Solution Architect - Cloud & AI Infrastructure,Microsoft,Next.js
JOB_1063,devops-engineer,devops,Cloud Solution Architect - Cloud & AI Infrastructure,Microsoft,Golang
JOB_1063,devops-engineer,devops,Cloud Solution Architect - Cloud & AI Infrastructure,Microsoft,AWS
JOB_1063,devops-engineer,devops,Cloud Solution Architect - Cloud & AI Infrastructure,Microsoft,Azure
JOB_1063,devops-engineer,devops,Cloud Solution Architect - Cloud & AI Infrastructure,Microsoft,Linux
JOB_1064,devops-engineer,devops,DevSecOps Engineer,"PT. BFI FINANCE INDONESIA, Tbk",R
JOB_1064,devops-engineer,devops,DevSecOps Engineer,"PT. BFI FINANCE INDONESIA, Tbk",TypeScript
JOB_1064,devops-engineer,devops,DevSecOps Engineer,"PT. BFI FINANCE INDONESIA, Tbk",AWS
JOB_1064,devops-engineer,devops,DevSecOps Engineer,"PT. BFI FINANCE INDONESIA, Tbk",CI/CD
JOB_1064,devops-engineer,devops,DevSecOps Engineer,"PT. BFI FINANCE INDONESIA, Tbk",Microservices
JOB_1065,devops-engineer,devops,Data Engineer Lead,Kawan Lama Group,Python
JOB_1065,devops-engineer,devops,Data Engineer Lead,Kawan Lama Group,SQL
JOB_1065,devops-engineer,devops,Data Engineer Lead,Kawan Lama Group,Snowflake
JOB_1065,devops-engineer,devops,Data Engineer Lead,Kawan Lama Group,Spark
JOB_1065,devops-engineer,devops,Data Engineer Lead,Kawan Lama Group,Data Modeling
JOB_1065,devops-engineer,devops,Data Engineer Lead,Kawan Lama Group,ETL
JOB_1065,devops-engineer,devops,Data Engineer Lead,Kawan Lama Group,TypeScript
JOB_1065,devops-engineer,devops,Data Engineer Lead,Kawan Lama Group,Docker
JOB_1065,devops-engineer,devops,Data Engineer Lead,Kawan Lama Group,Kubernetes
JOB_1065,devops-engineer,devops,Data Engineer Lead,Kawan Lama Group,AWS
JOB_1065,devops-engineer,devops,Data Engineer Lead,Kawan Lama Group,CI/CD
JOB_1066,devops-engineer,devops,System Architect,"PT. BFI FINANCE INDONESIA, Tbk",R
JOB_1066,devops-engineer,devops,System Architect,"PT. BFI FINANCE INDONESIA, Tbk",Excel
JOB_1066,devops-engineer,devops,System Architect,"PT. BFI FINANCE INDONESIA, Tbk",TypeScript
JOB_1066,devops-engineer,devops,System Architect,"PT. BFI FINANCE INDONESIA, Tbk",React.js
JOB_1066,devops-engineer,devops,System Architect,"PT. BFI FINANCE INDONESIA, Tbk",Angular
JOB_1066,devops-engineer,devops,System Architect,"PT. BFI FINANCE INDONESIA, Tbk",Spring Boot
JOB_1066,devops-engineer,devops,System Architect,"PT. BFI FINANCE INDONESIA, Tbk",AWS
JOB_1066,devops-engineer,devops,System Architect,"PT. BFI FINANCE INDONESIA, Tbk",CI/CD
JOB_1066,devops-engineer,devops,System Architect,"PT. BFI FINANCE INDONESIA, Tbk",Git
JOB_1066,devops-engineer,devops,System Architect,"PT. BFI FINANCE INDONESIA, Tbk",Agile/Scrum
JOB_1067,devops-engineer,devops,Security Engineer,Johnson Controls,Excel
JOB_1067,devops-engineer,devops,Security Engineer,Johnson Controls,TypeScript
JOB_1067,devops-engineer,devops,Security Engineer,Johnson Controls,Cybersecurity
JOB_1068,devops-engineer,devops,Cloud Security (Middle Level),PT. SIGMA GLOBAL TEKNOLOGI (SIGMATECH),Excel
JOB_1068,devops-engineer,devops,Cloud Security (Middle Level),PT. SIGMA GLOBAL TEKNOLOGI (SIGMATECH),TypeScript
JOB_1068,devops-engineer,devops,Cloud Security (Middle Level),PT. SIGMA GLOBAL TEKNOLOGI (SIGMATECH),AWS
JOB_1068,devops-engineer,devops,Cloud Security (Middle Level),PT. SIGMA GLOBAL TEKNOLOGI (SIGMATECH),GCP
JOB_1068,devops-engineer,devops,Cloud Security (Middle Level),PT. SIGMA GLOBAL TEKNOLOGI (SIGMATECH),Azure
JOB_1070,devops-engineer,devops,"Lead Engineer, AI Agents & Backend Platforms",PT Solusi Transportasi Indonesia,Excel
JOB_1070,devops-engineer,devops,"Lead Engineer, AI Agents & Backend Platforms",PT Solusi Transportasi Indonesia,TypeScript
JOB_1070,devops-engineer,devops,"Lead Engineer, AI Agents & Backend Platforms",PT Solusi Transportasi Indonesia,Golang
JOB_1070,devops-engineer,devops,"Lead Engineer, AI Agents & Backend Platforms",PT Solusi Transportasi Indonesia,REST API
JOB_1070,devops-engineer,devops,"Lead Engineer, AI Agents & Backend Platforms",PT Solusi Transportasi Indonesia,CI/CD
JOB_1070,devops-engineer,devops,"Lead Engineer, AI Agents & Backend Platforms",PT Solusi Transportasi Indonesia,Microservices
JOB_1071,devops-engineer,devops,Tencent Cloud- Big Data Migration Architect (Indonesia),PT Tencent Technology Indonesia,Python
JOB_1071,devops-engineer,devops,Tencent Cloud- Big Data Migration Architect (Indonesia),PT Tencent Technology Indonesia,SQL
JOB_1071,devops-engineer,devops,Tencent Cloud- Big Data Migration Architect (Indonesia),PT Tencent Technology Indonesia,Excel
JOB_1071,devops-engineer,devops,Tencent Cloud- Big Data Migration Architect (Indonesia),PT Tencent Technology Indonesia,BigQuery
JOB_1071,devops-engineer,devops,Tencent Cloud- Big Data Migration Architect (Indonesia),PT Tencent Technology Indonesia,Snowflake
JOB_1071,devops-engineer,devops,Tencent Cloud- Big Data Migration Architect (Indonesia),PT Tencent Technology Indonesia,Hadoop
JOB_1071,devops-engineer,devops,Tencent Cloud- Big Data Migration Architect (Indonesia),PT Tencent Technology Indonesia,Spark
JOB_1071,devops-engineer,devops,Tencent Cloud- Big Data Migration Architect (Indonesia),PT Tencent Technology Indonesia,TypeScript
JOB_1071,devops-engineer,devops,Tencent Cloud- Big Data Migration Architect (Indonesia),PT Tencent Technology Indonesia,Java
JOB_1072,devops-engineer,devops,Security Architect & Engineering,"PT. BFI FINANCE INDONESIA, Tbk",TypeScript
JOB_1072,devops-engineer,devops,Security Architect & Engineering,"PT. BFI FINANCE INDONESIA, Tbk",AWS
JOB_1072,devops-engineer,devops,Security Architect & Engineering,"PT. BFI FINANCE INDONESIA, Tbk",GCP
JOB_1072,devops-engineer,devops,Security Architect & Engineering,"PT. BFI FINANCE INDONESIA, Tbk",Azure
JOB_1072,devops-engineer,devops,Security Architect & Engineering,"PT. BFI FINANCE INDONESIA, Tbk",CI/CD
JOB_1073,devops-engineer,devops,Software Engineer in Test - Insurance,PT Solusi Transportasi Indonesia,PostgreSQL
JOB_1073,devops-engineer,devops,Software Engineer in Test - Insurance,PT Solusi Transportasi Indonesia,MySQL
JOB_1073,devops-engineer,devops,Software Engineer in Test - Insurance,PT Solusi Transportasi Indonesia,Excel
JOB_1073,devops-engineer,devops,Software Engineer in Test - Insurance,PT Solusi Transportasi Indonesia,JavaScript
JOB_1073,devops-engineer,devops,Software Engineer in Test - Insurance,PT Solusi Transportasi Indonesia,TypeScript
JOB_1073,devops-engineer,devops,Software Engineer in Test - Insurance,PT Solusi Transportasi Indonesia,Node.js
JOB_1073,devops-engineer,devops,Software Engineer in Test - Insurance,PT Solusi Transportasi Indonesia,Golang
JOB_1073,devops-engineer,devops,Software Engineer in Test - Insurance,PT Solusi Transportasi Indonesia,Java
JOB_1073,devops-engineer,devops,Software Engineer in Test - Insurance,PT Solusi Transportasi Indonesia,Git
JOB_1073,devops-engineer,devops,Software Engineer in Test - Insurance,PT Solusi Transportasi Indonesia,Microservices
JOB_1074,devops-engineer,devops,System Engineer - Linux,PT. Berca Hardayaperkasa,TypeScript
JOB_1074,devops-engineer,devops,System Engineer - Linux,PT. Berca Hardayaperkasa,AWS
JOB_1074,devops-engineer,devops,System Engineer - Linux,PT. Berca Hardayaperkasa,Azure
JOB_1074,devops-engineer,devops,System Engineer - Linux,PT. Berca Hardayaperkasa,Linux
JOB_1075,devops-engineer,devops,"Senior Software Engineer, Backend",PT Solusi Transportasi Indonesia,SQL
JOB_1075,devops-engineer,devops,"Senior Software Engineer, Backend",PT Solusi Transportasi Indonesia,Excel
JOB_1075,devops-engineer,devops,"Senior Software Engineer, Backend",PT Solusi Transportasi Indonesia,TypeScript
JOB_1075,devops-engineer,devops,"Senior Software Engineer, Backend",PT Solusi Transportasi Indonesia,Golang
JOB_1075,devops-engineer,devops,"Senior Software Engineer, Backend",PT Solusi Transportasi Indonesia,Kubernetes
JOB_1075,devops-engineer,devops,"Senior Software Engineer, Backend",PT Solusi Transportasi Indonesia,Agile/Scrum
JOB_1076,devops-engineer,devops,IT Manager – ERP & Digital Systems,PT HORMEL PRONAS NUSANTARA,TypeScript
JOB_1076,devops-engineer,devops,IT Manager – ERP & Digital Systems,PT HORMEL PRONAS NUSANTARA,Golang
JOB_1076,devops-engineer,devops,IT Manager – ERP & Digital Systems,PT HORMEL PRONAS NUSANTARA,Java
JOB_1076,devops-engineer,devops,IT Manager – ERP & Digital Systems,PT HORMEL PRONAS NUSANTARA,Cybersecurity
JOB_1077,devops-engineer,devops,Senior .NET Full Stack Engineer (English Speaker),PT Artha Solutions Indonesia,Python
JOB_1077,devops-engineer,devops,Senior .NET Full Stack Engineer (English Speaker),PT Artha Solutions Indonesia,SQL
JOB_1077,devops-engineer,devops,Senior .NET Full Stack Engineer (English Speaker),PT Artha Solutions Indonesia,MongoDB
JOB_1077,devops-engineer,devops,Senior .NET Full Stack Engineer (English Speaker),PT Artha Solutions Indonesia,Excel
JOB_1077,devops-engineer,devops,Senior .NET Full Stack Engineer (English Speaker),PT Artha Solutions Indonesia,TypeScript
JOB_1077,devops-engineer,devops,Senior .NET Full Stack Engineer (English Speaker),PT Artha Solutions Indonesia,React.js
JOB_1077,devops-engineer,devops,Senior .NET Full Stack Engineer (English Speaker),PT Artha Solutions Indonesia,Angular
JOB_1077,devops-engineer,devops,Senior .NET Full Stack Engineer (English Speaker),PT Artha Solutions Indonesia,.NET
JOB_1077,devops-engineer,devops,Senior .NET Full Stack Engineer (English Speaker),PT Artha Solutions Indonesia,REST API
JOB_1077,devops-engineer,devops,Senior .NET Full Stack Engineer (English Speaker),PT Artha Solutions Indonesia,Azure
JOB_1077,devops-engineer,devops,Senior .NET Full Stack Engineer (English Speaker),PT Artha Solutions Indonesia,CI/CD
JOB_1077,devops-engineer,devops,Senior .NET Full Stack Engineer (English Speaker),PT Artha Solutions Indonesia,Agile/Scrum
JOB_1078,devops-engineer,devops,AI Engineer,PT ILOGO INFRALOGY,SQL
JOB_1078,devops-engineer,devops,AI Engineer,PT ILOGO INFRALOGY,PostgreSQL
JOB_1078,devops-engineer,devops,AI Engineer,PT ILOGO INFRALOGY,MySQL
JOB_1078,devops-engineer,devops,AI Engineer,PT ILOGO INFRALOGY,Data Modeling
JOB_1078,devops-engineer,devops,AI Engineer,PT ILOGO INFRALOGY,JavaScript
JOB_1078,devops-engineer,devops,AI Engineer,PT ILOGO INFRALOGY,TypeScript
JOB_1078,devops-engineer,devops,AI Engineer,PT ILOGO INFRALOGY,React.js
JOB_1078,devops-engineer,devops,AI Engineer,PT ILOGO INFRALOGY,Next.js
JOB_1078,devops-engineer,devops,AI Engineer,PT ILOGO INFRALOGY,Vue.js
JOB_1078,devops-engineer,devops,AI Engineer,PT ILOGO INFRALOGY,Svelte
JOB_1078,devops-engineer,devops,AI Engineer,PT ILOGO INFRALOGY,Golang
JOB_1078,devops-engineer,devops,AI Engineer,PT ILOGO INFRALOGY,REST API
JOB_1078,devops-engineer,devops,AI Engineer,PT ILOGO INFRALOGY,GraphQL
JOB_1078,devops-engineer,devops,AI Engineer,PT ILOGO INFRALOGY,Docker
JOB_1078,devops-engineer,devops,AI Engineer,PT ILOGO INFRALOGY,CI/CD
JOB_1078,devops-engineer,devops,AI Engineer,PT ILOGO INFRALOGY,Git
JOB_1078,devops-engineer,devops,AI Engineer,PT ILOGO INFRALOGY,Microservices
JOB_1079,devops-engineer,devops,Security Engineer,Beyondtech,Python
JOB_1079,devops-engineer,devops,Security Engineer,Beyondtech,TypeScript
JOB_1079,devops-engineer,devops,Security Engineer,Beyondtech,REST API
JOB_1079,devops-engineer,devops,Security Engineer,Beyondtech,AWS
JOB_1079,devops-engineer,devops,Security Engineer,Beyondtech,CI/CD
JOB_1079,devops-engineer,devops,Security Engineer,Beyondtech,Cybersecurity
JOB_1079,devops-engineer,devops,Security Engineer,Beyondtech,Penetration Testing
JOB_1080,devops-engineer,devops,SAP ABAP Developer - Global IT Consulting Company,PT Adecco Personnel Indonesia,SQL
JOB_1080,devops-engineer,devops,SAP ABAP Developer - Global IT Consulting Company,PT Adecco Personnel Indonesia,Excel
JOB_1080,devops-engineer,devops,SAP ABAP Developer - Global IT Consulting Company,PT Adecco Personnel Indonesia,TypeScript
JOB_1080,devops-engineer,devops,SAP ABAP Developer - Global IT Consulting Company,PT Adecco Personnel Indonesia,REST API
JOB_1080,devops-engineer,devops,SAP ABAP Developer - Global IT Consulting Company,PT Adecco Personnel Indonesia,Problem Solving
JOB_1081,devops-engineer,devops,Senior System Engineer,PT. Wide Technologies Indonesia,PostgreSQL
JOB_1081,devops-engineer,devops,Senior System Engineer,PT. Wide Technologies Indonesia,TypeScript
JOB_1081,devops-engineer,devops,Senior System Engineer,PT. Wide Technologies Indonesia,Java
JOB_1081,devops-engineer,devops,Senior System Engineer,PT. Wide Technologies Indonesia,Spring Boot
JOB_1081,devops-engineer,devops,Senior System Engineer,PT. Wide Technologies Indonesia,Docker
JOB_1081,devops-engineer,devops,Senior System Engineer,PT. Wide Technologies Indonesia,Kubernetes
JOB_1081,devops-engineer,devops,Senior System Engineer,PT. Wide Technologies Indonesia,Git
JOB_1081,devops-engineer,devops,Senior System Engineer,PT. Wide Technologies Indonesia,Linux
JOB_1081,devops-engineer,devops,Senior System Engineer,PT. Wide Technologies Indonesia,Microservices
JOB_1082,devops-engineer,devops,Critical Environment Technician,Microsoft,TypeScript
JOB_1082,devops-engineer,devops,Critical Environment Technician,Microsoft,Azure
JOB_1083,devops-engineer,devops,IT Security Engineer,Deep Symbolics Indonesia,Python
JOB_1083,devops-engineer,devops,IT Security Engineer,Deep Symbolics Indonesia,Machine Learning
JOB_1083,devops-engineer,devops,IT Security Engineer,Deep Symbolics Indonesia,TypeScript
JOB_1083,devops-engineer,devops,IT Security Engineer,Deep Symbolics Indonesia,Golang
JOB_1083,devops-engineer,devops,IT Security Engineer,Deep Symbolics Indonesia,Kubernetes
JOB_1083,devops-engineer,devops,IT Security Engineer,Deep Symbolics Indonesia,AWS
JOB_1083,devops-engineer,devops,IT Security Engineer,Deep Symbolics Indonesia,GCP
JOB_1083,devops-engineer,devops,IT Security Engineer,Deep Symbolics Indonesia,Azure
JOB_1083,devops-engineer,devops,IT Security Engineer,Deep Symbolics Indonesia,CI/CD
JOB_1083,devops-engineer,devops,IT Security Engineer,Deep Symbolics Indonesia,Linux
JOB_1084,devops-engineer,devops,Backend Engineer - Go,PT Sentra Vidya Utama,Golang
JOB_1084,devops-engineer,devops,Backend Engineer - Go,PT Sentra Vidya Utama,REST API
JOB_1084,devops-engineer,devops,Backend Engineer - Go,PT Sentra Vidya Utama,Git
JOB_1084,devops-engineer,devops,Backend Engineer - Go,PT Sentra Vidya Utama,Microservices
JOB_1084,devops-engineer,devops,Backend Engineer - Go,PT Sentra Vidya Utama,Agile/Scrum
JOB_1086,devops-engineer,devops,EPLAN Implementation Engineer,PT Tempindo Jasatama (Divisi Jakarta Temp),Excel
JOB_1086,devops-engineer,devops,EPLAN Implementation Engineer,PT Tempindo Jasatama (Divisi Jakarta Temp),TypeScript
JOB_1087,devops-engineer,devops,Full Stack IT Developer Kubernetes Specialist (Development & Infrastructure),PT. JAGAD AMAN PRIMA,Python
JOB_1087,devops-engineer,devops,Full Stack IT Developer Kubernetes Specialist (Development & Infrastructure),PT. JAGAD AMAN PRIMA,SQL
JOB_1087,devops-engineer,devops,Full Stack IT Developer Kubernetes Specialist (Development & Infrastructure),PT. JAGAD AMAN PRIMA,PostgreSQL
JOB_1087,devops-engineer,devops,Full Stack IT Developer Kubernetes Specialist (Development & Infrastructure),PT. JAGAD AMAN PRIMA,MySQL
JOB_1087,devops-engineer,devops,Full Stack IT Developer Kubernetes Specialist (Development & Infrastructure),PT. JAGAD AMAN PRIMA,MongoDB
JOB_1087,devops-engineer,devops,Full Stack IT Developer Kubernetes Specialist (Development & Infrastructure),PT. JAGAD AMAN PRIMA,JavaScript
JOB_1087,devops-engineer,devops,Full Stack IT Developer Kubernetes Specialist (Development & Infrastructure),PT. JAGAD AMAN PRIMA,TypeScript
JOB_1087,devops-engineer,devops,Full Stack IT Developer Kubernetes Specialist (Development & Infrastructure),PT. JAGAD AMAN PRIMA,React.js
JOB_1087,devops-engineer,devops,Full Stack IT Developer Kubernetes Specialist (Development & Infrastructure),PT. JAGAD AMAN PRIMA,Next.js
JOB_1087,devops-engineer,devops,Full Stack IT Developer Kubernetes Specialist (Development & Infrastructure),PT. JAGAD AMAN PRIMA,Vue.js
JOB_1087,devops-engineer,devops,Full Stack IT Developer Kubernetes Specialist (Development & Infrastructure),PT. JAGAD AMAN PRIMA,Node.js
JOB_1087,devops-engineer,devops,Full Stack IT Developer Kubernetes Specialist (Development & Infrastructure),PT. JAGAD AMAN PRIMA,Golang
JOB_1087,devops-engineer,devops,Full Stack IT Developer Kubernetes Specialist (Development & Infrastructure),PT. JAGAD AMAN PRIMA,REST API
JOB_1087,devops-engineer,devops,Full Stack IT Developer Kubernetes Specialist (Development & Infrastructure),PT. JAGAD AMAN PRIMA,GraphQL
JOB_1087,devops-engineer,devops,Full Stack IT Developer Kubernetes Specialist (Development & Infrastructure),PT. JAGAD AMAN PRIMA,Docker
JOB_1087,devops-engineer,devops,Full Stack IT Developer Kubernetes Specialist (Development & Infrastructure),PT. JAGAD AMAN PRIMA,Kubernetes
JOB_1087,devops-engineer,devops,Full Stack IT Developer Kubernetes Specialist (Development & Infrastructure),PT. JAGAD AMAN PRIMA,AWS
JOB_1087,devops-engineer,devops,Full Stack IT Developer Kubernetes Specialist (Development & Infrastructure),PT. JAGAD AMAN PRIMA,GCP
JOB_1087,devops-engineer,devops,Full Stack IT Developer Kubernetes Specialist (Development & Infrastructure),PT. JAGAD AMAN PRIMA,Azure
JOB_1087,devops-engineer,devops,Full Stack IT Developer Kubernetes Specialist (Development & Infrastructure),PT. JAGAD AMAN PRIMA,Git
JOB_1088,devops-engineer,devops,Voip Engineer,PT Stanindo Gemilang,Linux
JOB_1089,devops-engineer,devops,Security Engineer,PT Infokes Indonesia (Bandung),Python
JOB_1089,devops-engineer,devops,Security Engineer,PT Infokes Indonesia (Bandung),TypeScript
JOB_1089,devops-engineer,devops,Security Engineer,PT Infokes Indonesia (Bandung),AWS
JOB_1089,devops-engineer,devops,Security Engineer,PT Infokes Indonesia (Bandung),GCP
JOB_1089,devops-engineer,devops,Security Engineer,PT Infokes Indonesia (Bandung),Azure
JOB_1089,devops-engineer,devops,Security Engineer,PT Infokes Indonesia (Bandung),Linux
JOB_1089,devops-engineer,devops,Security Engineer,PT Infokes Indonesia (Bandung),Penetration Testing
JOB_1090,devops-engineer,devops,Presales IT Security,Cyber Sinergi Indonesia,TypeScript
JOB_1090,devops-engineer,devops,Presales IT Security,Cyber Sinergi Indonesia,Cybersecurity
JOB_1091,devops-engineer,devops,Cyber Security Onsite Engineer,PT. Magnus Sedaya Selaras,Cybersecurity
JOB_1092,devops-engineer,devops,"Cloud Consultant, Data Analytics, Google Cloud (Bahasa)",Google,Python
JOB_1092,devops-engineer,devops,"Cloud Consultant, Data Analytics, Google Cloud (Bahasa)",Google,SQL
JOB_1092,devops-engineer,devops,"Cloud Consultant, Data Analytics, Google Cloud (Bahasa)",Google,PostgreSQL
JOB_1092,devops-engineer,devops,"Cloud Consultant, Data Analytics, Google Cloud (Bahasa)",Google,MySQL
JOB_1092,devops-engineer,devops,"Cloud Consultant, Data Analytics, Google Cloud (Bahasa)",Google,MongoDB
JOB_1092,devops-engineer,devops,"Cloud Consultant, Data Analytics, Google Cloud (Bahasa)",Google,Excel
JOB_1092,devops-engineer,devops,"Cloud Consultant, Data Analytics, Google Cloud (Bahasa)",Google,Hadoop
JOB_1092,devops-engineer,devops,"Cloud Consultant, Data Analytics, Google Cloud (Bahasa)",Google,Spark
JOB_1092,devops-engineer,devops,"Cloud Consultant, Data Analytics, Google Cloud (Bahasa)",Google,Data Modeling
JOB_1092,devops-engineer,devops,"Cloud Consultant, Data Analytics, Google Cloud (Bahasa)",Google,JavaScript
JOB_1092,devops-engineer,devops,"Cloud Consultant, Data Analytics, Google Cloud (Bahasa)",Google,TypeScript
JOB_1092,devops-engineer,devops,"Cloud Consultant, Data Analytics, Google Cloud (Bahasa)",Google,Golang
JOB_1092,devops-engineer,devops,"Cloud Consultant, Data Analytics, Google Cloud (Bahasa)",Google,Java
JOB_1092,devops-engineer,devops,"Cloud Consultant, Data Analytics, Google Cloud (Bahasa)",Google,GCP
JOB_1093,devops-engineer,devops,IT Security Specialist,PT Monotaro Indonesia,Python
JOB_1093,devops-engineer,devops,IT Security Specialist,PT Monotaro Indonesia,TypeScript
JOB_1093,devops-engineer,devops,IT Security Specialist,PT Monotaro Indonesia,AWS
JOB_1093,devops-engineer,devops,IT Security Specialist,PT Monotaro Indonesia,GCP
JOB_1093,devops-engineer,devops,IT Security Specialist,PT Monotaro Indonesia,Cybersecurity
JOB_1093,devops-engineer,devops,IT Security Specialist,PT Monotaro Indonesia,Penetration Testing
JOB_1094,devops-engineer,devops,Mine Plan Engineer Specialist,Pengiklan Anonim,TypeScript
JOB_1095,devops-engineer,devops,BTS Engineer,PT Fiberhome Technologies Indonesia,TypeScript
JOB_1096,devops-engineer,devops,IT Developer & Infrastructure,PT TRIMITRA FABRIKASI ENGINEERING,Python
JOB_1096,devops-engineer,devops,IT Developer & Infrastructure,PT TRIMITRA FABRIKASI ENGINEERING,PostgreSQL
JOB_1096,devops-engineer,devops,IT Developer & Infrastructure,PT TRIMITRA FABRIKASI ENGINEERING,TypeScript
JOB_1096,devops-engineer,devops,IT Developer & Infrastructure,PT TRIMITRA FABRIKASI ENGINEERING,REST API
JOB_1097,devops-engineer,devops,Middleware Junior & Middle,PT. SIGMA GLOBAL TEKNOLOGI (SIGMATECH),Excel
JOB_1097,devops-engineer,devops,Middleware Junior & Middle,PT. SIGMA GLOBAL TEKNOLOGI (SIGMATECH),TypeScript
JOB_1097,devops-engineer,devops,Middleware Junior & Middle,PT. SIGMA GLOBAL TEKNOLOGI (SIGMATECH),REST API
JOB_1097,devops-engineer,devops,Middleware Junior & Middle,PT. SIGMA GLOBAL TEKNOLOGI (SIGMATECH),Microservices
JOB_1098,devops-engineer,devops,IT Security Manager,PT Mitra Solusi Telematika,TypeScript
JOB_1098,devops-engineer,devops,IT Security Manager,PT Mitra Solusi Telematika,AWS
JOB_1098,devops-engineer,devops,IT Security Manager,PT Mitra Solusi Telematika,GCP
JOB_1098,devops-engineer,devops,IT Security Manager,PT Mitra Solusi Telematika,Azure
JOB_1098,devops-engineer,devops,IT Security Manager,PT Mitra Solusi Telematika,Cybersecurity
JOB_1099,devops-engineer,devops,Cyber Security Engineer & Governance (Specialist),PT Central Mega Kencana,TypeScript
JOB_1099,devops-engineer,devops,Cyber Security Engineer & Governance (Specialist),PT Central Mega Kencana,Cybersecurity
JOB_1099,devops-engineer,devops,Cyber Security Engineer & Governance (Specialist),PT Central Mega Kencana,Penetration Testing
JOB_1100,devops-engineer,devops,Data Engineer,PT Graha Karya Informasi,SQL
JOB_1100,devops-engineer,devops,Data Engineer,PT Graha Karya Informasi,PostgreSQL
JOB_1100,devops-engineer,devops,Data Engineer,PT Graha Karya Informasi,BigQuery
JOB_1100,devops-engineer,devops,Data Engineer,PT Graha Karya Informasi,ETL
JOB_1100,devops-engineer,devops,Data Engineer,PT Graha Karya Informasi,TypeScript
JOB_1100,devops-engineer,devops,Data Engineer,PT Graha Karya Informasi,Azure
JOB_1100,devops-engineer,devops,Data Engineer,PT Graha Karya Informasi,Agile/Scrum
JOB_1101,devops-engineer,devops,IT Infrastructure Project Manager,PT Netmarks Indonesia,Excel
JOB_1101,devops-engineer,devops,IT Infrastructure Project Manager,PT Netmarks Indonesia,TypeScript
JOB_1102,devops-engineer,devops,L1 MS Engineer (Firewall) - Shifting,PT. Elabram Systems,TypeScript
JOB_1103,devops-engineer,devops,System Administrator,"PT. Metrodata Electronics, Tbk",TypeScript
JOB_1103,devops-engineer,devops,System Administrator,"PT. Metrodata Electronics, Tbk",Azure
JOB_1103,devops-engineer,devops,System Administrator,"PT. Metrodata Electronics, Tbk",Linux
JOB_1104,devops-engineer,devops,Digital Apps Developer (Blockchain),"PT SMART,Tbk",Python
JOB_1104,devops-engineer,devops,Digital Apps Developer (Blockchain),"PT SMART,Tbk",JavaScript
JOB_1104,devops-engineer,devops,Digital Apps Developer (Blockchain),"PT SMART,Tbk",TypeScript
JOB_1104,devops-engineer,devops,Digital Apps Developer (Blockchain),"PT SMART,Tbk",Node.js
JOB_1105,devops-engineer,devops,System Engineer,PT. Wide Technologies Indonesia,PostgreSQL
JOB_1105,devops-engineer,devops,System Engineer,PT. Wide Technologies Indonesia,TypeScript
JOB_1105,devops-engineer,devops,System Engineer,PT. Wide Technologies Indonesia,Java
JOB_1105,devops-engineer,devops,System Engineer,PT. Wide Technologies Indonesia,Spring Boot
JOB_1105,devops-engineer,devops,System Engineer,PT. Wide Technologies Indonesia,Docker
JOB_1105,devops-engineer,devops,System Engineer,PT. Wide Technologies Indonesia,Kubernetes
JOB_1105,devops-engineer,devops,System Engineer,PT. Wide Technologies Indonesia,Git
JOB_1105,devops-engineer,devops,System Engineer,PT. Wide Technologies Indonesia,Linux
JOB_1105,devops-engineer,devops,System Engineer,PT. Wide Technologies Indonesia,Microservices
JOB_1106,devops-engineer,devops,Data Engineer,PT Indocyber Global Teknologi,Python
JOB_1106,devops-engineer,devops,Data Engineer,PT Indocyber Global Teknologi,Tableau
JOB_1106,devops-engineer,devops,Data Engineer,PT Indocyber Global Teknologi,Power BI
JOB_1106,devops-engineer,devops,Data Engineer,PT Indocyber Global Teknologi,ETL
JOB_1106,devops-engineer,devops,Data Engineer,PT Indocyber Global Teknologi,TypeScript
JOB_1106,devops-engineer,devops,Data Engineer,PT Indocyber Global Teknologi,AWS
JOB_1106,devops-engineer,devops,Data Engineer,PT Indocyber Global Teknologi,Azure
JOB_1107,devops-engineer,devops,Exploration Technology Specialist,Pengiklan Anonim,Excel
JOB_1107,devops-engineer,devops,Exploration Technology Specialist,Pengiklan Anonim,TypeScript
JOB_1107,devops-engineer,devops,Exploration Technology Specialist,Pengiklan Anonim,Problem Solving
JOB_1108,devops-engineer,devops,Data Engineer,PT IDStar Cipta Teknologi,SQL
JOB_1108,devops-engineer,devops,Data Engineer,PT IDStar Cipta Teknologi,Machine Learning
JOB_1108,devops-engineer,devops,Data Engineer,PT IDStar Cipta Teknologi,BigQuery
JOB_1108,devops-engineer,devops,Data Engineer,PT IDStar Cipta Teknologi,Data Modeling
JOB_1108,devops-engineer,devops,Data Engineer,PT IDStar Cipta Teknologi,ETL
JOB_1108,devops-engineer,devops,Data Engineer,PT IDStar Cipta Teknologi,TypeScript
JOB_1108,devops-engineer,devops,Data Engineer,PT IDStar Cipta Teknologi,GCP
JOB_1109,devops-engineer,devops,Fullstack Engineer,PT MNC Teknologi Nusantara (MotionPay),JavaScript
JOB_1109,devops-engineer,devops,Fullstack Engineer,PT MNC Teknologi Nusantara (MotionPay),Svelte
JOB_1109,devops-engineer,devops,Fullstack Engineer,PT MNC Teknologi Nusantara (MotionPay),PHP
JOB_1109,devops-engineer,devops,Fullstack Engineer,PT MNC Teknologi Nusantara (MotionPay),Golang
JOB_1109,devops-engineer,devops,Fullstack Engineer,PT MNC Teknologi Nusantara (MotionPay),Laravel
JOB_1109,devops-engineer,devops,Fullstack Engineer,PT MNC Teknologi Nusantara (MotionPay),REST API
JOB_1110,devops-engineer,devops,Senior Backend Engineer,PT Panin Sekuritas Tbk,PostgreSQL
JOB_1110,devops-engineer,devops,Senior Backend Engineer,PT Panin Sekuritas Tbk,Golang
JOB_1110,devops-engineer,devops,Senior Backend Engineer,PT Panin Sekuritas Tbk,Java
JOB_1111,devops-engineer,devops,Data Engineering,PT Bina Artha Ventura,SQL
JOB_1111,devops-engineer,devops,Data Engineering,PT Bina Artha Ventura,PostgreSQL
JOB_1111,devops-engineer,devops,Data Engineering,PT Bina Artha Ventura,MySQL
JOB_1111,devops-engineer,devops,Data Engineering,PT Bina Artha Ventura,TypeScript
JOB_1111,devops-engineer,devops,Data Engineering,PT Bina Artha Ventura,AWS
JOB_1111,devops-engineer,devops,Data Engineering,PT Bina Artha Ventura,GCP
JOB_1111,devops-engineer,devops,Data Engineering,PT Bina Artha Ventura,Azure
JOB_1111,devops-engineer,devops,Data Engineering,PT Bina Artha Ventura,Agile/Scrum
JOB_1112,devops-engineer,devops,Fullstack Developer (Javaspringboot & VueJS),PT Karisma Zona Kreatifku,MySQL
JOB_1112,devops-engineer,devops,Fullstack Developer (Javaspringboot & VueJS),PT Karisma Zona Kreatifku,CSS
JOB_1112,devops-engineer,devops,Fullstack Developer (Javaspringboot & VueJS),PT Karisma Zona Kreatifku,JavaScript
JOB_1112,devops-engineer,devops,Fullstack Developer (Javaspringboot & VueJS),PT Karisma Zona Kreatifku,React.js
JOB_1112,devops-engineer,devops,Fullstack Developer (Javaspringboot & VueJS),PT Karisma Zona Kreatifku,Vue.js
JOB_1112,devops-engineer,devops,Fullstack Developer (Javaspringboot & VueJS),PT Karisma Zona Kreatifku,Angular
JOB_1112,devops-engineer,devops,Fullstack Developer (Javaspringboot & VueJS),PT Karisma Zona Kreatifku,Golang
JOB_1112,devops-engineer,devops,Fullstack Developer (Javaspringboot & VueJS),PT Karisma Zona Kreatifku,Java
JOB_1112,devops-engineer,devops,Fullstack Developer (Javaspringboot & VueJS),PT Karisma Zona Kreatifku,Spring Boot
JOB_1112,devops-engineer,devops,Fullstack Developer (Javaspringboot & VueJS),PT Karisma Zona Kreatifku,REST API
JOB_1112,devops-engineer,devops,Fullstack Developer (Javaspringboot & VueJS),PT Karisma Zona Kreatifku,Agile/Scrum
JOB_1113,devops-engineer,devops,Software Developer,PT Swadharma Duta Data,Python
JOB_1113,devops-engineer,devops,Software Developer,PT Swadharma Duta Data,SQL
JOB_1113,devops-engineer,devops,Software Developer,PT Swadharma Duta Data,PostgreSQL
JOB_1113,devops-engineer,devops,Software Developer,PT Swadharma Duta Data,MongoDB
JOB_1113,devops-engineer,devops,Software Developer,PT Swadharma Duta Data,JavaScript
JOB_1113,devops-engineer,devops,Software Developer,PT Swadharma Duta Data,TypeScript
JOB_1113,devops-engineer,devops,Software Developer,PT Swadharma Duta Data,Next.js
JOB_1113,devops-engineer,devops,Software Developer,PT Swadharma Duta Data,Angular
JOB_1113,devops-engineer,devops,Software Developer,PT Swadharma Duta Data,Node.js
JOB_1113,devops-engineer,devops,Software Developer,PT Swadharma Duta Data,Java
JOB_1113,devops-engineer,devops,Software Developer,PT Swadharma Duta Data,Spring Boot
JOB_1113,devops-engineer,devops,Software Developer,PT Swadharma Duta Data,REST API
JOB_1113,devops-engineer,devops,Software Developer,PT Swadharma Duta Data,Docker
JOB_1113,devops-engineer,devops,Software Developer,PT Swadharma Duta Data,Kubernetes
JOB_1113,devops-engineer,devops,Software Developer,PT Swadharma Duta Data,AWS
JOB_1113,devops-engineer,devops,Software Developer,PT Swadharma Duta Data,CI/CD
JOB_1113,devops-engineer,devops,Software Developer,PT Swadharma Duta Data,Git
JOB_1113,devops-engineer,devops,Software Developer,PT Swadharma Duta Data,Microservices
JOB_1113,devops-engineer,devops,Software Developer,PT Swadharma Duta Data,Agile/Scrum
JOB_1114,devops-engineer,devops,IT Server Storage Engineer Trainee,PT. Berca Hardayaperkasa,Linux
JOB_1115,devops-engineer,devops,Senior Backend Engineer (Application),PT Panin Sekuritas Tbk,SQL
JOB_1115,devops-engineer,devops,Senior Backend Engineer (Application),PT Panin Sekuritas Tbk,Golang
JOB_1115,devops-engineer,devops,Senior Backend Engineer (Application),PT Panin Sekuritas Tbk,Java
JOB_1116,devops-engineer,devops,Software Developer (Project Base),PT Mitra Solusi Telematika,Power BI
JOB_1116,devops-engineer,devops,Software Developer (Project Base),PT Mitra Solusi Telematika,JavaScript
JOB_1116,devops-engineer,devops,Software Developer (Project Base),PT Mitra Solusi Telematika,TypeScript
JOB_1116,devops-engineer,devops,Software Developer (Project Base),PT Mitra Solusi Telematika,Next.js
JOB_1116,devops-engineer,devops,Software Developer (Project Base),PT Mitra Solusi Telematika,Docker
JOB_1116,devops-engineer,devops,Software Developer (Project Base),PT Mitra Solusi Telematika,AWS
JOB_1116,devops-engineer,devops,Software Developer (Project Base),PT Mitra Solusi Telematika,Git
JOB_1117,devops-engineer,devops,NOC Engineer Support - Project,PT Harrisma Informatika Jaya,Excel
JOB_1117,devops-engineer,devops,NOC Engineer Support - Project,PT Harrisma Informatika Jaya,TypeScript
JOB_1118,devops-engineer,devops,Infrastructure & Support Services Superintendent,Pengiklan Anonim,TypeScript
JOB_1119,devops-engineer,devops,Full Stack Team Lead/Engineering Manager,PT Oyika Energi Indonesia,PostgreSQL
JOB_1119,devops-engineer,devops,Full Stack Team Lead/Engineering Manager,PT Oyika Energi Indonesia,MySQL
JOB_1119,devops-engineer,devops,Full Stack Team Lead/Engineering Manager,PT Oyika Energi Indonesia,MongoDB
JOB_1119,devops-engineer,devops,Full Stack Team Lead/Engineering Manager,PT Oyika Energi Indonesia,JavaScript
JOB_1119,devops-engineer,devops,Full Stack Team Lead/Engineering Manager,PT Oyika Energi Indonesia,TypeScript
JOB_1119,devops-engineer,devops,Full Stack Team Lead/Engineering Manager,PT Oyika Energi Indonesia,React.js
JOB_1119,devops-engineer,devops,Full Stack Team Lead/Engineering Manager,PT Oyika Energi Indonesia,Next.js
JOB_1119,devops-engineer,devops,Full Stack Team Lead/Engineering Manager,PT Oyika Energi Indonesia,Node.js
JOB_1119,devops-engineer,devops,Full Stack Team Lead/Engineering Manager,PT Oyika Energi Indonesia,Docker
JOB_1119,devops-engineer,devops,Full Stack Team Lead/Engineering Manager,PT Oyika Energi Indonesia,AWS
JOB_1119,devops-engineer,devops,Full Stack Team Lead/Engineering Manager,PT Oyika Energi Indonesia,CI/CD
JOB_1120,devops-engineer,devops,Middle IOT Engineer,PT Fan Integrasi Teknologi,Python
JOB_1120,devops-engineer,devops,Middle IOT Engineer,PT Fan Integrasi Teknologi,JavaScript
JOB_1120,devops-engineer,devops,Middle IOT Engineer,PT Fan Integrasi Teknologi,Node.js
JOB_1121,machine-learning,ai_ml,Machine Learning Engineering Section Head,OLX Indonesia,Excel
JOB_1121,machine-learning,ai_ml,Machine Learning Engineering Section Head,OLX Indonesia,Machine Learning
JOB_1121,machine-learning,ai_ml,Machine Learning Engineering Section Head,OLX Indonesia,Deep Learning
JOB_1121,machine-learning,ai_ml,Machine Learning Engineering Section Head,OLX Indonesia,TypeScript
JOB_1121,machine-learning,ai_ml,Machine Learning Engineering Section Head,OLX Indonesia,CI/CD
JOB_1122,machine-learning,ai_ml,Data Engineer,TUNTUN SEKURITAS INDONESIA,Python
JOB_1122,machine-learning,ai_ml,Data Engineer,TUNTUN SEKURITAS INDONESIA,SQL
JOB_1122,machine-learning,ai_ml,Data Engineer,TUNTUN SEKURITAS INDONESIA,Machine Learning
JOB_1122,machine-learning,ai_ml,Data Engineer,TUNTUN SEKURITAS INDONESIA,Data Modeling
JOB_1122,machine-learning,ai_ml,Data Engineer,TUNTUN SEKURITAS INDONESIA,ETL
JOB_1122,machine-learning,ai_ml,Data Engineer,TUNTUN SEKURITAS INDONESIA,HTML
JOB_1122,machine-learning,ai_ml,Data Engineer,TUNTUN SEKURITAS INDONESIA,TypeScript
JOB_1122,machine-learning,ai_ml,Data Engineer,TUNTUN SEKURITAS INDONESIA,Java
JOB_1122,machine-learning,ai_ml,Data Engineer,TUNTUN SEKURITAS INDONESIA,REST API
JOB_1123,machine-learning,ai_ml,AI Engineer,TUNTUN SEKURITAS INDONESIA,Python
JOB_1123,machine-learning,ai_ml,AI Engineer,TUNTUN SEKURITAS INDONESIA,Machine Learning
JOB_1123,machine-learning,ai_ml,AI Engineer,TUNTUN SEKURITAS INDONESIA,Deep Learning
JOB_1123,machine-learning,ai_ml,AI Engineer,TUNTUN SEKURITAS INDONESIA,TensorFlow
JOB_1123,machine-learning,ai_ml,AI Engineer,TUNTUN SEKURITAS INDONESIA,PyTorch
JOB_1123,machine-learning,ai_ml,AI Engineer,TUNTUN SEKURITAS INDONESIA,JavaScript
JOB_1123,machine-learning,ai_ml,AI Engineer,TUNTUN SEKURITAS INDONESIA,TypeScript
JOB_1123,machine-learning,ai_ml,AI Engineer,TUNTUN SEKURITAS INDONESIA,Node.js
JOB_1123,machine-learning,ai_ml,AI Engineer,TUNTUN SEKURITAS INDONESIA,Golang
JOB_1123,machine-learning,ai_ml,AI Engineer,TUNTUN SEKURITAS INDONESIA,Java
JOB_1124,machine-learning,ai_ml,Staff Data Analyst,PT Mensana Aneka Satwa,Tableau
JOB_1124,machine-learning,ai_ml,Staff Data Analyst,PT Mensana Aneka Satwa,Power BI
JOB_1124,machine-learning,ai_ml,Staff Data Analyst,PT Mensana Aneka Satwa,Excel
JOB_1125,machine-learning,ai_ml,IT Functional,PT. INTISUMBER BAJASAKTI,SQL
JOB_1125,machine-learning,ai_ml,IT Functional,PT. INTISUMBER BAJASAKTI,Excel
JOB_1125,machine-learning,ai_ml,IT Functional,PT. INTISUMBER BAJASAKTI,Machine Learning
JOB_1126,machine-learning,ai_ml,Data Engineer,PT Sigmantara Alfindo,Python
JOB_1126,machine-learning,ai_ml,Data Engineer,PT Sigmantara Alfindo,SQL
JOB_1126,machine-learning,ai_ml,Data Engineer,PT Sigmantara Alfindo,Tableau
JOB_1126,machine-learning,ai_ml,Data Engineer,PT Sigmantara Alfindo,Power BI
JOB_1126,machine-learning,ai_ml,Data Engineer,PT Sigmantara Alfindo,BigQuery
JOB_1126,machine-learning,ai_ml,Data Engineer,PT Sigmantara Alfindo,Snowflake
JOB_1126,machine-learning,ai_ml,Data Engineer,PT Sigmantara Alfindo,Data Modeling
JOB_1126,machine-learning,ai_ml,Data Engineer,PT Sigmantara Alfindo,ETL
JOB_1126,machine-learning,ai_ml,Data Engineer,PT Sigmantara Alfindo,TypeScript
JOB_1126,machine-learning,ai_ml,Data Engineer,PT Sigmantara Alfindo,Java
JOB_1126,machine-learning,ai_ml,Data Engineer,PT Sigmantara Alfindo,Docker
JOB_1126,machine-learning,ai_ml,Data Engineer,PT Sigmantara Alfindo,Kubernetes
JOB_1126,machine-learning,ai_ml,Data Engineer,PT Sigmantara Alfindo,AWS
JOB_1126,machine-learning,ai_ml,Data Engineer,PT Sigmantara Alfindo,GCP
JOB_1126,machine-learning,ai_ml,Data Engineer,PT Sigmantara Alfindo,Azure
JOB_1126,machine-learning,ai_ml,Data Engineer,PT Sigmantara Alfindo,CI/CD
JOB_1127,machine-learning,ai_ml,Data Engineer,Pengiklan Anonim,Python
JOB_1127,machine-learning,ai_ml,Data Engineer,Pengiklan Anonim,R
JOB_1127,machine-learning,ai_ml,Data Engineer,Pengiklan Anonim,PostgreSQL
JOB_1127,machine-learning,ai_ml,Data Engineer,Pengiklan Anonim,MySQL
JOB_1127,machine-learning,ai_ml,Data Engineer,Pengiklan Anonim,MongoDB
JOB_1127,machine-learning,ai_ml,Data Engineer,Pengiklan Anonim,Tableau
JOB_1127,machine-learning,ai_ml,Data Engineer,Pengiklan Anonim,Power BI
JOB_1127,machine-learning,ai_ml,Data Engineer,Pengiklan Anonim,Data Modeling
JOB_1127,machine-learning,ai_ml,Data Engineer,Pengiklan Anonim,ETL
JOB_1128,machine-learning,ai_ml,Supervisor Data Analyst,PT Indako Trading Coy,SQL
JOB_1128,machine-learning,ai_ml,Supervisor Data Analyst,PT Indako Trading Coy,Power BI
JOB_1128,machine-learning,ai_ml,Supervisor Data Analyst,PT Indako Trading Coy,Problem Solving
JOB_1129,machine-learning,ai_ml,Senior Machine Learning Engineer,Tetra Data Teknologi,Python
JOB_1129,machine-learning,ai_ml,Senior Machine Learning Engineer,Tetra Data Teknologi,Machine Learning
JOB_1129,machine-learning,ai_ml,Senior Machine Learning Engineer,Tetra Data Teknologi,Deep Learning
JOB_1129,machine-learning,ai_ml,Senior Machine Learning Engineer,Tetra Data Teknologi,TensorFlow
JOB_1129,machine-learning,ai_ml,Senior Machine Learning Engineer,Tetra Data Teknologi,PyTorch
JOB_1129,machine-learning,ai_ml,Senior Machine Learning Engineer,Tetra Data Teknologi,TypeScript
JOB_1129,machine-learning,ai_ml,Senior Machine Learning Engineer,Tetra Data Teknologi,REST API
JOB_1129,machine-learning,ai_ml,Senior Machine Learning Engineer,Tetra Data Teknologi,Docker
JOB_1129,machine-learning,ai_ml,Senior Machine Learning Engineer,Tetra Data Teknologi,CI/CD
JOB_1129,machine-learning,ai_ml,Senior Machine Learning Engineer,Tetra Data Teknologi,Git
JOB_1129,machine-learning,ai_ml,Senior Machine Learning Engineer,Tetra Data Teknologi,Linux
JOB_1129,machine-learning,ai_ml,Senior Machine Learning Engineer,Tetra Data Teknologi,Microservices
JOB_1130,machine-learning,ai_ml,Data Science & Portfolio Manager,PT Sejahtera Sama Kita,Python
JOB_1130,machine-learning,ai_ml,Data Science & Portfolio Manager,PT Sejahtera Sama Kita,SQL
JOB_1130,machine-learning,ai_ml,Data Science & Portfolio Manager,PT Sejahtera Sama Kita,Machine Learning
JOB_1130,machine-learning,ai_ml,Data Science & Portfolio Manager,PT Sejahtera Sama Kita,TypeScript
JOB_1131,machine-learning,ai_ml,Staff AI Operation Engineer,PT Industrial Multi Fan,Python
JOB_1131,machine-learning,ai_ml,Staff AI Operation Engineer,PT Industrial Multi Fan,SQL
JOB_1131,machine-learning,ai_ml,Staff AI Operation Engineer,PT Industrial Multi Fan,Excel
JOB_1131,machine-learning,ai_ml,Staff AI Operation Engineer,PT Industrial Multi Fan,Machine Learning
JOB_1131,machine-learning,ai_ml,Staff AI Operation Engineer,PT Industrial Multi Fan,TypeScript
JOB_1131,machine-learning,ai_ml,Staff AI Operation Engineer,PT Industrial Multi Fan,REST API
JOB_1132,machine-learning,ai_ml,DATA ANALYST,PT Mitra Saruta Indonesia,SQL
JOB_1132,machine-learning,ai_ml,DATA ANALYST,PT Mitra Saruta Indonesia,Tableau
JOB_1132,machine-learning,ai_ml,DATA ANALYST,PT Mitra Saruta Indonesia,Power BI
JOB_1132,machine-learning,ai_ml,DATA ANALYST,PT Mitra Saruta Indonesia,Excel
JOB_1132,machine-learning,ai_ml,DATA ANALYST,PT Mitra Saruta Indonesia,TypeScript
JOB_1132,machine-learning,ai_ml,DATA ANALYST,PT Mitra Saruta Indonesia,Problem Solving
JOB_1133,machine-learning,ai_ml,Data Engineer,PT Data Labs Analytics,Python
JOB_1133,machine-learning,ai_ml,Data Engineer,PT Data Labs Analytics,SQL
JOB_1133,machine-learning,ai_ml,Data Engineer,PT Data Labs Analytics,BigQuery
JOB_1133,machine-learning,ai_ml,Data Engineer,PT Data Labs Analytics,Data Modeling
JOB_1133,machine-learning,ai_ml,Data Engineer,PT Data Labs Analytics,ETL
JOB_1133,machine-learning,ai_ml,Data Engineer,PT Data Labs Analytics,TypeScript
JOB_1133,machine-learning,ai_ml,Data Engineer,PT Data Labs Analytics,Java
JOB_1133,machine-learning,ai_ml,Data Engineer,PT Data Labs Analytics,AWS
JOB_1133,machine-learning,ai_ml,Data Engineer,PT Data Labs Analytics,GCP
JOB_1133,machine-learning,ai_ml,Data Engineer,PT Data Labs Analytics,Azure
JOB_1134,machine-learning,ai_ml,Data Scientist,PT Sharing Vision Indonesia,Python
JOB_1134,machine-learning,ai_ml,Data Scientist,PT Sharing Vision Indonesia,SQL
JOB_1134,machine-learning,ai_ml,Data Scientist,PT Sharing Vision Indonesia,Tableau
JOB_1134,machine-learning,ai_ml,Data Scientist,PT Sharing Vision Indonesia,Machine Learning
JOB_1134,machine-learning,ai_ml,Data Scientist,PT Sharing Vision Indonesia,Spark
JOB_1134,machine-learning,ai_ml,Data Scientist,PT Sharing Vision Indonesia,Azure
JOB_1135,machine-learning,ai_ml,Agentic AI Engineer,PT ADIDAYA RISET INSTRUMEN INDONESIA,Python
JOB_1135,machine-learning,ai_ml,Agentic AI Engineer,PT ADIDAYA RISET INSTRUMEN INDONESIA,SQL
JOB_1135,machine-learning,ai_ml,Agentic AI Engineer,PT ADIDAYA RISET INSTRUMEN INDONESIA,Machine Learning
JOB_1135,machine-learning,ai_ml,Agentic AI Engineer,PT ADIDAYA RISET INSTRUMEN INDONESIA,TypeScript
JOB_1135,machine-learning,ai_ml,Agentic AI Engineer,PT ADIDAYA RISET INSTRUMEN INDONESIA,FastAPI
JOB_1135,machine-learning,ai_ml,Agentic AI Engineer,PT ADIDAYA RISET INSTRUMEN INDONESIA,REST API
JOB_1135,machine-learning,ai_ml,Agentic AI Engineer,PT ADIDAYA RISET INSTRUMEN INDONESIA,Docker
JOB_1135,machine-learning,ai_ml,Agentic AI Engineer,PT ADIDAYA RISET INSTRUMEN INDONESIA,Git
JOB_1135,machine-learning,ai_ml,Agentic AI Engineer,PT ADIDAYA RISET INSTRUMEN INDONESIA,Linux
JOB_1135,machine-learning,ai_ml,Agentic AI Engineer,PT ADIDAYA RISET INSTRUMEN INDONESIA,Cybersecurity
JOB_1136,machine-learning,ai_ml,AI Engineer,AME Mineral Economics Pty Ltd,Python
JOB_1136,machine-learning,ai_ml,AI Engineer,AME Mineral Economics Pty Ltd,Excel
JOB_1136,machine-learning,ai_ml,AI Engineer,AME Mineral Economics Pty Ltd,Machine Learning
JOB_1136,machine-learning,ai_ml,AI Engineer,AME Mineral Economics Pty Ltd,TypeScript
JOB_1136,machine-learning,ai_ml,AI Engineer,AME Mineral Economics Pty Ltd,REST API
JOB_1136,machine-learning,ai_ml,AI Engineer,AME Mineral Economics Pty Ltd,Azure
JOB_1136,machine-learning,ai_ml,AI Engineer,AME Mineral Economics Pty Ltd,CI/CD
JOB_1136,machine-learning,ai_ml,AI Engineer,AME Mineral Economics Pty Ltd,Git
JOB_1137,machine-learning,ai_ml,Data Scientist,MEDITAP,Python
JOB_1137,machine-learning,ai_ml,Data Scientist,MEDITAP,Machine Learning
JOB_1137,machine-learning,ai_ml,Data Scientist,MEDITAP,TypeScript
JOB_1138,machine-learning,ai_ml,Senior Data Engineer,PT Sentra Vidya Utama,Python
JOB_1138,machine-learning,ai_ml,Senior Data Engineer,PT Sentra Vidya Utama,SQL
JOB_1138,machine-learning,ai_ml,Senior Data Engineer,PT Sentra Vidya Utama,Tableau
JOB_1138,machine-learning,ai_ml,Senior Data Engineer,PT Sentra Vidya Utama,Power BI
JOB_1138,machine-learning,ai_ml,Senior Data Engineer,PT Sentra Vidya Utama,REST API
JOB_1140,machine-learning,ai_ml,Data Engineer,Beyondtech,Python
JOB_1140,machine-learning,ai_ml,Data Engineer,Beyondtech,SQL
JOB_1140,machine-learning,ai_ml,Data Engineer,Beyondtech,PostgreSQL
JOB_1140,machine-learning,ai_ml,Data Engineer,Beyondtech,MySQL
JOB_1140,machine-learning,ai_ml,Data Engineer,Beyondtech,Tableau
JOB_1140,machine-learning,ai_ml,Data Engineer,Beyondtech,Power BI
JOB_1140,machine-learning,ai_ml,Data Engineer,Beyondtech,BigQuery
JOB_1140,machine-learning,ai_ml,Data Engineer,Beyondtech,Snowflake
JOB_1140,machine-learning,ai_ml,Data Engineer,Beyondtech,Data Modeling
JOB_1140,machine-learning,ai_ml,Data Engineer,Beyondtech,ETL
JOB_1140,machine-learning,ai_ml,Data Engineer,Beyondtech,TypeScript
JOB_1140,machine-learning,ai_ml,Data Engineer,Beyondtech,AWS
JOB_1141,machine-learning,ai_ml,IT Functional,PT. INTISUMBER BAJASAKTI,SQL
JOB_1141,machine-learning,ai_ml,IT Functional,PT. INTISUMBER BAJASAKTI,Excel
JOB_1141,machine-learning,ai_ml,IT Functional,PT. INTISUMBER BAJASAKTI,Machine Learning
JOB_1142,machine-learning,ai_ml,Software Engineer Internship,OPPO Indonesia,SQL
JOB_1142,machine-learning,ai_ml,Software Engineer Internship,OPPO Indonesia,PostgreSQL
JOB_1142,machine-learning,ai_ml,Software Engineer Internship,OPPO Indonesia,Machine Learning
JOB_1142,machine-learning,ai_ml,Software Engineer Internship,OPPO Indonesia,CSS
JOB_1142,machine-learning,ai_ml,Software Engineer Internship,OPPO Indonesia,JavaScript
JOB_1142,machine-learning,ai_ml,Software Engineer Internship,OPPO Indonesia,TypeScript
JOB_1142,machine-learning,ai_ml,Software Engineer Internship,OPPO Indonesia,React.js
JOB_1142,machine-learning,ai_ml,Software Engineer Internship,OPPO Indonesia,Next.js
JOB_1142,machine-learning,ai_ml,Software Engineer Internship,OPPO Indonesia,Tailwind CSS
JOB_1142,machine-learning,ai_ml,Software Engineer Internship,OPPO Indonesia,Golang
JOB_1142,machine-learning,ai_ml,Software Engineer Internship,OPPO Indonesia,FastAPI
JOB_1142,machine-learning,ai_ml,Software Engineer Internship,OPPO Indonesia,REST API
JOB_1142,machine-learning,ai_ml,Software Engineer Internship,OPPO Indonesia,Git
JOB_1143,machine-learning,ai_ml,Junior Data Scientist,PT Akulaku Silvrr Indonesia,Python
JOB_1143,machine-learning,ai_ml,Junior Data Scientist,PT Akulaku Silvrr Indonesia,SQL
JOB_1143,machine-learning,ai_ml,Junior Data Scientist,PT Akulaku Silvrr Indonesia,Excel
JOB_1143,machine-learning,ai_ml,Junior Data Scientist,PT Akulaku Silvrr Indonesia,TypeScript
JOB_1145,machine-learning,ai_ml,Data Analyst,PT Bersaudara Inti Corpora,Python
JOB_1145,machine-learning,ai_ml,Data Analyst,PT Bersaudara Inti Corpora,SQL
JOB_1145,machine-learning,ai_ml,Data Analyst,PT Bersaudara Inti Corpora,R
JOB_1145,machine-learning,ai_ml,Data Analyst,PT Bersaudara Inti Corpora,Power BI
JOB_1145,machine-learning,ai_ml,Data Analyst,PT Bersaudara Inti Corpora,Excel
JOB_1145,machine-learning,ai_ml,Data Analyst,PT Bersaudara Inti Corpora,Machine Learning
JOB_1145,machine-learning,ai_ml,Data Analyst,PT Bersaudara Inti Corpora,TypeScript
JOB_1146,machine-learning,ai_ml,Data Engineer (Contract 12 Months),"PT ZURICH ASURANSI INDONESIA, Tbk",Python
JOB_1146,machine-learning,ai_ml,Data Engineer (Contract 12 Months),"PT ZURICH ASURANSI INDONESIA, Tbk",SQL
JOB_1146,machine-learning,ai_ml,Data Engineer (Contract 12 Months),"PT ZURICH ASURANSI INDONESIA, Tbk",Spark
JOB_1146,machine-learning,ai_ml,Data Engineer (Contract 12 Months),"PT ZURICH ASURANSI INDONESIA, Tbk",ETL
JOB_1146,machine-learning,ai_ml,Data Engineer (Contract 12 Months),"PT ZURICH ASURANSI INDONESIA, Tbk",TypeScript
JOB_1146,machine-learning,ai_ml,Data Engineer (Contract 12 Months),"PT ZURICH ASURANSI INDONESIA, Tbk",AWS
JOB_1146,machine-learning,ai_ml,Data Engineer (Contract 12 Months),"PT ZURICH ASURANSI INDONESIA, Tbk",GCP
JOB_1146,machine-learning,ai_ml,Data Engineer (Contract 12 Months),"PT ZURICH ASURANSI INDONESIA, Tbk",Azure
JOB_1146,machine-learning,ai_ml,Data Engineer (Contract 12 Months),"PT ZURICH ASURANSI INDONESIA, Tbk",CI/CD
JOB_1146,machine-learning,ai_ml,Data Engineer (Contract 12 Months),"PT ZURICH ASURANSI INDONESIA, Tbk",Git
JOB_1147,machine-learning,ai_ml,Master Data Engineer (Analyst),Abrihet Teknobalhar Informa,SQL
JOB_1147,machine-learning,ai_ml,Master Data Engineer (Analyst),Abrihet Teknobalhar Informa,Power BI
JOB_1147,machine-learning,ai_ml,Master Data Engineer (Analyst),Abrihet Teknobalhar Informa,Excel
JOB_1147,machine-learning,ai_ml,Master Data Engineer (Analyst),Abrihet Teknobalhar Informa,ETL
JOB_1147,machine-learning,ai_ml,Master Data Engineer (Analyst),Abrihet Teknobalhar Informa,TypeScript
JOB_1147,machine-learning,ai_ml,Master Data Engineer (Analyst),Abrihet Teknobalhar Informa,Java
JOB_1147,machine-learning,ai_ml,Master Data Engineer (Analyst),Abrihet Teknobalhar Informa,Azure
JOB_1148,machine-learning,ai_ml,Junior Software Engineer,PT Technet Vision Indonesia,Python
JOB_1148,machine-learning,ai_ml,Junior Software Engineer,PT Technet Vision Indonesia,SQL
JOB_1148,machine-learning,ai_ml,Junior Software Engineer,PT Technet Vision Indonesia,Machine Learning
JOB_1148,machine-learning,ai_ml,Junior Software Engineer,PT Technet Vision Indonesia,HTML
JOB_1148,machine-learning,ai_ml,Junior Software Engineer,PT Technet Vision Indonesia,CSS
JOB_1148,machine-learning,ai_ml,Junior Software Engineer,PT Technet Vision Indonesia,JavaScript
JOB_1148,machine-learning,ai_ml,Junior Software Engineer,PT Technet Vision Indonesia,TypeScript
JOB_1148,machine-learning,ai_ml,Junior Software Engineer,PT Technet Vision Indonesia,React.js
JOB_1148,machine-learning,ai_ml,Junior Software Engineer,PT Technet Vision Indonesia,Vue.js
JOB_1148,machine-learning,ai_ml,Junior Software Engineer,PT Technet Vision Indonesia,Angular
JOB_1148,machine-learning,ai_ml,Junior Software Engineer,PT Technet Vision Indonesia,Node.js
JOB_1148,machine-learning,ai_ml,Junior Software Engineer,PT Technet Vision Indonesia,Java
JOB_1148,machine-learning,ai_ml,Junior Software Engineer,PT Technet Vision Indonesia,Ruby
JOB_1148,machine-learning,ai_ml,Junior Software Engineer,PT Technet Vision Indonesia,REST API
JOB_1148,machine-learning,ai_ml,Junior Software Engineer,PT Technet Vision Indonesia,Docker
JOB_1148,machine-learning,ai_ml,Junior Software Engineer,PT Technet Vision Indonesia,Kubernetes
JOB_1148,machine-learning,ai_ml,Junior Software Engineer,PT Technet Vision Indonesia,AWS
JOB_1148,machine-learning,ai_ml,Junior Software Engineer,PT Technet Vision Indonesia,GCP
JOB_1148,machine-learning,ai_ml,Junior Software Engineer,PT Technet Vision Indonesia,CI/CD
JOB_1148,machine-learning,ai_ml,Junior Software Engineer,PT Technet Vision Indonesia,Git
JOB_1148,machine-learning,ai_ml,Junior Software Engineer,PT Technet Vision Indonesia,Agile/Scrum
JOB_1149,machine-learning,ai_ml,"MYP AI, Coding & Digital Curriculum Specialist (ICT) - BINUS SCHOOL Simprug",Yayasan Bina Nusantara,Python
JOB_1149,machine-learning,ai_ml,"MYP AI, Coding & Digital Curriculum Specialist (ICT) - BINUS SCHOOL Simprug",Yayasan Bina Nusantara,Excel
JOB_1149,machine-learning,ai_ml,"MYP AI, Coding & Digital Curriculum Specialist (ICT) - BINUS SCHOOL Simprug",Yayasan Bina Nusantara,TypeScript
JOB_1150,machine-learning,ai_ml,Data Scientist,PT Eka Jaya Internasional,Python
JOB_1150,machine-learning,ai_ml,Data Scientist,PT Eka Jaya Internasional,Excel
JOB_1150,machine-learning,ai_ml,Data Scientist,PT Eka Jaya Internasional,Machine Learning
JOB_1150,machine-learning,ai_ml,Data Scientist,PT Eka Jaya Internasional,TensorFlow
JOB_1150,machine-learning,ai_ml,Data Scientist,PT Eka Jaya Internasional,Scikit-Learn
JOB_1150,machine-learning,ai_ml,Data Scientist,PT Eka Jaya Internasional,Spark
JOB_1150,machine-learning,ai_ml,Data Scientist,PT Eka Jaya Internasional,ETL
JOB_1150,machine-learning,ai_ml,Data Scientist,PT Eka Jaya Internasional,TypeScript
JOB_1150,machine-learning,ai_ml,Data Scientist,PT Eka Jaya Internasional,Java
JOB_1151,machine-learning,ai_ml,AI & Automation Specialist - Corporate Pollux Group,PT Mega Kuningan Pinnacle,Python
JOB_1151,machine-learning,ai_ml,AI & Automation Specialist - Corporate Pollux Group,PT Mega Kuningan Pinnacle,SQL
JOB_1151,machine-learning,ai_ml,AI & Automation Specialist - Corporate Pollux Group,PT Mega Kuningan Pinnacle,Power BI
JOB_1151,machine-learning,ai_ml,AI & Automation Specialist - Corporate Pollux Group,PT Mega Kuningan Pinnacle,TypeScript
JOB_1152,machine-learning,ai_ml,Senior AI Programmer / Architect,"PT Tera Data Indonusa, Tbk",Python
JOB_1152,machine-learning,ai_ml,Senior AI Programmer / Architect,"PT Tera Data Indonusa, Tbk",JavaScript
JOB_1152,machine-learning,ai_ml,Senior AI Programmer / Architect,"PT Tera Data Indonusa, Tbk",TypeScript
JOB_1152,machine-learning,ai_ml,Senior AI Programmer / Architect,"PT Tera Data Indonusa, Tbk",Node.js
JOB_1152,machine-learning,ai_ml,Senior AI Programmer / Architect,"PT Tera Data Indonusa, Tbk",Golang
JOB_1152,machine-learning,ai_ml,Senior AI Programmer / Architect,"PT Tera Data Indonusa, Tbk",REST API
JOB_1152,machine-learning,ai_ml,Senior AI Programmer / Architect,"PT Tera Data Indonusa, Tbk",Docker
JOB_1152,machine-learning,ai_ml,Senior AI Programmer / Architect,"PT Tera Data Indonusa, Tbk",Kubernetes
JOB_1152,machine-learning,ai_ml,Senior AI Programmer / Architect,"PT Tera Data Indonusa, Tbk",Microservices
JOB_1154,machine-learning,ai_ml,Full-Stack & Mobile Developer (AI/ML Skills),Pengiklan Anonim,Python
JOB_1154,machine-learning,ai_ml,Full-Stack & Mobile Developer (AI/ML Skills),Pengiklan Anonim,MongoDB
JOB_1154,machine-learning,ai_ml,Full-Stack & Mobile Developer (AI/ML Skills),Pengiklan Anonim,Excel
JOB_1154,machine-learning,ai_ml,Full-Stack & Mobile Developer (AI/ML Skills),Pengiklan Anonim,Machine Learning
JOB_1154,machine-learning,ai_ml,Full-Stack & Mobile Developer (AI/ML Skills),Pengiklan Anonim,TensorFlow
JOB_1154,machine-learning,ai_ml,Full-Stack & Mobile Developer (AI/ML Skills),Pengiklan Anonim,PyTorch
JOB_1154,machine-learning,ai_ml,Full-Stack & Mobile Developer (AI/ML Skills),Pengiklan Anonim,JavaScript
JOB_1154,machine-learning,ai_ml,Full-Stack & Mobile Developer (AI/ML Skills),Pengiklan Anonim,TypeScript
JOB_1154,machine-learning,ai_ml,Full-Stack & Mobile Developer (AI/ML Skills),Pengiklan Anonim,React.js
JOB_1154,machine-learning,ai_ml,Full-Stack & Mobile Developer (AI/ML Skills),Pengiklan Anonim,Node.js
JOB_1154,machine-learning,ai_ml,Full-Stack & Mobile Developer (AI/ML Skills),Pengiklan Anonim,PHP
JOB_1154,machine-learning,ai_ml,Full-Stack & Mobile Developer (AI/ML Skills),Pengiklan Anonim,REST API
JOB_1154,machine-learning,ai_ml,Full-Stack & Mobile Developer (AI/ML Skills),Pengiklan Anonim,AWS
JOB_1156,machine-learning,ai_ml,IT Functional,PT. INTISUMBER BAJASAKTI,SQL
JOB_1156,machine-learning,ai_ml,IT Functional,PT. INTISUMBER BAJASAKTI,Excel
JOB_1156,machine-learning,ai_ml,IT Functional,PT. INTISUMBER BAJASAKTI,Machine Learning
JOB_1157,machine-learning,ai_ml,Applied AI,COMBIPHAR Group,Machine Learning
JOB_1157,machine-learning,ai_ml,Applied AI,COMBIPHAR Group,TypeScript
JOB_1157,machine-learning,ai_ml,Applied AI,COMBIPHAR Group,Problem Solving
JOB_1158,machine-learning,ai_ml,AI Engineer,PT Graha Karya Informasi,Python
JOB_1158,machine-learning,ai_ml,AI Engineer,PT Graha Karya Informasi,Machine Learning
JOB_1158,machine-learning,ai_ml,AI Engineer,PT Graha Karya Informasi,TensorFlow
JOB_1158,machine-learning,ai_ml,AI Engineer,PT Graha Karya Informasi,PyTorch
JOB_1158,machine-learning,ai_ml,AI Engineer,PT Graha Karya Informasi,TypeScript
JOB_1158,machine-learning,ai_ml,AI Engineer,PT Graha Karya Informasi,REST API
JOB_1158,machine-learning,ai_ml,AI Engineer,PT Graha Karya Informasi,Docker
JOB_1158,machine-learning,ai_ml,AI Engineer,PT Graha Karya Informasi,Kubernetes
JOB_1158,machine-learning,ai_ml,AI Engineer,PT Graha Karya Informasi,AWS
JOB_1158,machine-learning,ai_ml,AI Engineer,PT Graha Karya Informasi,GCP
JOB_1158,machine-learning,ai_ml,AI Engineer,PT Graha Karya Informasi,Azure
JOB_1158,machine-learning,ai_ml,AI Engineer,PT Graha Karya Informasi,CI/CD
JOB_1158,machine-learning,ai_ml,AI Engineer,PT Graha Karya Informasi,Microservices
JOB_1159,machine-learning,ai_ml,Python Developer - AI Solutions Company - Remote,PT Adecco Personnel Indonesia,Python
JOB_1159,machine-learning,ai_ml,Python Developer - AI Solutions Company - Remote,PT Adecco Personnel Indonesia,PostgreSQL
JOB_1159,machine-learning,ai_ml,Python Developer - AI Solutions Company - Remote,PT Adecco Personnel Indonesia,MySQL
JOB_1159,machine-learning,ai_ml,Python Developer - AI Solutions Company - Remote,PT Adecco Personnel Indonesia,Machine Learning
JOB_1159,machine-learning,ai_ml,Python Developer - AI Solutions Company - Remote,PT Adecco Personnel Indonesia,TensorFlow
JOB_1159,machine-learning,ai_ml,Python Developer - AI Solutions Company - Remote,PT Adecco Personnel Indonesia,PyTorch
JOB_1159,machine-learning,ai_ml,Python Developer - AI Solutions Company - Remote,PT Adecco Personnel Indonesia,TypeScript
JOB_1159,machine-learning,ai_ml,Python Developer - AI Solutions Company - Remote,PT Adecco Personnel Indonesia,Golang
JOB_1159,machine-learning,ai_ml,Python Developer - AI Solutions Company - Remote,PT Adecco Personnel Indonesia,Django
JOB_1159,machine-learning,ai_ml,Python Developer - AI Solutions Company - Remote,PT Adecco Personnel Indonesia,FastAPI
JOB_1159,machine-learning,ai_ml,Python Developer - AI Solutions Company - Remote,PT Adecco Personnel Indonesia,REST API
JOB_1159,machine-learning,ai_ml,Python Developer - AI Solutions Company - Remote,PT Adecco Personnel Indonesia,AWS
JOB_1159,machine-learning,ai_ml,Python Developer - AI Solutions Company - Remote,PT Adecco Personnel Indonesia,GCP
JOB_1159,machine-learning,ai_ml,Python Developer - AI Solutions Company - Remote,PT Adecco Personnel Indonesia,Azure
JOB_1159,machine-learning,ai_ml,Python Developer - AI Solutions Company - Remote,PT Adecco Personnel Indonesia,Microservices
JOB_1160,machine-learning,ai_ml,AI Engineer,PT JELAJAH DATA SEMESTA,Python
JOB_1160,machine-learning,ai_ml,AI Engineer,PT JELAJAH DATA SEMESTA,Machine Learning
JOB_1160,machine-learning,ai_ml,AI Engineer,PT JELAJAH DATA SEMESTA,Deep Learning
JOB_1160,machine-learning,ai_ml,AI Engineer,PT JELAJAH DATA SEMESTA,TensorFlow
JOB_1160,machine-learning,ai_ml,AI Engineer,PT JELAJAH DATA SEMESTA,PyTorch
JOB_1160,machine-learning,ai_ml,AI Engineer,PT JELAJAH DATA SEMESTA,TypeScript
JOB_1160,machine-learning,ai_ml,AI Engineer,PT JELAJAH DATA SEMESTA,Docker
JOB_1160,machine-learning,ai_ml,AI Engineer,PT JELAJAH DATA SEMESTA,Linux
JOB_1161,machine-learning,ai_ml,AI Engineer,ADR Group Of Companies (PT Selamat Sempurna Tbk.),Machine Learning
JOB_1162,machine-learning,ai_ml,Senior Data Scientist (Analytics) - GFin,PT Solusi Transportasi Indonesia,Python
JOB_1162,machine-learning,ai_ml,Senior Data Scientist (Analytics) - GFin,PT Solusi Transportasi Indonesia,SQL
JOB_1162,machine-learning,ai_ml,Senior Data Scientist (Analytics) - GFin,PT Solusi Transportasi Indonesia,R
JOB_1162,machine-learning,ai_ml,Senior Data Scientist (Analytics) - GFin,PT Solusi Transportasi Indonesia,Excel
JOB_1162,machine-learning,ai_ml,Senior Data Scientist (Analytics) - GFin,PT Solusi Transportasi Indonesia,TypeScript
JOB_1162,machine-learning,ai_ml,Senior Data Scientist (Analytics) - GFin,PT Solusi Transportasi Indonesia,REST API
JOB_1162,machine-learning,ai_ml,Senior Data Scientist (Analytics) - GFin,PT Solusi Transportasi Indonesia,UI/UX
JOB_1163,machine-learning,ai_ml,Data Engineer,PT Mitra Informatika,Python
JOB_1163,machine-learning,ai_ml,Data Engineer,PT Mitra Informatika,Excel
JOB_1163,machine-learning,ai_ml,Data Engineer,PT Mitra Informatika,Data Modeling
JOB_1163,machine-learning,ai_ml,Data Engineer,PT Mitra Informatika,ETL
JOB_1163,machine-learning,ai_ml,Data Engineer,PT Mitra Informatika,TypeScript
JOB_1163,machine-learning,ai_ml,Data Engineer,PT Mitra Informatika,Java
JOB_1163,machine-learning,ai_ml,Data Engineer,PT Mitra Informatika,Linux
JOB_1164,machine-learning,ai_ml,Data Engineer,Dorskin_id,Python
JOB_1164,machine-learning,ai_ml,Data Engineer,Dorskin_id,SQL
JOB_1164,machine-learning,ai_ml,Data Engineer,Dorskin_id,REST API
JOB_1165,machine-learning,ai_ml,Middle AI Engineer,PT Fata Organa Solusi,Python
JOB_1165,machine-learning,ai_ml,Middle AI Engineer,PT Fata Organa Solusi,SQL
JOB_1165,machine-learning,ai_ml,Middle AI Engineer,PT Fata Organa Solusi,PostgreSQL
JOB_1165,machine-learning,ai_ml,Middle AI Engineer,PT Fata Organa Solusi,MySQL
JOB_1165,machine-learning,ai_ml,Middle AI Engineer,PT Fata Organa Solusi,Excel
JOB_1165,machine-learning,ai_ml,Middle AI Engineer,PT Fata Organa Solusi,Machine Learning
JOB_1165,machine-learning,ai_ml,Middle AI Engineer,PT Fata Organa Solusi,TensorFlow
JOB_1165,machine-learning,ai_ml,Middle AI Engineer,PT Fata Organa Solusi,PyTorch
JOB_1165,machine-learning,ai_ml,Middle AI Engineer,PT Fata Organa Solusi,Scikit-Learn
JOB_1165,machine-learning,ai_ml,Middle AI Engineer,PT Fata Organa Solusi,JavaScript
JOB_1165,machine-learning,ai_ml,Middle AI Engineer,PT Fata Organa Solusi,TypeScript
JOB_1165,machine-learning,ai_ml,Middle AI Engineer,PT Fata Organa Solusi,FastAPI
JOB_1165,machine-learning,ai_ml,Middle AI Engineer,PT Fata Organa Solusi,REST API
JOB_1165,machine-learning,ai_ml,Middle AI Engineer,PT Fata Organa Solusi,Docker
JOB_1165,machine-learning,ai_ml,Middle AI Engineer,PT Fata Organa Solusi,AWS
JOB_1165,machine-learning,ai_ml,Middle AI Engineer,PT Fata Organa Solusi,GCP
JOB_1165,machine-learning,ai_ml,Middle AI Engineer,PT Fata Organa Solusi,Azure
JOB_1165,machine-learning,ai_ml,Middle AI Engineer,PT Fata Organa Solusi,Git
JOB_1167,machine-learning,ai_ml,Senior Software Engineering (AI),Karunia Prima Nastari (KPN CORP.),Python
JOB_1167,machine-learning,ai_ml,Senior Software Engineering (AI),Karunia Prima Nastari (KPN CORP.),Machine Learning
JOB_1167,machine-learning,ai_ml,Senior Software Engineering (AI),Karunia Prima Nastari (KPN CORP.),TensorFlow
JOB_1167,machine-learning,ai_ml,Senior Software Engineering (AI),Karunia Prima Nastari (KPN CORP.),PyTorch
JOB_1167,machine-learning,ai_ml,Senior Software Engineering (AI),Karunia Prima Nastari (KPN CORP.),Scikit-Learn
JOB_1167,machine-learning,ai_ml,Senior Software Engineering (AI),Karunia Prima Nastari (KPN CORP.),TypeScript
JOB_1169,machine-learning,ai_ml,Data Analyst,Pengiklan Anonim,Excel
JOB_1170,machine-learning,ai_ml,Data Scientist Intern,PT GOTO GOJEK TOKOPEDIA TBK,Machine Learning
JOB_1170,machine-learning,ai_ml,Data Scientist Intern,PT GOTO GOJEK TOKOPEDIA TBK,Deep Learning
JOB_1170,machine-learning,ai_ml,Data Scientist Intern,PT GOTO GOJEK TOKOPEDIA TBK,TypeScript
JOB_1170,machine-learning,ai_ml,Data Scientist Intern,PT GOTO GOJEK TOKOPEDIA TBK,Golang
JOB_1171,machine-learning,ai_ml,Python Developer - Django (Experienced),PT Hashmicro Solusi Indonesia,Python
JOB_1171,machine-learning,ai_ml,Python Developer - Django (Experienced),PT Hashmicro Solusi Indonesia,PostgreSQL
JOB_1171,machine-learning,ai_ml,Python Developer - Django (Experienced),PT Hashmicro Solusi Indonesia,Excel
JOB_1171,machine-learning,ai_ml,Python Developer - Django (Experienced),PT Hashmicro Solusi Indonesia,TypeScript
JOB_1171,machine-learning,ai_ml,Python Developer - Django (Experienced),PT Hashmicro Solusi Indonesia,Golang
JOB_1171,machine-learning,ai_ml,Python Developer - Django (Experienced),PT Hashmicro Solusi Indonesia,Django
JOB_1171,machine-learning,ai_ml,Python Developer - Django (Experienced),PT Hashmicro Solusi Indonesia,REST API
JOB_1171,machine-learning,ai_ml,Python Developer - Django (Experienced),PT Hashmicro Solusi Indonesia,Microservices
JOB_1172,machine-learning,ai_ml,Data Engineer,PT Graha Karya Informasi,SQL
JOB_1172,machine-learning,ai_ml,Data Engineer,PT Graha Karya Informasi,PostgreSQL
JOB_1172,machine-learning,ai_ml,Data Engineer,PT Graha Karya Informasi,BigQuery
JOB_1172,machine-learning,ai_ml,Data Engineer,PT Graha Karya Informasi,ETL
JOB_1172,machine-learning,ai_ml,Data Engineer,PT Graha Karya Informasi,TypeScript
JOB_1172,machine-learning,ai_ml,Data Engineer,PT Graha Karya Informasi,Azure
JOB_1172,machine-learning,ai_ml,Data Engineer,PT Graha Karya Informasi,Agile/Scrum
JOB_1173,machine-learning,ai_ml,Data Engineer,PT IDStar Cipta Teknologi,SQL
JOB_1173,machine-learning,ai_ml,Data Engineer,PT IDStar Cipta Teknologi,Machine Learning
JOB_1173,machine-learning,ai_ml,Data Engineer,PT IDStar Cipta Teknologi,BigQuery
JOB_1173,machine-learning,ai_ml,Data Engineer,PT IDStar Cipta Teknologi,Data Modeling
JOB_1173,machine-learning,ai_ml,Data Engineer,PT IDStar Cipta Teknologi,ETL
JOB_1173,machine-learning,ai_ml,Data Engineer,PT IDStar Cipta Teknologi,TypeScript
JOB_1173,machine-learning,ai_ml,Data Engineer,PT IDStar Cipta Teknologi,GCP
JOB_1174,machine-learning,ai_ml,Data Engineer,PT Anggana Catur Prima,Python
JOB_1174,machine-learning,ai_ml,Data Engineer,PT Anggana Catur Prima,SQL
JOB_1174,machine-learning,ai_ml,Data Engineer,PT Anggana Catur Prima,Power BI
JOB_1174,machine-learning,ai_ml,Data Engineer,PT Anggana Catur Prima,Excel
JOB_1174,machine-learning,ai_ml,Data Engineer,PT Anggana Catur Prima,TypeScript
JOB_1174,machine-learning,ai_ml,Data Engineer,PT Anggana Catur Prima,Docker
JOB_1174,machine-learning,ai_ml,Data Engineer,PT Anggana Catur Prima,Linux
JOB_1175,machine-learning,ai_ml,Artificial Intellegence (AI) Specialist,PT Allure Alluminio,Excel
JOB_1175,machine-learning,ai_ml,Artificial Intellegence (AI) Specialist,PT Allure Alluminio,TypeScript
JOB_1176,machine-learning,ai_ml,Artificial Intelligence Engineer,PT Mitra Solusi Telematika,Python
JOB_1176,machine-learning,ai_ml,Artificial Intelligence Engineer,PT Mitra Solusi Telematika,Excel
JOB_1176,machine-learning,ai_ml,Artificial Intelligence Engineer,PT Mitra Solusi Telematika,Machine Learning
JOB_1176,machine-learning,ai_ml,Artificial Intelligence Engineer,PT Mitra Solusi Telematika,JavaScript
JOB_1176,machine-learning,ai_ml,Artificial Intelligence Engineer,PT Mitra Solusi Telematika,TypeScript
JOB_1176,machine-learning,ai_ml,Artificial Intelligence Engineer,PT Mitra Solusi Telematika,React.js
JOB_1176,machine-learning,ai_ml,Artificial Intelligence Engineer,PT Mitra Solusi Telematika,Node.js
JOB_1176,machine-learning,ai_ml,Artificial Intelligence Engineer,PT Mitra Solusi Telematika,REST API
JOB_1176,machine-learning,ai_ml,Artificial Intelligence Engineer,PT Mitra Solusi Telematika,Docker
JOB_1176,machine-learning,ai_ml,Artificial Intelligence Engineer,PT Mitra Solusi Telematika,Kubernetes
JOB_1176,machine-learning,ai_ml,Artificial Intelligence Engineer,PT Mitra Solusi Telematika,AWS
JOB_1176,machine-learning,ai_ml,Artificial Intelligence Engineer,PT Mitra Solusi Telematika,Azure
JOB_1176,machine-learning,ai_ml,Artificial Intelligence Engineer,PT Mitra Solusi Telematika,CI/CD
JOB_1177,machine-learning,ai_ml,Data Engineer,PT Kencana Taraswin Indonesia,Python
JOB_1177,machine-learning,ai_ml,Data Engineer,PT Kencana Taraswin Indonesia,SQL
JOB_1177,machine-learning,ai_ml,Data Engineer,PT Kencana Taraswin Indonesia,PostgreSQL
JOB_1177,machine-learning,ai_ml,Data Engineer,PT Kencana Taraswin Indonesia,MySQL
JOB_1177,machine-learning,ai_ml,Data Engineer,PT Kencana Taraswin Indonesia,Excel
JOB_1177,machine-learning,ai_ml,Data Engineer,PT Kencana Taraswin Indonesia,BigQuery
JOB_1177,machine-learning,ai_ml,Data Engineer,PT Kencana Taraswin Indonesia,Snowflake
JOB_1177,machine-learning,ai_ml,Data Engineer,PT Kencana Taraswin Indonesia,Data Modeling
JOB_1177,machine-learning,ai_ml,Data Engineer,PT Kencana Taraswin Indonesia,ETL
JOB_1177,machine-learning,ai_ml,Data Engineer,PT Kencana Taraswin Indonesia,TypeScript
JOB_1177,machine-learning,ai_ml,Data Engineer,PT Kencana Taraswin Indonesia,REST API
JOB_1178,machine-learning,ai_ml,AI Workflow Engineer (Developer),PT Sinar Jernih Suksesindo,Python
JOB_1178,machine-learning,ai_ml,AI Workflow Engineer (Developer),PT Sinar Jernih Suksesindo,SQL
JOB_1178,machine-learning,ai_ml,AI Workflow Engineer (Developer),PT Sinar Jernih Suksesindo,MySQL
JOB_1178,machine-learning,ai_ml,AI Workflow Engineer (Developer),PT Sinar Jernih Suksesindo,Machine Learning
JOB_1178,machine-learning,ai_ml,AI Workflow Engineer (Developer),PT Sinar Jernih Suksesindo,Java
JOB_1178,machine-learning,ai_ml,AI Workflow Engineer (Developer),PT Sinar Jernih Suksesindo,REST API
JOB_1178,machine-learning,ai_ml,AI Workflow Engineer (Developer),PT Sinar Jernih Suksesindo,Agile/Scrum
JOB_1179,machine-learning,ai_ml,Senior Data Engineer,PT DAPUR SEHAT INDONESIA,Python
JOB_1179,machine-learning,ai_ml,Senior Data Engineer,PT DAPUR SEHAT INDONESIA,SQL
JOB_1179,machine-learning,ai_ml,Senior Data Engineer,PT DAPUR SEHAT INDONESIA,R
JOB_1179,machine-learning,ai_ml,Senior Data Engineer,PT DAPUR SEHAT INDONESIA,BigQuery
JOB_1179,machine-learning,ai_ml,Senior Data Engineer,PT DAPUR SEHAT INDONESIA,Snowflake
JOB_1179,machine-learning,ai_ml,Senior Data Engineer,PT DAPUR SEHAT INDONESIA,TypeScript
JOB_1180,machine-learning,ai_ml,Senior Data Scientist (Analytics) - Grab Financial Services,PT Solusi Transportasi Indonesia,Python
JOB_1180,machine-learning,ai_ml,Senior Data Scientist (Analytics) - Grab Financial Services,PT Solusi Transportasi Indonesia,SQL
JOB_1180,machine-learning,ai_ml,Senior Data Scientist (Analytics) - Grab Financial Services,PT Solusi Transportasi Indonesia,Power BI
JOB_1180,machine-learning,ai_ml,Senior Data Scientist (Analytics) - Grab Financial Services,PT Solusi Transportasi Indonesia,Excel
JOB_1180,machine-learning,ai_ml,Senior Data Scientist (Analytics) - Grab Financial Services,PT Solusi Transportasi Indonesia,JavaScript
JOB_1180,machine-learning,ai_ml,Senior Data Scientist (Analytics) - Grab Financial Services,PT Solusi Transportasi Indonesia,TypeScript
JOB_1180,machine-learning,ai_ml,Senior Data Scientist (Analytics) - Grab Financial Services,PT Solusi Transportasi Indonesia,REST API
JOB_1180,machine-learning,ai_ml,Senior Data Scientist (Analytics) - Grab Financial Services,PT Solusi Transportasi Indonesia,UI/UX
JOB_1181,machine-learning,ai_ml,DATA ENGINEER STAFF,PT Sarwa Manggalla Raya,Python
JOB_1181,machine-learning,ai_ml,DATA ENGINEER STAFF,PT Sarwa Manggalla Raya,SQL
JOB_1181,machine-learning,ai_ml,DATA ENGINEER STAFF,PT Sarwa Manggalla Raya,PostgreSQL
JOB_1181,machine-learning,ai_ml,DATA ENGINEER STAFF,PT Sarwa Manggalla Raya,MySQL
JOB_1181,machine-learning,ai_ml,DATA ENGINEER STAFF,PT Sarwa Manggalla Raya,Power BI
JOB_1181,machine-learning,ai_ml,DATA ENGINEER STAFF,PT Sarwa Manggalla Raya,Excel
JOB_1181,machine-learning,ai_ml,DATA ENGINEER STAFF,PT Sarwa Manggalla Raya,ETL
JOB_1182,machine-learning,ai_ml,"Cloud Consultant, Data Analytics, Google Cloud (Bahasa)",Google,Python
JOB_1182,machine-learning,ai_ml,"Cloud Consultant, Data Analytics, Google Cloud (Bahasa)",Google,SQL
JOB_1182,machine-learning,ai_ml,"Cloud Consultant, Data Analytics, Google Cloud (Bahasa)",Google,PostgreSQL
JOB_1182,machine-learning,ai_ml,"Cloud Consultant, Data Analytics, Google Cloud (Bahasa)",Google,MySQL
JOB_1182,machine-learning,ai_ml,"Cloud Consultant, Data Analytics, Google Cloud (Bahasa)",Google,MongoDB
JOB_1182,machine-learning,ai_ml,"Cloud Consultant, Data Analytics, Google Cloud (Bahasa)",Google,Excel
JOB_1182,machine-learning,ai_ml,"Cloud Consultant, Data Analytics, Google Cloud (Bahasa)",Google,Hadoop
JOB_1182,machine-learning,ai_ml,"Cloud Consultant, Data Analytics, Google Cloud (Bahasa)",Google,Spark
JOB_1182,machine-learning,ai_ml,"Cloud Consultant, Data Analytics, Google Cloud (Bahasa)",Google,Data Modeling
JOB_1182,machine-learning,ai_ml,"Cloud Consultant, Data Analytics, Google Cloud (Bahasa)",Google,JavaScript
JOB_1182,machine-learning,ai_ml,"Cloud Consultant, Data Analytics, Google Cloud (Bahasa)",Google,TypeScript
JOB_1182,machine-learning,ai_ml,"Cloud Consultant, Data Analytics, Google Cloud (Bahasa)",Google,Golang
JOB_1182,machine-learning,ai_ml,"Cloud Consultant, Data Analytics, Google Cloud (Bahasa)",Google,Java
JOB_1182,machine-learning,ai_ml,"Cloud Consultant, Data Analytics, Google Cloud (Bahasa)",Google,GCP
JOB_1183,machine-learning,ai_ml,Project Manager,PT Neural Technologies Integrated Solutions,Excel
JOB_1183,machine-learning,ai_ml,Project Manager,PT Neural Technologies Integrated Solutions,Machine Learning
JOB_1183,machine-learning,ai_ml,Project Manager,PT Neural Technologies Integrated Solutions,TypeScript
JOB_1184,machine-learning,ai_ml,Data Engineer,PT Indocyber Global Teknologi,Python
JOB_1184,machine-learning,ai_ml,Data Engineer,PT Indocyber Global Teknologi,Tableau
JOB_1184,machine-learning,ai_ml,Data Engineer,PT Indocyber Global Teknologi,Power BI
JOB_1184,machine-learning,ai_ml,Data Engineer,PT Indocyber Global Teknologi,ETL
JOB_1184,machine-learning,ai_ml,Data Engineer,PT Indocyber Global Teknologi,TypeScript
JOB_1184,machine-learning,ai_ml,Data Engineer,PT Indocyber Global Teknologi,AWS
JOB_1184,machine-learning,ai_ml,Data Engineer,PT Indocyber Global Teknologi,Azure
JOB_1185,machine-learning,ai_ml,AI/ML Engineer - Jakarta - WFO,PT PERSOL RECRUITMENT INDONESIA,Machine Learning
JOB_1185,machine-learning,ai_ml,AI/ML Engineer - Jakarta - WFO,PT PERSOL RECRUITMENT INDONESIA,TypeScript
JOB_1185,machine-learning,ai_ml,AI/ML Engineer - Jakarta - WFO,PT PERSOL RECRUITMENT INDONESIA,Next.js
JOB_1185,machine-learning,ai_ml,AI/ML Engineer - Jakarta - WFO,PT PERSOL RECRUITMENT INDONESIA,FastAPI
JOB_1185,machine-learning,ai_ml,AI/ML Engineer - Jakarta - WFO,PT PERSOL RECRUITMENT INDONESIA,REST API
JOB_1185,machine-learning,ai_ml,AI/ML Engineer - Jakarta - WFO,PT PERSOL RECRUITMENT INDONESIA,AWS
JOB_1185,machine-learning,ai_ml,AI/ML Engineer - Jakarta - WFO,PT PERSOL RECRUITMENT INDONESIA,GCP
JOB_1185,machine-learning,ai_ml,AI/ML Engineer - Jakarta - WFO,PT PERSOL RECRUITMENT INDONESIA,Azure
JOB_1186,machine-learning,ai_ml,AI Expert,PT Eka Jaya Internasional,Python
JOB_1186,machine-learning,ai_ml,AI Expert,PT Eka Jaya Internasional,SQL
JOB_1186,machine-learning,ai_ml,AI Expert,PT Eka Jaya Internasional,Machine Learning
JOB_1186,machine-learning,ai_ml,AI Expert,PT Eka Jaya Internasional,TypeScript
JOB_1186,machine-learning,ai_ml,AI Expert,PT Eka Jaya Internasional,REST API
JOB_1186,machine-learning,ai_ml,AI Expert,PT Eka Jaya Internasional,AWS
JOB_1186,machine-learning,ai_ml,AI Expert,PT Eka Jaya Internasional,GCP
JOB_1186,machine-learning,ai_ml,AI Expert,PT Eka Jaya Internasional,Azure
JOB_1187,machine-learning,ai_ml,AI Engineer,PT CARSURIN Tbk,Python
JOB_1187,machine-learning,ai_ml,AI Engineer,PT CARSURIN Tbk,TypeScript
JOB_1188,machine-learning,ai_ml,Guru Koding dan Kecerdasan Artifisial,Yayasan Surya Telaga Cendikia,Machine Learning
JOB_1188,machine-learning,ai_ml,Guru Koding dan Kecerdasan Artifisial,Yayasan Surya Telaga Cendikia,Golang
JOB_1188,machine-learning,ai_ml,Guru Koding dan Kecerdasan Artifisial,Yayasan Surya Telaga Cendikia,REST API
JOB_1188,machine-learning,ai_ml,Guru Koding dan Kecerdasan Artifisial,Yayasan Surya Telaga Cendikia,Problem Solving
JOB_1189,machine-learning,ai_ml,AI Agent Developer / AI Automation Engineer,PT Mitra Distribusi Utama,Python
JOB_1189,machine-learning,ai_ml,AI Agent Developer / AI Automation Engineer,PT Mitra Distribusi Utama,SQL
JOB_1189,machine-learning,ai_ml,AI Agent Developer / AI Automation Engineer,PT Mitra Distribusi Utama,PostgreSQL
JOB_1189,machine-learning,ai_ml,AI Agent Developer / AI Automation Engineer,PT Mitra Distribusi Utama,MySQL
JOB_1189,machine-learning,ai_ml,AI Agent Developer / AI Automation Engineer,PT Mitra Distribusi Utama,Excel
JOB_1189,machine-learning,ai_ml,AI Agent Developer / AI Automation Engineer,PT Mitra Distribusi Utama,JavaScript
JOB_1189,machine-learning,ai_ml,AI Agent Developer / AI Automation Engineer,PT Mitra Distribusi Utama,TypeScript
JOB_1189,machine-learning,ai_ml,AI Agent Developer / AI Automation Engineer,PT Mitra Distribusi Utama,Node.js
JOB_1189,machine-learning,ai_ml,AI Agent Developer / AI Automation Engineer,PT Mitra Distribusi Utama,REST API
JOB_1190,machine-learning,ai_ml,Lead Developer (Python),PT Hashmicro Solusi Indonesia,Python
JOB_1190,machine-learning,ai_ml,Lead Developer (Python),PT Hashmicro Solusi Indonesia,PostgreSQL
JOB_1190,machine-learning,ai_ml,Lead Developer (Python),PT Hashmicro Solusi Indonesia,MySQL
JOB_1190,machine-learning,ai_ml,Lead Developer (Python),PT Hashmicro Solusi Indonesia,JavaScript
JOB_1190,machine-learning,ai_ml,Lead Developer (Python),PT Hashmicro Solusi Indonesia,TypeScript
JOB_1190,machine-learning,ai_ml,Lead Developer (Python),PT Hashmicro Solusi Indonesia,Vue.js
JOB_1190,machine-learning,ai_ml,Lead Developer (Python),PT Hashmicro Solusi Indonesia,Node.js
JOB_1190,machine-learning,ai_ml,Lead Developer (Python),PT Hashmicro Solusi Indonesia,Golang
JOB_1190,machine-learning,ai_ml,Lead Developer (Python),PT Hashmicro Solusi Indonesia,Django
JOB_1190,machine-learning,ai_ml,Lead Developer (Python),PT Hashmicro Solusi Indonesia,REST API
JOB_1191,machine-learning,ai_ml,IT Staff (Web Developer),PT Tirtakencana Tatawarna (Head Office),Python
JOB_1191,machine-learning,ai_ml,IT Staff (Web Developer),PT Tirtakencana Tatawarna (Head Office),SQL
JOB_1191,machine-learning,ai_ml,IT Staff (Web Developer),PT Tirtakencana Tatawarna (Head Office),Machine Learning
JOB_1191,machine-learning,ai_ml,IT Staff (Web Developer),PT Tirtakencana Tatawarna (Head Office),HTML
JOB_1191,machine-learning,ai_ml,IT Staff (Web Developer),PT Tirtakencana Tatawarna (Head Office),PHP
JOB_1191,machine-learning,ai_ml,IT Staff (Web Developer),PT Tirtakencana Tatawarna (Head Office),Laravel
JOB_1192,machine-learning,ai_ml,Officer Programmer Python,PT Administrasi Medika,Git
JOB_1192,machine-learning,ai_ml,Officer Programmer Python,PT Administrasi Medika,Problem Solving
JOB_1193,machine-learning,ai_ml,Data Engineer Lead,Kawan Lama Group,Python
JOB_1193,machine-learning,ai_ml,Data Engineer Lead,Kawan Lama Group,SQL
JOB_1193,machine-learning,ai_ml,Data Engineer Lead,Kawan Lama Group,Snowflake
JOB_1193,machine-learning,ai_ml,Data Engineer Lead,Kawan Lama Group,Spark
JOB_1193,machine-learning,ai_ml,Data Engineer Lead,Kawan Lama Group,Data Modeling
JOB_1193,machine-learning,ai_ml,Data Engineer Lead,Kawan Lama Group,ETL
JOB_1193,machine-learning,ai_ml,Data Engineer Lead,Kawan Lama Group,TypeScript
JOB_1193,machine-learning,ai_ml,Data Engineer Lead,Kawan Lama Group,Docker
JOB_1193,machine-learning,ai_ml,Data Engineer Lead,Kawan Lama Group,Kubernetes
JOB_1193,machine-learning,ai_ml,Data Engineer Lead,Kawan Lama Group,AWS
JOB_1193,machine-learning,ai_ml,Data Engineer Lead,Kawan Lama Group,CI/CD
JOB_1195,machine-learning,ai_ml,AI Engineer,Pengiklan Anonim,Python
JOB_1195,machine-learning,ai_ml,AI Engineer,Pengiklan Anonim,Machine Learning
JOB_1195,machine-learning,ai_ml,AI Engineer,Pengiklan Anonim,TypeScript
JOB_1196,machine-learning,ai_ml,Head/VP of Engineering,PT Amartha Mikro Fintek (Jakarta),SQL
JOB_1196,machine-learning,ai_ml,Head/VP of Engineering,PT Amartha Mikro Fintek (Jakarta),PostgreSQL
JOB_1196,machine-learning,ai_ml,Head/VP of Engineering,PT Amartha Mikro Fintek (Jakarta),Machine Learning
JOB_1196,machine-learning,ai_ml,Head/VP of Engineering,PT Amartha Mikro Fintek (Jakarta),TypeScript
JOB_1196,machine-learning,ai_ml,Head/VP of Engineering,PT Amartha Mikro Fintek (Jakarta),REST API
JOB_1196,machine-learning,ai_ml,Head/VP of Engineering,PT Amartha Mikro Fintek (Jakarta),Kubernetes
JOB_1196,machine-learning,ai_ml,Head/VP of Engineering,PT Amartha Mikro Fintek (Jakarta),GCP
JOB_1196,machine-learning,ai_ml,Head/VP of Engineering,PT Amartha Mikro Fintek (Jakarta),CI/CD
JOB_1196,machine-learning,ai_ml,Head/VP of Engineering,PT Amartha Mikro Fintek (Jakarta),Agile/Scrum
JOB_1197,machine-learning,ai_ml,DATA ANALYST,PT Bringin Jati Indah,Python
JOB_1197,machine-learning,ai_ml,DATA ANALYST,PT Bringin Jati Indah,SQL
JOB_1197,machine-learning,ai_ml,DATA ANALYST,PT Bringin Jati Indah,R
JOB_1197,machine-learning,ai_ml,DATA ANALYST,PT Bringin Jati Indah,Tableau
JOB_1197,machine-learning,ai_ml,DATA ANALYST,PT Bringin Jati Indah,Power BI
JOB_1197,machine-learning,ai_ml,DATA ANALYST,PT Bringin Jati Indah,Excel
JOB_1197,machine-learning,ai_ml,DATA ANALYST,PT Bringin Jati Indah,Machine Learning
JOB_1197,machine-learning,ai_ml,DATA ANALYST,PT Bringin Jati Indah,TypeScript
JOB_1197,machine-learning,ai_ml,DATA ANALYST,PT Bringin Jati Indah,Java
JOB_1199,machine-learning,ai_ml,IT Security Engineer,Deep Symbolics Indonesia,Python
JOB_1199,machine-learning,ai_ml,IT Security Engineer,Deep Symbolics Indonesia,Machine Learning
JOB_1199,machine-learning,ai_ml,IT Security Engineer,Deep Symbolics Indonesia,TypeScript
JOB_1199,machine-learning,ai_ml,IT Security Engineer,Deep Symbolics Indonesia,Golang
JOB_1199,machine-learning,ai_ml,IT Security Engineer,Deep Symbolics Indonesia,Kubernetes
JOB_1199,machine-learning,ai_ml,IT Security Engineer,Deep Symbolics Indonesia,AWS
JOB_1199,machine-learning,ai_ml,IT Security Engineer,Deep Symbolics Indonesia,GCP
JOB_1199,machine-learning,ai_ml,IT Security Engineer,Deep Symbolics Indonesia,Azure
JOB_1199,machine-learning,ai_ml,IT Security Engineer,Deep Symbolics Indonesia,CI/CD
JOB_1199,machine-learning,ai_ml,IT Security Engineer,Deep Symbolics Indonesia,Linux
JOB_1200,machine-learning,ai_ml,Credit Scoring Officer,PT KB Finansia Multi Finance,Python
JOB_1200,machine-learning,ai_ml,Credit Scoring Officer,PT KB Finansia Multi Finance,SQL
JOB_1200,machine-learning,ai_ml,Credit Scoring Officer,PT KB Finansia Multi Finance,R
JOB_1200,machine-learning,ai_ml,Credit Scoring Officer,PT KB Finansia Multi Finance,Machine Learning
JOB_1200,machine-learning,ai_ml,Credit Scoring Officer,PT KB Finansia Multi Finance,CSS
JOB_1201,machine-learning,ai_ml,Odoo Developer (Odoo ERP mandatory),PT DOODEX JAYA MAKMUR,Python
JOB_1201,machine-learning,ai_ml,Odoo Developer (Odoo ERP mandatory),PT DOODEX JAYA MAKMUR,PostgreSQL
JOB_1201,machine-learning,ai_ml,Odoo Developer (Odoo ERP mandatory),PT DOODEX JAYA MAKMUR,Machine Learning
JOB_1201,machine-learning,ai_ml,Odoo Developer (Odoo ERP mandatory),PT DOODEX JAYA MAKMUR,JavaScript
JOB_1201,machine-learning,ai_ml,Odoo Developer (Odoo ERP mandatory),PT DOODEX JAYA MAKMUR,TypeScript
JOB_1201,machine-learning,ai_ml,Odoo Developer (Odoo ERP mandatory),PT DOODEX JAYA MAKMUR,REST API
JOB_1201,machine-learning,ai_ml,Odoo Developer (Odoo ERP mandatory),PT DOODEX JAYA MAKMUR,Git
JOB_1201,machine-learning,ai_ml,Odoo Developer (Odoo ERP mandatory),PT DOODEX JAYA MAKMUR,Linux
JOB_1202,machine-learning,ai_ml,Deployment Strategist - Global AI Start Up,PT Michael Page Internasional Indonesia,TypeScript
JOB_1203,machine-learning,ai_ml,Chief Technology Officer,Pengiklan Anonim,Excel
JOB_1203,machine-learning,ai_ml,Chief Technology Officer,Pengiklan Anonim,Machine Learning
JOB_1203,machine-learning,ai_ml,Chief Technology Officer,Pengiklan Anonim,TypeScript
JOB_1203,machine-learning,ai_ml,Chief Technology Officer,Pengiklan Anonim,Cybersecurity
JOB_1204,machine-learning,ai_ml,IT Project Management,PT Karisma Zona Kreatifku,Machine Learning
JOB_1204,machine-learning,ai_ml,IT Project Management,PT Karisma Zona Kreatifku,BigQuery
JOB_1204,machine-learning,ai_ml,IT Project Management,PT Karisma Zona Kreatifku,GCP
JOB_1204,machine-learning,ai_ml,IT Project Management,PT Karisma Zona Kreatifku,Agile/Scrum
JOB_1205,machine-learning,ai_ml,AI Solutions Architect,(2124) PT IBM Delivery Indonesia,Python
JOB_1205,machine-learning,ai_ml,AI Solutions Architect,(2124) PT IBM Delivery Indonesia,SQL
JOB_1205,machine-learning,ai_ml,AI Solutions Architect,(2124) PT IBM Delivery Indonesia,R
JOB_1205,machine-learning,ai_ml,AI Solutions Architect,(2124) PT IBM Delivery Indonesia,Machine Learning
JOB_1205,machine-learning,ai_ml,AI Solutions Architect,(2124) PT IBM Delivery Indonesia,Deep Learning
JOB_1205,machine-learning,ai_ml,AI Solutions Architect,(2124) PT IBM Delivery Indonesia,TensorFlow
JOB_1205,machine-learning,ai_ml,AI Solutions Architect,(2124) PT IBM Delivery Indonesia,PyTorch
JOB_1205,machine-learning,ai_ml,AI Solutions Architect,(2124) PT IBM Delivery Indonesia,TypeScript
JOB_1206,machine-learning,ai_ml,Data Manager,PT Trinusa Travelindo,SQL
JOB_1206,machine-learning,ai_ml,Data Manager,PT Trinusa Travelindo,Tableau
JOB_1206,machine-learning,ai_ml,Data Manager,PT Trinusa Travelindo,Excel
JOB_1206,machine-learning,ai_ml,Data Manager,PT Trinusa Travelindo,Machine Learning
JOB_1206,machine-learning,ai_ml,Data Manager,PT Trinusa Travelindo,TypeScript
JOB_1206,machine-learning,ai_ml,Data Manager,PT Trinusa Travelindo,GCP
JOB_1207,machine-learning,ai_ml,Data Engineer (Databricks / Azure Data Factory)-Insurance,PT Intikom Berlian Mustika - Talent Acquisition,ETL
JOB_1207,machine-learning,ai_ml,Data Engineer (Databricks / Azure Data Factory)-Insurance,PT Intikom Berlian Mustika - Talent Acquisition,Java
JOB_1207,machine-learning,ai_ml,Data Engineer (Databricks / Azure Data Factory)-Insurance,PT Intikom Berlian Mustika - Talent Acquisition,Spring Boot
JOB_1207,machine-learning,ai_ml,Data Engineer (Databricks / Azure Data Factory)-Insurance,PT Intikom Berlian Mustika - Talent Acquisition,Azure
JOB_1208,machine-learning,ai_ml,Market Data Engineer,Macquarie Group,Python
JOB_1208,machine-learning,ai_ml,Market Data Engineer,Macquarie Group,TypeScript
JOB_1208,machine-learning,ai_ml,Market Data Engineer,Macquarie Group,Docker
JOB_1208,machine-learning,ai_ml,Market Data Engineer,Macquarie Group,AWS
JOB_1208,machine-learning,ai_ml,Market Data Engineer,Macquarie Group,GCP
JOB_1208,machine-learning,ai_ml,Market Data Engineer,Macquarie Group,Linux
JOB_1210,machine-learning,ai_ml,Data Scientist,PT Cycent Inovasi Kaizen,Python
JOB_1210,machine-learning,ai_ml,Data Scientist,PT Cycent Inovasi Kaizen,SQL
JOB_1210,machine-learning,ai_ml,Data Scientist,PT Cycent Inovasi Kaizen,R
JOB_1210,machine-learning,ai_ml,Data Scientist,PT Cycent Inovasi Kaizen,Power BI
JOB_1210,machine-learning,ai_ml,Data Scientist,PT Cycent Inovasi Kaizen,Machine Learning
JOB_1210,machine-learning,ai_ml,Data Scientist,PT Cycent Inovasi Kaizen,Data Modeling
JOB_1210,machine-learning,ai_ml,Data Scientist,PT Cycent Inovasi Kaizen,Problem Solving
JOB_1211,machine-learning,ai_ml,Jr. Data Scientist,IlmuOne Data,Python
JOB_1211,machine-learning,ai_ml,Jr. Data Scientist,IlmuOne Data,SQL
JOB_1211,machine-learning,ai_ml,Jr. Data Scientist,IlmuOne Data,Machine Learning
JOB_1211,machine-learning,ai_ml,Jr. Data Scientist,IlmuOne Data,TypeScript
JOB_1211,machine-learning,ai_ml,Jr. Data Scientist,IlmuOne Data,GCP
JOB_1212,machine-learning,ai_ml,IT Data Engineer,UCoal Sumberdaya,Python
JOB_1212,machine-learning,ai_ml,IT Data Engineer,UCoal Sumberdaya,SQL
JOB_1212,machine-learning,ai_ml,IT Data Engineer,UCoal Sumberdaya,PostgreSQL
JOB_1212,machine-learning,ai_ml,IT Data Engineer,UCoal Sumberdaya,MySQL
JOB_1212,machine-learning,ai_ml,IT Data Engineer,UCoal Sumberdaya,MongoDB
JOB_1212,machine-learning,ai_ml,IT Data Engineer,UCoal Sumberdaya,ETL
JOB_1212,machine-learning,ai_ml,IT Data Engineer,UCoal Sumberdaya,TypeScript
JOB_1212,machine-learning,ai_ml,IT Data Engineer,UCoal Sumberdaya,Golang
JOB_1212,machine-learning,ai_ml,IT Data Engineer,UCoal Sumberdaya,Java
JOB_1213,machine-learning,ai_ml,AI/ML Engineer,"PT Allo Bank Indonesia, Tbk",Python
JOB_1213,machine-learning,ai_ml,AI/ML Engineer,"PT Allo Bank Indonesia, Tbk",Machine Learning
JOB_1213,machine-learning,ai_ml,AI/ML Engineer,"PT Allo Bank Indonesia, Tbk",Deep Learning
JOB_1213,machine-learning,ai_ml,AI/ML Engineer,"PT Allo Bank Indonesia, Tbk",TensorFlow
JOB_1213,machine-learning,ai_ml,AI/ML Engineer,"PT Allo Bank Indonesia, Tbk",PyTorch
JOB_1213,machine-learning,ai_ml,AI/ML Engineer,"PT Allo Bank Indonesia, Tbk",Scikit-Learn
JOB_1213,machine-learning,ai_ml,AI/ML Engineer,"PT Allo Bank Indonesia, Tbk",TypeScript
JOB_1213,machine-learning,ai_ml,AI/ML Engineer,"PT Allo Bank Indonesia, Tbk",Docker
JOB_1213,machine-learning,ai_ml,AI/ML Engineer,"PT Allo Bank Indonesia, Tbk",Git
JOB_1215,machine-learning,ai_ml,Data Engineer,PT Deptech Digital Indonesia,Python
JOB_1215,machine-learning,ai_ml,Data Engineer,PT Deptech Digital Indonesia,SQL
JOB_1215,machine-learning,ai_ml,Data Engineer,PT Deptech Digital Indonesia,PostgreSQL
JOB_1215,machine-learning,ai_ml,Data Engineer,PT Deptech Digital Indonesia,MySQL
JOB_1215,machine-learning,ai_ml,Data Engineer,PT Deptech Digital Indonesia,ETL
JOB_1215,machine-learning,ai_ml,Data Engineer,PT Deptech Digital Indonesia,TypeScript
JOB_1215,machine-learning,ai_ml,Data Engineer,PT Deptech Digital Indonesia,AWS
JOB_1215,machine-learning,ai_ml,Data Engineer,PT Deptech Digital Indonesia,CI/CD
JOB_1215,machine-learning,ai_ml,Data Engineer,PT Deptech Digital Indonesia,Linux
JOB_1215,machine-learning,ai_ml,Data Engineer,PT Deptech Digital Indonesia,Problem Solving
JOB_1216,machine-learning,ai_ml,AI & Data Optimization,PT Main Games Indonesia (Jakarta),Python
JOB_1216,machine-learning,ai_ml,AI & Data Optimization,PT Main Games Indonesia (Jakarta),Excel
JOB_1216,machine-learning,ai_ml,AI & Data Optimization,PT Main Games Indonesia (Jakarta),Machine Learning
JOB_1216,machine-learning,ai_ml,AI & Data Optimization,PT Main Games Indonesia (Jakarta),TypeScript
JOB_1218,machine-learning,ai_ml,AI ENGINEER,PT. Platinum Ceramics Industry,Python
JOB_1218,machine-learning,ai_ml,AI ENGINEER,PT. Platinum Ceramics Industry,SQL
JOB_1218,machine-learning,ai_ml,AI ENGINEER,PT. Platinum Ceramics Industry,Machine Learning
JOB_1218,machine-learning,ai_ml,AI ENGINEER,PT. Platinum Ceramics Industry,TensorFlow
JOB_1218,machine-learning,ai_ml,AI ENGINEER,PT. Platinum Ceramics Industry,PyTorch
JOB_1218,machine-learning,ai_ml,AI ENGINEER,PT. Platinum Ceramics Industry,AWS
JOB_1218,machine-learning,ai_ml,AI ENGINEER,PT. Platinum Ceramics Industry,GCP
JOB_1218,machine-learning,ai_ml,AI ENGINEER,PT. Platinum Ceramics Industry,Problem Solving
JOB_1219,machine-learning,ai_ml,Data Scientist - AI,Maekersuite,Machine Learning
JOB_1219,machine-learning,ai_ml,Data Scientist - AI,Maekersuite,UI/UX
JOB_1220,machine-learning,ai_ml,Research Assistant (AI/IT/Machine Learning),Yayasan Bina Nusantara,Excel
JOB_1220,machine-learning,ai_ml,Research Assistant (AI/IT/Machine Learning),Yayasan Bina Nusantara,Machine Learning
JOB_1220,machine-learning,ai_ml,Research Assistant (AI/IT/Machine Learning),Yayasan Bina Nusantara,TypeScript
JOB_1221,machine-learning,ai_ml,AI Officer,Omni Wellnes club,Machine Learning
JOB_1221,machine-learning,ai_ml,AI Officer,Omni Wellnes club,TypeScript
JOB_1222,machine-learning,ai_ml,Data Science & AI/ML,detikcom,Python
JOB_1222,machine-learning,ai_ml,Data Science & AI/ML,detikcom,SQL
JOB_1222,machine-learning,ai_ml,Data Science & AI/ML,detikcom,Machine Learning
JOB_1222,machine-learning,ai_ml,Data Science & AI/ML,detikcom,TensorFlow
JOB_1222,machine-learning,ai_ml,Data Science & AI/ML,detikcom,PyTorch
JOB_1222,machine-learning,ai_ml,Data Science & AI/ML,detikcom,Scikit-Learn
JOB_1222,machine-learning,ai_ml,Data Science & AI/ML,detikcom,BigQuery
JOB_1222,machine-learning,ai_ml,Data Science & AI/ML,detikcom,TypeScript
JOB_1222,machine-learning,ai_ml,Data Science & AI/ML,detikcom,GCP
JOB_1223,machine-learning,ai_ml,AI R&D Department Head,Advance Innovations - AdIns,Machine Learning
JOB_1223,machine-learning,ai_ml,AI R&D Department Head,Advance Innovations - AdIns,TypeScript
JOB_1224,machine-learning,ai_ml,IT Data Scientist,PT Platinumetrix Global Inovasi,Python
JOB_1224,machine-learning,ai_ml,IT Data Scientist,PT Platinumetrix Global Inovasi,SQL
JOB_1224,machine-learning,ai_ml,IT Data Scientist,PT Platinumetrix Global Inovasi,R
JOB_1224,machine-learning,ai_ml,IT Data Scientist,PT Platinumetrix Global Inovasi,Tableau
JOB_1224,machine-learning,ai_ml,IT Data Scientist,PT Platinumetrix Global Inovasi,Power BI
JOB_1224,machine-learning,ai_ml,IT Data Scientist,PT Platinumetrix Global Inovasi,Excel
JOB_1224,machine-learning,ai_ml,IT Data Scientist,PT Platinumetrix Global Inovasi,Machine Learning
JOB_1224,machine-learning,ai_ml,IT Data Scientist,PT Platinumetrix Global Inovasi,TensorFlow
JOB_1224,machine-learning,ai_ml,IT Data Scientist,PT Platinumetrix Global Inovasi,Scikit-Learn
JOB_1224,machine-learning,ai_ml,IT Data Scientist,PT Platinumetrix Global Inovasi,TypeScript
JOB_1224,machine-learning,ai_ml,IT Data Scientist,PT Platinumetrix Global Inovasi,Problem Solving
JOB_1225,machine-learning,ai_ml,"Python, SQL, and AI/ML Developer",Mataram Consultancy,Python
JOB_1225,machine-learning,ai_ml,"Python, SQL, and AI/ML Developer",Mataram Consultancy,SQL
JOB_1225,machine-learning,ai_ml,"Python, SQL, and AI/ML Developer",Mataram Consultancy,PostgreSQL
JOB_1225,machine-learning,ai_ml,"Python, SQL, and AI/ML Developer",Mataram Consultancy,MySQL
JOB_1225,machine-learning,ai_ml,"Python, SQL, and AI/ML Developer",Mataram Consultancy,MongoDB
JOB_1225,machine-learning,ai_ml,"Python, SQL, and AI/ML Developer",Mataram Consultancy,Excel
JOB_1225,machine-learning,ai_ml,"Python, SQL, and AI/ML Developer",Mataram Consultancy,Machine Learning
JOB_1225,machine-learning,ai_ml,"Python, SQL, and AI/ML Developer",Mataram Consultancy,TensorFlow
JOB_1225,machine-learning,ai_ml,"Python, SQL, and AI/ML Developer",Mataram Consultancy,PyTorch
JOB_1225,machine-learning,ai_ml,"Python, SQL, and AI/ML Developer",Mataram Consultancy,Scikit-Learn
JOB_1225,machine-learning,ai_ml,"Python, SQL, and AI/ML Developer",Mataram Consultancy,Hadoop
JOB_1225,machine-learning,ai_ml,"Python, SQL, and AI/ML Developer",Mataram Consultancy,Spark
JOB_1225,machine-learning,ai_ml,"Python, SQL, and AI/ML Developer",Mataram Consultancy,ETL
JOB_1225,machine-learning,ai_ml,"Python, SQL, and AI/ML Developer",Mataram Consultancy,TypeScript
JOB_1225,machine-learning,ai_ml,"Python, SQL, and AI/ML Developer",Mataram Consultancy,Golang
JOB_1225,machine-learning,ai_ml,"Python, SQL, and AI/ML Developer",Mataram Consultancy,Django
JOB_1225,machine-learning,ai_ml,"Python, SQL, and AI/ML Developer",Mataram Consultancy,FastAPI
JOB_1225,machine-learning,ai_ml,"Python, SQL, and AI/ML Developer",Mataram Consultancy,REST API
JOB_1225,machine-learning,ai_ml,"Python, SQL, and AI/ML Developer",Mataram Consultancy,Docker
JOB_1225,machine-learning,ai_ml,"Python, SQL, and AI/ML Developer",Mataram Consultancy,AWS
JOB_1225,machine-learning,ai_ml,"Python, SQL, and AI/ML Developer",Mataram Consultancy,GCP
JOB_1225,machine-learning,ai_ml,"Python, SQL, and AI/ML Developer",Mataram Consultancy,Azure
JOB_1225,machine-learning,ai_ml,"Python, SQL, and AI/ML Developer",Mataram Consultancy,Git
JOB_1226,machine-learning,ai_ml,Data Scientist - Risk Platform,PT Dwi Cermat Indonesia,Python
JOB_1226,machine-learning,ai_ml,Data Scientist - Risk Platform,PT Dwi Cermat Indonesia,SQL
JOB_1226,machine-learning,ai_ml,Data Scientist - Risk Platform,PT Dwi Cermat Indonesia,R
JOB_1226,machine-learning,ai_ml,Data Scientist - Risk Platform,PT Dwi Cermat Indonesia,Excel
JOB_1226,machine-learning,ai_ml,Data Scientist - Risk Platform,PT Dwi Cermat Indonesia,Machine Learning
JOB_1226,machine-learning,ai_ml,Data Scientist - Risk Platform,PT Dwi Cermat Indonesia,TypeScript
JOB_1227,machine-learning,ai_ml,Lead Data Scientist,Populix,Python
JOB_1227,machine-learning,ai_ml,Lead Data Scientist,Populix,Machine Learning
JOB_1227,machine-learning,ai_ml,Lead Data Scientist,Populix,PyTorch
JOB_1227,machine-learning,ai_ml,Lead Data Scientist,Populix,Scikit-Learn
JOB_1227,machine-learning,ai_ml,Lead Data Scientist,Populix,BigQuery
JOB_1227,machine-learning,ai_ml,Lead Data Scientist,Populix,Data Modeling
JOB_1227,machine-learning,ai_ml,Lead Data Scientist,Populix,TypeScript
JOB_1228,machine-learning,ai_ml,IT Internship – Artificial Intelligence,PT. Platinum Ceramics Industry,Python
JOB_1228,machine-learning,ai_ml,IT Internship – Artificial Intelligence,PT. Platinum Ceramics Industry,SQL
JOB_1228,machine-learning,ai_ml,IT Internship – Artificial Intelligence,PT. Platinum Ceramics Industry,Machine Learning
JOB_1230,machine-learning,ai_ml,Staff Data Engineer (Managerial Level),Populix,Python
JOB_1230,machine-learning,ai_ml,Staff Data Engineer (Managerial Level),Populix,SQL
JOB_1230,machine-learning,ai_ml,Staff Data Engineer (Managerial Level),Populix,Machine Learning
JOB_1230,machine-learning,ai_ml,Staff Data Engineer (Managerial Level),Populix,BigQuery
JOB_1230,machine-learning,ai_ml,Staff Data Engineer (Managerial Level),Populix,Spark
JOB_1230,machine-learning,ai_ml,Staff Data Engineer (Managerial Level),Populix,ETL
JOB_1230,machine-learning,ai_ml,Staff Data Engineer (Managerial Level),Populix,TypeScript
JOB_1230,machine-learning,ai_ml,Staff Data Engineer (Managerial Level),Populix,FastAPI
JOB_1230,machine-learning,ai_ml,Staff Data Engineer (Managerial Level),Populix,REST API
JOB_1230,machine-learning,ai_ml,Staff Data Engineer (Managerial Level),Populix,GCP
JOB_1231,machine-learning,ai_ml,Business Analyst,PT Sutra Management Consultancies,Python
JOB_1231,machine-learning,ai_ml,Business Analyst,PT Sutra Management Consultancies,SQL
JOB_1231,machine-learning,ai_ml,Business Analyst,PT Sutra Management Consultancies,R
JOB_1231,machine-learning,ai_ml,Business Analyst,PT Sutra Management Consultancies,Machine Learning
JOB_1231,machine-learning,ai_ml,Business Analyst,PT Sutra Management Consultancies,ETL
JOB_1231,machine-learning,ai_ml,Business Analyst,PT Sutra Management Consultancies,Problem Solving
JOB_1233,machine-learning,ai_ml,AI Engineer,PT Harmoni Dinamik Indonesia,Python
JOB_1233,machine-learning,ai_ml,AI Engineer,PT Harmoni Dinamik Indonesia,SQL
JOB_1233,machine-learning,ai_ml,AI Engineer,PT Harmoni Dinamik Indonesia,Excel
JOB_1233,machine-learning,ai_ml,AI Engineer,PT Harmoni Dinamik Indonesia,Machine Learning
JOB_1233,machine-learning,ai_ml,AI Engineer,PT Harmoni Dinamik Indonesia,TypeScript
JOB_1233,machine-learning,ai_ml,AI Engineer,PT Harmoni Dinamik Indonesia,GCP
JOB_1234,machine-learning,ai_ml,Data Scientist,Enterprise Digital Technology Services - EDTS,Python
JOB_1234,machine-learning,ai_ml,Data Scientist,Enterprise Digital Technology Services - EDTS,SQL
JOB_1234,machine-learning,ai_ml,Data Scientist,Enterprise Digital Technology Services - EDTS,Tableau
JOB_1234,machine-learning,ai_ml,Data Scientist,Enterprise Digital Technology Services - EDTS,Power BI
JOB_1234,machine-learning,ai_ml,Data Scientist,Enterprise Digital Technology Services - EDTS,Machine Learning
JOB_1234,machine-learning,ai_ml,Data Scientist,Enterprise Digital Technology Services - EDTS,TensorFlow
JOB_1234,machine-learning,ai_ml,Data Scientist,Enterprise Digital Technology Services - EDTS,PyTorch
JOB_1234,machine-learning,ai_ml,Data Scientist,Enterprise Digital Technology Services - EDTS,Scikit-Learn
JOB_1234,machine-learning,ai_ml,Data Scientist,Enterprise Digital Technology Services - EDTS,JavaScript
JOB_1234,machine-learning,ai_ml,Data Scientist,Enterprise Digital Technology Services - EDTS,TypeScript
JOB_1234,machine-learning,ai_ml,Data Scientist,Enterprise Digital Technology Services - EDTS,AWS
JOB_1234,machine-learning,ai_ml,Data Scientist,Enterprise Digital Technology Services - EDTS,GCP
JOB_1234,machine-learning,ai_ml,Data Scientist,Enterprise Digital Technology Services - EDTS,Azure
JOB_1235,machine-learning,ai_ml,Data Scientist,PT Mid Solusi Nusantara (MEKARI),Excel
JOB_1235,machine-learning,ai_ml,Data Scientist,PT Mid Solusi Nusantara (MEKARI),Machine Learning
JOB_1235,machine-learning,ai_ml,Data Scientist,PT Mid Solusi Nusantara (MEKARI),TypeScript
JOB_1235,machine-learning,ai_ml,Data Scientist,PT Mid Solusi Nusantara (MEKARI),Next.js
JOB_1235,machine-learning,ai_ml,Data Scientist,PT Mid Solusi Nusantara (MEKARI),AWS
JOB_1236,machine-learning,ai_ml,Python Developer,PT Bumi Amartha Teknologi Mandiri,Python
JOB_1236,machine-learning,ai_ml,Python Developer,PT Bumi Amartha Teknologi Mandiri,PostgreSQL
JOB_1236,machine-learning,ai_ml,Python Developer,PT Bumi Amartha Teknologi Mandiri,Linux
JOB_1237,machine-learning,ai_ml,Junior Data Engineer,PT Paragon Pratama Teknologi,Python
JOB_1237,machine-learning,ai_ml,Junior Data Engineer,PT Paragon Pratama Teknologi,SQL
JOB_1237,machine-learning,ai_ml,Junior Data Engineer,PT Paragon Pratama Teknologi,Tableau
JOB_1237,machine-learning,ai_ml,Junior Data Engineer,PT Paragon Pratama Teknologi,BigQuery
JOB_1237,machine-learning,ai_ml,Junior Data Engineer,PT Paragon Pratama Teknologi,ETL
JOB_1237,machine-learning,ai_ml,Junior Data Engineer,PT Paragon Pratama Teknologi,TypeScript
JOB_1237,machine-learning,ai_ml,Junior Data Engineer,PT Paragon Pratama Teknologi,REST API
JOB_1237,machine-learning,ai_ml,Junior Data Engineer,PT Paragon Pratama Teknologi,Docker
JOB_1237,machine-learning,ai_ml,Junior Data Engineer,PT Paragon Pratama Teknologi,GCP
JOB_1237,machine-learning,ai_ml,Junior Data Engineer,PT Paragon Pratama Teknologi,CI/CD
JOB_1237,machine-learning,ai_ml,Junior Data Engineer,PT Paragon Pratama Teknologi,Linux
JOB_1238,machine-learning,ai_ml,AI & Databricks Engineer – Databricks Experience Required,PT Simplify Consulting Indonesia,Python
JOB_1238,machine-learning,ai_ml,AI & Databricks Engineer – Databricks Experience Required,PT Simplify Consulting Indonesia,SQL
JOB_1238,machine-learning,ai_ml,AI & Databricks Engineer – Databricks Experience Required,PT Simplify Consulting Indonesia,Machine Learning
JOB_1238,machine-learning,ai_ml,AI & Databricks Engineer – Databricks Experience Required,PT Simplify Consulting Indonesia,Spark
JOB_1238,machine-learning,ai_ml,AI & Databricks Engineer – Databricks Experience Required,PT Simplify Consulting Indonesia,ETL
JOB_1238,machine-learning,ai_ml,AI & Databricks Engineer – Databricks Experience Required,PT Simplify Consulting Indonesia,TypeScript
JOB_1238,machine-learning,ai_ml,AI & Databricks Engineer – Databricks Experience Required,PT Simplify Consulting Indonesia,AWS
JOB_1238,machine-learning,ai_ml,AI & Databricks Engineer – Databricks Experience Required,PT Simplify Consulting Indonesia,GCP
JOB_1238,machine-learning,ai_ml,AI & Databricks Engineer – Databricks Experience Required,PT Simplify Consulting Indonesia,Azure
JOB_1239,machine-learning,ai_ml,JUNIOR AI ENGINEER,WIRATEK SOLUSI ASIA,Python
JOB_1239,machine-learning,ai_ml,JUNIOR AI ENGINEER,WIRATEK SOLUSI ASIA,Machine Learning
JOB_1239,machine-learning,ai_ml,JUNIOR AI ENGINEER,WIRATEK SOLUSI ASIA,Deep Learning
JOB_1239,machine-learning,ai_ml,JUNIOR AI ENGINEER,WIRATEK SOLUSI ASIA,TensorFlow
JOB_1239,machine-learning,ai_ml,JUNIOR AI ENGINEER,WIRATEK SOLUSI ASIA,PyTorch
JOB_1239,machine-learning,ai_ml,JUNIOR AI ENGINEER,WIRATEK SOLUSI ASIA,Scikit-Learn
JOB_1240,machine-learning,ai_ml,AI Engineering,PT Intinusa Teknik Sejahtera,Python
JOB_1240,machine-learning,ai_ml,AI Engineering,PT Intinusa Teknik Sejahtera,Machine Learning
JOB_1240,machine-learning,ai_ml,AI Engineering,PT Intinusa Teknik Sejahtera,TensorFlow
JOB_1240,machine-learning,ai_ml,AI Engineering,PT Intinusa Teknik Sejahtera,PyTorch
JOB_1240,machine-learning,ai_ml,AI Engineering,PT Intinusa Teknik Sejahtera,Scikit-Learn
JOB_1241,machine-learning,ai_ml,AI ENGINEER,Penyetan Cok Waru,Python
JOB_1241,machine-learning,ai_ml,AI ENGINEER,Penyetan Cok Waru,Machine Learning
JOB_1241,machine-learning,ai_ml,AI ENGINEER,Penyetan Cok Waru,TensorFlow
JOB_1241,machine-learning,ai_ml,AI ENGINEER,Penyetan Cok Waru,PyTorch
JOB_1241,machine-learning,ai_ml,AI ENGINEER,Penyetan Cok Waru,Scikit-Learn
JOB_1241,machine-learning,ai_ml,AI ENGINEER,Penyetan Cok Waru,AWS
JOB_1241,machine-learning,ai_ml,AI ENGINEER,Penyetan Cok Waru,GCP
JOB_1242,machine-learning,ai_ml,AI Engineer,PT.  Universal Eco Pasific,Python
JOB_1242,machine-learning,ai_ml,AI Engineer,PT.  Universal Eco Pasific,Excel
JOB_1242,machine-learning,ai_ml,AI Engineer,PT.  Universal Eco Pasific,Machine Learning
JOB_1242,machine-learning,ai_ml,AI Engineer,PT.  Universal Eco Pasific,Deep Learning
JOB_1242,machine-learning,ai_ml,AI Engineer,PT.  Universal Eco Pasific,TensorFlow
JOB_1242,machine-learning,ai_ml,AI Engineer,PT.  Universal Eco Pasific,PyTorch
JOB_1242,machine-learning,ai_ml,AI Engineer,PT.  Universal Eco Pasific,TypeScript
JOB_1242,machine-learning,ai_ml,AI Engineer,PT.  Universal Eco Pasific,AWS
JOB_1242,machine-learning,ai_ml,AI Engineer,PT.  Universal Eco Pasific,GCP
JOB_1242,machine-learning,ai_ml,AI Engineer,PT.  Universal Eco Pasific,Azure
JOB_1243,machine-learning,ai_ml,AI ML Data Operation Manager,Stedi Talent Solution,Machine Learning
JOB_1243,machine-learning,ai_ml,AI ML Data Operation Manager,Stedi Talent Solution,TypeScript
JOB_1243,machine-learning,ai_ml,AI ML Data Operation Manager,Stedi Talent Solution,Next.js
JOB_1244,machine-learning,ai_ml,Data Analyst,CV Global Inti Vede,Excel
JOB_1245,machine-learning,ai_ml,Chief Technology Officer & Chief AI Officer (CTO + CAIO position),Talent Search Recruitment Consultant,Excel
JOB_1245,machine-learning,ai_ml,Chief Technology Officer & Chief AI Officer (CTO + CAIO position),Talent Search Recruitment Consultant,Machine Learning
JOB_1245,machine-learning,ai_ml,Chief Technology Officer & Chief AI Officer (CTO + CAIO position),Talent Search Recruitment Consultant,Deep Learning
JOB_1245,machine-learning,ai_ml,Chief Technology Officer & Chief AI Officer (CTO + CAIO position),Talent Search Recruitment Consultant,TypeScript
JOB_1245,machine-learning,ai_ml,Chief Technology Officer & Chief AI Officer (CTO + CAIO position),Talent Search Recruitment Consultant,AWS
JOB_1245,machine-learning,ai_ml,Chief Technology Officer & Chief AI Officer (CTO + CAIO position),Talent Search Recruitment Consultant,GCP
JOB_1245,machine-learning,ai_ml,Chief Technology Officer & Chief AI Officer (CTO + CAIO position),Talent Search Recruitment Consultant,Azure
JOB_1245,machine-learning,ai_ml,Chief Technology Officer & Chief AI Officer (CTO + CAIO position),Talent Search Recruitment Consultant,Microservices
JOB_1245,machine-learning,ai_ml,Chief Technology Officer & Chief AI Officer (CTO + CAIO position),Talent Search Recruitment Consultant,Prototyping
JOB_1245,machine-learning,ai_ml,Chief Technology Officer & Chief AI Officer (CTO + CAIO position),Talent Search Recruitment Consultant,Cybersecurity
JOB_1245,machine-learning,ai_ml,Chief Technology Officer & Chief AI Officer (CTO + CAIO position),Talent Search Recruitment Consultant,Agile/Scrum
JOB_1247,machine-learning,ai_ml,DATA ANALIS,PT. Cosmo Technology Indonesia,SQL
JOB_1247,machine-learning,ai_ml,DATA ANALIS,PT. Cosmo Technology Indonesia,Tableau
JOB_1247,machine-learning,ai_ml,DATA ANALIS,PT. Cosmo Technology Indonesia,Power BI
JOB_1247,machine-learning,ai_ml,DATA ANALIS,PT. Cosmo Technology Indonesia,Excel
JOB_1248,machine-learning,ai_ml,Odoo Developer (Python Programmer),PT Lincah Cipta Harapan,Python
JOB_1248,machine-learning,ai_ml,Odoo Developer (Python Programmer),PT Lincah Cipta Harapan,SQL
JOB_1248,machine-learning,ai_ml,Odoo Developer (Python Programmer),PT Lincah Cipta Harapan,Excel
JOB_1248,machine-learning,ai_ml,Odoo Developer (Python Programmer),PT Lincah Cipta Harapan,Machine Learning
JOB_1248,machine-learning,ai_ml,Odoo Developer (Python Programmer),PT Lincah Cipta Harapan,TypeScript
JOB_1248,machine-learning,ai_ml,Odoo Developer (Python Programmer),PT Lincah Cipta Harapan,REST API
JOB_1248,machine-learning,ai_ml,Odoo Developer (Python Programmer),PT Lincah Cipta Harapan,Git
JOB_1249,machine-learning,ai_ml,JUNIOR DATA ANALYST,WIRATEK SOLUSI ASIA,Python
JOB_1249,machine-learning,ai_ml,JUNIOR DATA ANALYST,WIRATEK SOLUSI ASIA,SQL
JOB_1249,machine-learning,ai_ml,JUNIOR DATA ANALYST,WIRATEK SOLUSI ASIA,R
JOB_1249,machine-learning,ai_ml,JUNIOR DATA ANALYST,WIRATEK SOLUSI ASIA,Tableau
JOB_1249,machine-learning,ai_ml,JUNIOR DATA ANALYST,WIRATEK SOLUSI ASIA,Power BI
JOB_1249,machine-learning,ai_ml,JUNIOR DATA ANALYST,WIRATEK SOLUSI ASIA,Excel
JOB_1250,machine-learning,ai_ml,Data Engineer,PT Sari Baut Net,Python
JOB_1250,machine-learning,ai_ml,Data Engineer,PT Sari Baut Net,SQL
JOB_1250,machine-learning,ai_ml,Data Engineer,PT Sari Baut Net,Excel
JOB_1250,machine-learning,ai_ml,Data Engineer,PT Sari Baut Net,Spark
JOB_1250,machine-learning,ai_ml,Data Engineer,PT Sari Baut Net,TypeScript
JOB_1250,machine-learning,ai_ml,Data Engineer,PT Sari Baut Net,AWS
JOB_1250,machine-learning,ai_ml,Data Engineer,PT Sari Baut Net,GCP
JOB_1250,machine-learning,ai_ml,Data Engineer,PT Sari Baut Net,Azure
JOB_1251,machine-learning,ai_ml,Data Engineer (Fintech Industry),Pengiklan Anonim,Python
JOB_1251,machine-learning,ai_ml,Data Engineer (Fintech Industry),Pengiklan Anonim,SQL
JOB_1251,machine-learning,ai_ml,Data Engineer (Fintech Industry),Pengiklan Anonim,BigQuery
JOB_1251,machine-learning,ai_ml,Data Engineer (Fintech Industry),Pengiklan Anonim,Snowflake
JOB_1251,machine-learning,ai_ml,Data Engineer (Fintech Industry),Pengiklan Anonim,Data Modeling
JOB_1251,machine-learning,ai_ml,Data Engineer (Fintech Industry),Pengiklan Anonim,ETL
JOB_1251,machine-learning,ai_ml,Data Engineer (Fintech Industry),Pengiklan Anonim,TypeScript
JOB_1251,machine-learning,ai_ml,Data Engineer (Fintech Industry),Pengiklan Anonim,AWS
JOB_1251,machine-learning,ai_ml,Data Engineer (Fintech Industry),Pengiklan Anonim,GCP
JOB_1251,machine-learning,ai_ml,Data Engineer (Fintech Industry),Pengiklan Anonim,Azure
JOB_1252,machine-learning,ai_ml,Intern Data Engineer,kumparan,Python
JOB_1252,machine-learning,ai_ml,Intern Data Engineer,kumparan,Machine Learning
JOB_1252,machine-learning,ai_ml,Intern Data Engineer,kumparan,TensorFlow
JOB_1252,machine-learning,ai_ml,Intern Data Engineer,kumparan,TypeScript
JOB_1252,machine-learning,ai_ml,Intern Data Engineer,kumparan,Docker
JOB_1252,machine-learning,ai_ml,Intern Data Engineer,kumparan,AWS
JOB_1253,machine-learning,ai_ml,Data Engineer,PT Simian Technologies,Python
JOB_1253,machine-learning,ai_ml,Data Engineer,PT Simian Technologies,SQL
JOB_1253,machine-learning,ai_ml,Data Engineer,PT Simian Technologies,PostgreSQL
JOB_1253,machine-learning,ai_ml,Data Engineer,PT Simian Technologies,MySQL
JOB_1253,machine-learning,ai_ml,Data Engineer,PT Simian Technologies,MongoDB
JOB_1253,machine-learning,ai_ml,Data Engineer,PT Simian Technologies,Tableau
JOB_1253,machine-learning,ai_ml,Data Engineer,PT Simian Technologies,Power BI
JOB_1253,machine-learning,ai_ml,Data Engineer,PT Simian Technologies,BigQuery
JOB_1253,machine-learning,ai_ml,Data Engineer,PT Simian Technologies,Spark
JOB_1253,machine-learning,ai_ml,Data Engineer,PT Simian Technologies,ETL
JOB_1254,machine-learning,ai_ml,IT Data Analyst,Pengiklan Anonim,Excel
JOB_1255,machine-learning,ai_ml,Senior Data Scientist,Vida,Python
JOB_1255,machine-learning,ai_ml,Senior Data Scientist,Vida,Machine Learning
JOB_1255,machine-learning,ai_ml,Senior Data Scientist,Vida,Deep Learning
JOB_1255,machine-learning,ai_ml,Senior Data Scientist,Vida,TensorFlow
JOB_1255,machine-learning,ai_ml,Senior Data Scientist,Vida,PyTorch
JOB_1255,machine-learning,ai_ml,Senior Data Scientist,Vida,TypeScript
JOB_1255,machine-learning,ai_ml,Senior Data Scientist,Vida,REST API
JOB_1255,machine-learning,ai_ml,Senior Data Scientist,Vida,AWS
JOB_1255,machine-learning,ai_ml,Senior Data Scientist,Vida,GCP
JOB_1255,machine-learning,ai_ml,Senior Data Scientist,Vida,Azure
JOB_1255,machine-learning,ai_ml,Senior Data Scientist,Vida,CI/CD
JOB_1256,machine-learning,ai_ml,AI Engineer,PT. Lantabura Media,Python
JOB_1256,machine-learning,ai_ml,AI Engineer,PT. Lantabura Media,SQL
JOB_1256,machine-learning,ai_ml,AI Engineer,PT. Lantabura Media,JavaScript
JOB_1256,machine-learning,ai_ml,AI Engineer,PT. Lantabura Media,TypeScript
JOB_1256,machine-learning,ai_ml,AI Engineer,PT. Lantabura Media,React.js
JOB_1256,machine-learning,ai_ml,AI Engineer,PT. Lantabura Media,Next.js
JOB_1256,machine-learning,ai_ml,AI Engineer,PT. Lantabura Media,Vue.js
JOB_1256,machine-learning,ai_ml,AI Engineer,PT. Lantabura Media,Svelte
JOB_1256,machine-learning,ai_ml,AI Engineer,PT. Lantabura Media,PHP
JOB_1256,machine-learning,ai_ml,AI Engineer,PT. Lantabura Media,Golang
JOB_1256,machine-learning,ai_ml,AI Engineer,PT. Lantabura Media,FastAPI
JOB_1256,machine-learning,ai_ml,AI Engineer,PT. Lantabura Media,REST API
JOB_1256,machine-learning,ai_ml,AI Engineer,PT. Lantabura Media,Docker
JOB_1256,machine-learning,ai_ml,AI Engineer,PT. Lantabura Media,Git
JOB_1256,machine-learning,ai_ml,AI Engineer,PT. Lantabura Media,Linux
JOB_1256,machine-learning,ai_ml,AI Engineer,PT. Lantabura Media,Microservices
JOB_1257,machine-learning,ai_ml,Data Analytics Manager,"Asiacruit BPO, Inc",Machine Learning
JOB_1257,machine-learning,ai_ml,Data Analytics Manager,"Asiacruit BPO, Inc",TypeScript
JOB_1258,machine-learning,ai_ml,Data Scientist Specialist,Super Bank Indonesia,Python
JOB_1258,machine-learning,ai_ml,Data Scientist Specialist,Super Bank Indonesia,SQL
JOB_1258,machine-learning,ai_ml,Data Scientist Specialist,Super Bank Indonesia,Machine Learning
JOB_1258,machine-learning,ai_ml,Data Scientist Specialist,Super Bank Indonesia,Deep Learning
JOB_1258,machine-learning,ai_ml,Data Scientist Specialist,Super Bank Indonesia,TensorFlow
JOB_1258,machine-learning,ai_ml,Data Scientist Specialist,Super Bank Indonesia,PyTorch
JOB_1258,machine-learning,ai_ml,Data Scientist Specialist,Super Bank Indonesia,Scikit-Learn
JOB_1258,machine-learning,ai_ml,Data Scientist Specialist,Super Bank Indonesia,TypeScript
JOB_1259,machine-learning,ai_ml,AI R&D Senior Engineer (Team Leader),Advance Innovations - AdIns,Python
JOB_1259,machine-learning,ai_ml,AI R&D Senior Engineer (Team Leader),Advance Innovations - AdIns,SQL
JOB_1259,machine-learning,ai_ml,AI R&D Senior Engineer (Team Leader),Advance Innovations - AdIns,Excel
JOB_1259,machine-learning,ai_ml,AI R&D Senior Engineer (Team Leader),Advance Innovations - AdIns,Machine Learning
JOB_1259,machine-learning,ai_ml,AI R&D Senior Engineer (Team Leader),Advance Innovations - AdIns,TypeScript
JOB_1259,machine-learning,ai_ml,AI R&D Senior Engineer (Team Leader),Advance Innovations - AdIns,AWS
JOB_1259,machine-learning,ai_ml,AI R&D Senior Engineer (Team Leader),Advance Innovations - AdIns,GCP
JOB_1259,machine-learning,ai_ml,AI R&D Senior Engineer (Team Leader),Advance Innovations - AdIns,Azure
JOB_1260,machine-learning,ai_ml,Data Engineer (Contract Based),mGanik Group Career Site,Python
JOB_1260,machine-learning,ai_ml,Data Engineer (Contract Based),mGanik Group Career Site,SQL
JOB_1260,machine-learning,ai_ml,Data Engineer (Contract Based),mGanik Group Career Site,Snowflake
JOB_1260,machine-learning,ai_ml,Data Engineer (Contract Based),mGanik Group Career Site,ETL
JOB_1260,machine-learning,ai_ml,Data Engineer (Contract Based),mGanik Group Career Site,TypeScript
JOB_1260,machine-learning,ai_ml,Data Engineer (Contract Based),mGanik Group Career Site,Java
JOB_1260,machine-learning,ai_ml,Data Engineer (Contract Based),mGanik Group Career Site,AWS
JOB_1260,machine-learning,ai_ml,Data Engineer (Contract Based),mGanik Group Career Site,GCP
JOB_1260,machine-learning,ai_ml,Data Engineer (Contract Based),mGanik Group Career Site,Azure
JOB_1261,machine-learning,ai_ml,Data Engineer Supervisor,FKS Group,SQL
JOB_1261,machine-learning,ai_ml,Data Engineer Supervisor,FKS Group,PostgreSQL
JOB_1261,machine-learning,ai_ml,Data Engineer Supervisor,FKS Group,Snowflake
JOB_1261,machine-learning,ai_ml,Data Engineer Supervisor,FKS Group,Data Modeling
JOB_1261,machine-learning,ai_ml,Data Engineer Supervisor,FKS Group,ETL
JOB_1261,machine-learning,ai_ml,Data Engineer Supervisor,FKS Group,TypeScript
JOB_1262,machine-learning,ai_ml,Data Engineer,Karya Bahana Group,PostgreSQL
JOB_1262,machine-learning,ai_ml,Data Engineer,Karya Bahana Group,TypeScript
JOB_1263,machine-learning,ai_ml,DATA ANALIS,PT. Prima Multi Usaha Indonesia,Excel
JOB_1264,machine-learning,ai_ml,Data Engineer,PT Indocyber Global Teknologi,SQL
JOB_1264,machine-learning,ai_ml,Data Engineer,PT Indocyber Global Teknologi,Snowflake
JOB_1264,machine-learning,ai_ml,Data Engineer,PT Indocyber Global Teknologi,Data Modeling
JOB_1264,machine-learning,ai_ml,Data Engineer,PT Indocyber Global Teknologi,ETL
JOB_1264,machine-learning,ai_ml,Data Engineer,PT Indocyber Global Teknologi,TypeScript
JOB_1265,machine-learning,ai_ml,Senior Data Scientist (Analytics) - GFin,Data Analytics,SQL
JOB_1265,machine-learning,ai_ml,Senior Data Scientist (Analytics) - GFin,Data Analytics,Excel
JOB_1265,machine-learning,ai_ml,Senior Data Scientist (Analytics) - GFin,Data Analytics,TypeScript
JOB_1265,machine-learning,ai_ml,Senior Data Scientist (Analytics) - GFin,Data Analytics,REST API
JOB_1265,machine-learning,ai_ml,Senior Data Scientist (Analytics) - GFin,Data Analytics,UI/UX
JOB_1266,machine-learning,ai_ml,System Automation & Assurance,PT Sea Group,Machine Learning
JOB_1266,machine-learning,ai_ml,System Automation & Assurance,PT Sea Group,TypeScript
JOB_1267,machine-learning,ai_ml,Senior Data Engineer,Pengiklan Anonim,Python
JOB_1267,machine-learning,ai_ml,Senior Data Engineer,Pengiklan Anonim,SQL
JOB_1267,machine-learning,ai_ml,Senior Data Engineer,Pengiklan Anonim,MongoDB
JOB_1267,machine-learning,ai_ml,Senior Data Engineer,Pengiklan Anonim,BigQuery
JOB_1267,machine-learning,ai_ml,Senior Data Engineer,Pengiklan Anonim,Hadoop
JOB_1267,machine-learning,ai_ml,Senior Data Engineer,Pengiklan Anonim,Spark
JOB_1267,machine-learning,ai_ml,Senior Data Engineer,Pengiklan Anonim,ETL
JOB_1267,machine-learning,ai_ml,Senior Data Engineer,Pengiklan Anonim,TypeScript
JOB_1267,machine-learning,ai_ml,Senior Data Engineer,Pengiklan Anonim,Java
JOB_1267,machine-learning,ai_ml,Senior Data Engineer,Pengiklan Anonim,AWS
JOB_1267,machine-learning,ai_ml,Senior Data Engineer,Pengiklan Anonim,GCP
JOB_1268,machine-learning,ai_ml,Artificial Intelligence Engineer - AI Platform,PT Fliptech Lentera Inspirasi Pertiwi,Python
JOB_1268,machine-learning,ai_ml,Artificial Intelligence Engineer - AI Platform,PT Fliptech Lentera Inspirasi Pertiwi,Excel
JOB_1268,machine-learning,ai_ml,Artificial Intelligence Engineer - AI Platform,PT Fliptech Lentera Inspirasi Pertiwi,TypeScript
JOB_1268,machine-learning,ai_ml,Artificial Intelligence Engineer - AI Platform,PT Fliptech Lentera Inspirasi Pertiwi,Golang
JOB_1268,machine-learning,ai_ml,Artificial Intelligence Engineer - AI Platform,PT Fliptech Lentera Inspirasi Pertiwi,REST API
JOB_1268,machine-learning,ai_ml,Artificial Intelligence Engineer - AI Platform,PT Fliptech Lentera Inspirasi Pertiwi,UI/UX
JOB_1268,machine-learning,ai_ml,Artificial Intelligence Engineer - AI Platform,PT Fliptech Lentera Inspirasi Pertiwi,Prototyping
JOB_1269,machine-learning,ai_ml,Data Engineer - Amazon Redshift,Macquarie Group,TypeScript
JOB_1270,machine-learning,ai_ml,Research Intern - AI for Science,PT Sea Group,Python
JOB_1270,machine-learning,ai_ml,Research Intern - AI for Science,PT Sea Group,Machine Learning
JOB_1270,machine-learning,ai_ml,Research Intern - AI for Science,PT Sea Group,Deep Learning
JOB_1270,machine-learning,ai_ml,Research Intern - AI for Science,PT Sea Group,PyTorch
JOB_1270,machine-learning,ai_ml,Research Intern - AI for Science,PT Sea Group,TypeScript
JOB_1271,machine-learning,ai_ml,Data Engineer Yogyakarta,PT Akhdani Reka Solusi,Python
JOB_1271,machine-learning,ai_ml,Data Engineer Yogyakarta,PT Akhdani Reka Solusi,SQL
JOB_1271,machine-learning,ai_ml,Data Engineer Yogyakarta,PT Akhdani Reka Solusi,R
JOB_1271,machine-learning,ai_ml,Data Engineer Yogyakarta,PT Akhdani Reka Solusi,Hadoop
JOB_1271,machine-learning,ai_ml,Data Engineer Yogyakarta,PT Akhdani Reka Solusi,Spark
JOB_1271,machine-learning,ai_ml,Data Engineer Yogyakarta,PT Akhdani Reka Solusi,ETL
JOB_1271,machine-learning,ai_ml,Data Engineer Yogyakarta,PT Akhdani Reka Solusi,TypeScript
JOB_1271,machine-learning,ai_ml,Data Engineer Yogyakarta,PT Akhdani Reka Solusi,AWS
JOB_1271,machine-learning,ai_ml,Data Engineer Yogyakarta,PT Akhdani Reka Solusi,Azure
JOB_1271,machine-learning,ai_ml,Data Engineer Yogyakarta,PT Akhdani Reka Solusi,Agile/Scrum
JOB_1273,machine-learning,ai_ml,Applied AI Engineer,Advance Innovations - AdIns,Python
JOB_1273,machine-learning,ai_ml,Applied AI Engineer,Advance Innovations - AdIns,JavaScript
JOB_1273,machine-learning,ai_ml,Applied AI Engineer,Advance Innovations - AdIns,TypeScript
JOB_1273,machine-learning,ai_ml,Applied AI Engineer,Advance Innovations - AdIns,Golang
JOB_1273,machine-learning,ai_ml,Applied AI Engineer,Advance Innovations - AdIns,Java
JOB_1273,machine-learning,ai_ml,Applied AI Engineer,Advance Innovations - AdIns,CI/CD
JOB_1273,machine-learning,ai_ml,Applied AI Engineer,Advance Innovations - AdIns,Git
JOB_1273,machine-learning,ai_ml,Applied AI Engineer,Advance Innovations - AdIns,Agile/Scrum
JOB_1275,machine-learning,ai_ml,Data Engineer,Sagara Technology Group,Python
JOB_1275,machine-learning,ai_ml,Data Engineer,Sagara Technology Group,SQL
JOB_1275,machine-learning,ai_ml,Data Engineer,Sagara Technology Group,PostgreSQL
JOB_1275,machine-learning,ai_ml,Data Engineer,Sagara Technology Group,MySQL
JOB_1275,machine-learning,ai_ml,Data Engineer,Sagara Technology Group,Spark
JOB_1275,machine-learning,ai_ml,Data Engineer,Sagara Technology Group,Data Modeling
JOB_1275,machine-learning,ai_ml,Data Engineer,Sagara Technology Group,ETL
JOB_1275,machine-learning,ai_ml,Data Engineer,Sagara Technology Group,TypeScript
JOB_1275,machine-learning,ai_ml,Data Engineer,Sagara Technology Group,AWS
JOB_1275,machine-learning,ai_ml,Data Engineer,Sagara Technology Group,GCP
JOB_1275,machine-learning,ai_ml,Data Engineer,Sagara Technology Group,Azure
JOB_1276,machine-learning,ai_ml,"Engineer, Data Analyst",PT Sea Group,Python
JOB_1276,machine-learning,ai_ml,"Engineer, Data Analyst",PT Sea Group,SQL
JOB_1276,machine-learning,ai_ml,"Engineer, Data Analyst",PT Sea Group,Hadoop
JOB_1276,machine-learning,ai_ml,"Engineer, Data Analyst",PT Sea Group,Spark
JOB_1276,machine-learning,ai_ml,"Engineer, Data Analyst",PT Sea Group,ETL
JOB_1276,machine-learning,ai_ml,"Engineer, Data Analyst",PT Sea Group,TypeScript
JOB_1276,machine-learning,ai_ml,"Engineer, Data Analyst",PT Sea Group,Prototyping
JOB_1277,machine-learning,ai_ml,Data Engineer,Vida,SQL
JOB_1277,machine-learning,ai_ml,Data Engineer,Vida,Spark
JOB_1277,machine-learning,ai_ml,Data Engineer,Vida,ETL
JOB_1277,machine-learning,ai_ml,Data Engineer,Vida,TypeScript
JOB_1277,machine-learning,ai_ml,Data Engineer,Vida,AWS
JOB_1277,machine-learning,ai_ml,Data Engineer,Vida,CI/CD
JOB_1278,machine-learning,ai_ml,AI Operator,PT LUXFELINE GLOBAL TECHNOLOGY,Python
JOB_1278,machine-learning,ai_ml,AI Operator,PT LUXFELINE GLOBAL TECHNOLOGY,JavaScript
JOB_1278,machine-learning,ai_ml,AI Operator,PT LUXFELINE GLOBAL TECHNOLOGY,TypeScript
JOB_1278,machine-learning,ai_ml,AI Operator,PT LUXFELINE GLOBAL TECHNOLOGY,REST API
JOB_1278,machine-learning,ai_ml,AI Operator,PT LUXFELINE GLOBAL TECHNOLOGY,Docker
JOB_1278,machine-learning,ai_ml,AI Operator,PT LUXFELINE GLOBAL TECHNOLOGY,Git
JOB_1279,machine-learning,ai_ml,IT Trainer,AION Group International,Python
JOB_1279,machine-learning,ai_ml,IT Trainer,AION Group International,SQL
JOB_1279,machine-learning,ai_ml,IT Trainer,AION Group International,R
JOB_1279,machine-learning,ai_ml,IT Trainer,AION Group International,Machine Learning
JOB_1279,machine-learning,ai_ml,IT Trainer,AION Group International,Deep Learning
JOB_1279,machine-learning,ai_ml,IT Trainer,AION Group International,TensorFlow
JOB_1279,machine-learning,ai_ml,IT Trainer,AION Group International,PyTorch
JOB_1279,machine-learning,ai_ml,IT Trainer,AION Group International,ETL
JOB_1279,machine-learning,ai_ml,IT Trainer,AION Group International,TypeScript
JOB_1279,machine-learning,ai_ml,IT Trainer,AION Group International,Azure
JOB_1279,machine-learning,ai_ml,IT Trainer,AION Group International,CI/CD
JOB_1279,machine-learning,ai_ml,IT Trainer,AION Group International,Git
JOB_1279,machine-learning,ai_ml,IT Trainer,AION Group International,Figma
JOB_1279,machine-learning,ai_ml,IT Trainer,AION Group International,Cybersecurity
JOB_1279,machine-learning,ai_ml,IT Trainer,AION Group International,Agile/Scrum
JOB_1280,machine-learning,ai_ml,Data Engineer,PT. LOTTE INNOVATE INDONESIA,Python
JOB_1280,machine-learning,ai_ml,Data Engineer,PT. LOTTE INNOVATE INDONESIA,SQL
JOB_1280,machine-learning,ai_ml,Data Engineer,PT. LOTTE INNOVATE INDONESIA,Spark
JOB_1280,machine-learning,ai_ml,Data Engineer,PT. LOTTE INNOVATE INDONESIA,TypeScript
JOB_1280,machine-learning,ai_ml,Data Engineer,PT. LOTTE INNOVATE INDONESIA,AWS
JOB_1280,machine-learning,ai_ml,Data Engineer,PT. LOTTE INNOVATE INDONESIA,GCP
JOB_1280,machine-learning,ai_ml,Data Engineer,PT. LOTTE INNOVATE INDONESIA,Azure
